2,498265 3,723406
-0,050704 8,793228
4,080223 4,938067
6,576343 -0,942224
0,314192 9,253998
5,897524 0,092541
5,252854 -0,290942
2,695808 5,297952
0,145195 9,223651
2,977938 5,462850
2,258459 4,836862
3,192112 3,229751
2,612956 4,205861
1,806095 3,338279
0,080227 8,061586
5,717784 -0,624221
2,320110 3,806357
1,944949 7,990457
2,334126 4,273018
0,597755 8,474522
5,734454 -0,003633
2,579122 5,345131
1,807755 4,070153
6,332611 -0,220996
6,087198 0,450478
1,038214 9,257273
6,331971 1,184090
7,181811 1,057808
4,006160 5,646487
6,274356 1,144524
5,963629 -0,870356
5,290730 0,498323
1,885837 3,069790
2,296319 4,454446
2,516750 4,291249
2,826951 4,491251
3,193865 5,548677
-0,171103 8,379172
6,547175 -0,449112
6,439618 -0,850624
3,245921 3,283531
0,947177 9,924686
5,994199 -1,033479
6,171875 0,499785
1,213041 9,450733
5,449924 1,449010
3,263996 4,180345
2,950535 3,391591
6,108853 0,065144
6,024853 1,266068
2,557272 3,993357
0,554492 8,910521
6,457230 1,232137
0,510736 10,020103
5,932013 0,972386
1,225565 8,544427
6,131089 1,158362
0,966089 9,459826
0,267705 8,515951
2,471610 3,515050
1,742853 4,703857
-0,097914 9,964047
6,028185 -0,842572
2,456540 4,502131
7,117543 -0,024958
0,693647 9,112511
2,959275 4,477244
2,404458 3,536813
0,504864 8,675096
5,880056 0,981624
-0,540585 8,312382
2,546597 3,851599
6,055080 -0,301890
6,397039 1,189966
0,042463 7,992731
0,237935 9,367567
0,093837 8,365060
-0,372584 9,356933
0,543441 8,896641
5,739777 0,047506
1,369374 8,030461
2,786037 4,913337
3,702087 4,408594
7,005240 -0,479829
5,805004 -0,277336
0,265929 8,765043
2,620719 4,047781
7,371093 0,490241
6,837953 0,249452
0,044422 9,852126
0,267409 9,440630
6,391885 0,101067
1,005981 8,940350
0,244168 9,377168
3,933160 3,708719
6,623438 0,944656
7,406188 -0,245080
-0,129240 8,899645
3,034352 3,153934
1,103818 9,459246
5,504567 0,987671
2,378730 4,125546
5,920491 0,656548
3,500601 4,008660
6,568942 0,918449
0,949347 9,227559
1,981187 3,455233
5,958872 -0,429474
7,014258 0,439429
3,655102 4,753853
0,481696 8,951043
3,540505 4,626205
7,007436 0,431007
2,431754 4,617852
6,513094 1,329849
3,434969 4,286815
0,707825 8,698982
2,656667 4,846544
0,913102 9,153950
5,707287 -0,763071
6,253648 -0,744601
6,336880 -1,221349
1,655962 9,178209
5,783278 0,147242
3,522157 4,275285
6,834920 1,013755
0,550727 8,983641
0,381659 8,113220
3,023576 4,836234
1,872212 9,052101
0,747470 8,692516
0,195398 9,037560
6,525775 0,188669
3,826624 5,127177
1,246238 8,805647
0,567771 9,687371
5,389268 0,857105
2,620593 4,743789
1,141482 8,061696
0,685600 8,542588
6,152388 -0,376831
0,314806 9,260327
7,464674 0,039799
0,827137 8,231518
0,277967 9,639326
0,809504 9,532453
-0,273195 9,210015
2,040493 5,093008
1,034419 9,985837
0,606183 8,947299
1,860924 5,133398
6,217773 1,215520
-0,216218 8,781891
1,939298 3,038346
6,500804 -0,736787
2,557528 3,721512
0,540078 9,557756
0,892931 9,529282
3,626791 3,724736
3,974921 5,043192
3,035124 3,156048
7,104498 -0,469485
2,093531 4,263357
2,096606 5,228422
2,334687 3,831819
0,778340 10,416554
2,846056 5,100315
7,477903 0,694196
6,971408 -0,331461
5,746153 -0,429402
0,629151 10,125277
6,678597 0,198287
0,917932 8,848968
6,149607 0,968514
0,030139 8,248456
2,265672 5,592192
6,451533 -1,015910
7,534483 0,020539
7,481236 0,098997
2,621546 3,775801
0,168690 9,088117
2,535765 3,953628
0,348841 8,497173
2,302062 3,884365
2,570056 4,608240
2,479449 3,754561
0,538103 8,820425
1,529018 8,719210
7,323354 0,879118
1,723253 8,361219
5,481019 0,568481
0,981276 9,225693
2,795718 4,401559
3,326461 4,575875
2,433579 4,817093
6,527001 -0,539334
6,474143 -0,192758
6,634516 -0,963025
5,985851 0,002848
0,379922 8,300478
1,076032 8,378627
2,721332 4,195663
3,277947 4,913034
0,268052 8,005626
5,867443 -0,302495
5,849930 0,157703
-0,343396 10,085086
5,369319 0,393026
2,720761 4,023036
3,733364 4,555804
3,645998 4,111363
1,452499 8,147139
6,804162 0,422145
1,465897 8,475179
6,813836 0,956854
2,076384 4,656097
2,787605 4,717463
-0,181573 10,159655
0,343852 9,286056
2,234681 3,798995
1,262812 9,121803
6,473243 0,693770
2,903409 4,329642
2,998418 4,233317
1,792041 4,559322
7,435601 0,753989
3,494288 4,107553
1,465472 3,059961
2,906129 5,011718
0,324366 8,748112
7,356602 -0,248285
6,946543 -0,722053
6,321258 -0,159848
-0,096699 8,374835
1,557669 3,916041
5,401022 0,478694
5,213676 0,691910
0,574014 9,062636
-0,119809 9,946191
5,496513 1,088393
6,363586 0,886942
6,868345 0,208097
0,212409 8,386707
6,640757 0,894492
6,672625 -0,166638
6,336253 0,309248
1,255485 8,725193
0,810025 10,552221
0,761162 10,142079
6,796401 0,110506
1,080816 8,520478
6,680908 0,027055
1,057179 9,414645
6,312996 0,859178
6,208462 -0,021087
-0,444966 8,569620
1,496137 8,617369
5,444345 -0,340616
3,198832 4,416717
0,036829 9,187113
0,995747 9,017803
2,814166 4,634978
2,387388 3,800842
6,346254 1,324527
6,187999 1,060388
5,952355 0,818817
0,388500 9,598612
1,992445 4,164311
3,353093 4,180668
5,273380 -0,002245
2,559806 4,247471
3,138065 4,596113
5,634230 0,612737
-0,047448 9,190634
7,161935 -0,017507
6,058161 1,080897
1,843430 5,457261
2,250282 3,570898
2,099605 3,927671
6,720017 -0,565382
3,088534 3,479890
5,149087 0,474968
2,485252 4,010089
6,299170 0,382749
-0,085200 8,641071
5,405777 0,118842
-0,059789 9,294485
5,907293 -0,611617
1,329236 8,739671
2,451522 3,924833
5,411344 -0,173553
0,589643 8,581515
1,670861 9,474595
0,479440 9,486327
6,757472 0,614994
5,555186 1,599473
2,549416 5,093710
5,382241 -0,361667
3,105500 4,267143
1,072742 8,320758
1,034009 9,963142
6,539261 -0,249132
3,103021 4,554394
6,080116 -0,385361
1,093687 10,547639
6,044765 -0,966008
1,049468 9,153411
0,406956 8,010230
2,347283 4,268301
0,088015 9,372968
3,441204 3,565505
6,965718 0,274520
6,900241 -0,469139
2,232438 3,808912
6,534086 0,104353
2,778032 4,131022
5,178967 -1,001520
1,349290 9,476425
-0,016259 9,195883
1,922478 4,338433
0,836471 8,516971
2,790796 3,909945
1,409500 9,177042
0,756351 9,808175
6,654788 -0,068192
0,692817 8,955650
3,653756 4,553190
1,664060 10,293759
3,537573 5,677238
-0,587113 9,072305
6,946524 0,577779
3,035600 3,437989
6,104349 0,087773
1,125701 9,450079
7,134080 -0,441138
0,654921 9,480685
6,279147 0,244970
7,486536 0,461079
6,954928 -0,574365
3,188547 4,397710
0,626890 10,120922
-0,459104 9,592317
3,893249 4,482392
6,239326 -0,596856
3,060196 4,037874
7,731507 1,581086
3,960472 5,236184
0,662376 9,426685
0,573810 8,248877
6,244198 0,891893
6,317708 -0,131161
2,631945 3,660237
3,090640 3,845937
6,612145 -1,220362
3,131720 4,980741
7,141025 -0,419205
3,570914 4,390941
0,586969 9,417555
6,860375 -0,982154
0,090320 9,550881
3,804472 4,598231
0,070771 9,212117
2,906985 4,743923
1,031528 8,744675
7,118677 -0,791679
5,833440 -0,864961
1,278399 9,051252
1,787521 10,300661
6,320324 0,583898
2,634586 4,578895
3,577673 4,741756
0,316756 8,748161
6,223996 0,402616
7,448688 -0,106668
3,459058 4,945307
6,355333 1,197382
1,424724 9,256736
7,422441 0,227189
2,212501 4,015238
6,797403 -0,316117
3,332609 3,485486
5,972004 1,584139
1,807577 9,190313
1,078763 7,970831
0,360876 10,143099
6,976245 -0,698965
2,777530 3,236017
6,579065 0,557292
6,235158 -0,269756
5,980363 1,415453
6,482838 0,814342
6,887146 0,110797
0,481902 9,865222
3,365402 4,380162
1,905777 4,461010
1,175393 8,863863
0,698872 9,587903
-0,453550 8,034369
0,872695 10,318038
1,664324 9,346963
5,261008 0,238119
6,236058 -0,252654
1,997177 4,842048
-0,424917 9,808835
5,238093 -0,794582
6,150128 -0,765711
7,145246 0,337491
0,679772 9,656226
5,161704 0,032629
0,516304 8,861774
1,694713 4,883106
2,528323 5,026719
3,705039 3,923905
1,829081 4,266225
6,611338 1,094018
-0,048712 8,351938
7,303715 -0,383786
6,279774 0,173686
2,717389 3,870301
3,237494 3,756585
3,414228 3,416053
2,982258 4,634734
7,207052 0,754736
6,472607 -0,453562
3,709031 4,228575
0,573141 8,586230
6,633320 0,946545
2,085406 4,071073
2,310352 3,608238
5,778377 0,005514
0,404543 9,424239
1,253221 9,194841
6,489717 0,504826
-0,121325 9,112159
2,854772 4,339488
2,166456 4,445982
1,337638 8,405972
1,318247 8,624866
1,801828 9,248690
0,606124 8,498733
5,008693 0,194207
3,859463 4,460797
2,573976 4,007107
0,828570 10,175353
1,181404 10,149428
3,154782 3,158981
1,070367 9,368478
1,688546 4,850890
0,467196 10,028118
6,501013 0,459437
1,305613 9,625624
2,990973 3,242794
0,733676 9,018519
6,281501 0,871073
0,922282 8,406246
3,340075 4,480839
5,224944 -0,050564
7,022037 0,060564
1,915592 8,385353
5,978409 0,598310
6,558224 0,352722
2,689044 4,317364
6,420240 -0,475538
3,144338 4,059709
5,828464 -0,022162
6,803256 0,289503
1,023183 9,470206
2,683793 3,930414
0,467740 9,303407
0,739903 8,658691
0,027892 9,172669
-0,043851 8,981923
6,180827 1,195952
7,313929 0,855254
0,372919 9,718332
6,603864 1,193501
-0,616065 9,405159
1,972735 5,026849
5,462197 0,843933
2,786132 4,304772
3,618821 5,182456
2,421715 5,020085
1,631150 9,244557
5,794924 0,693012
3,346942 4,431795
6,885754 0,787266
6,192662 0,611142
7,117726 0,177181
2,627511 5,034289
5,940515 1,259352
0,259875 9,619016
0,757304 9,931480
2,962466 4,962092
2,633638 4,621447
0,456883 9,274164
2,977185 5,108758
2,604114 4,280426
1,053841 8,865956
0,622136 8,153267
0,985943 9,734432
6,506371 -0,241183
1,394598 9,548778
5,847667 -0,693865
5,451874 -0,453192
5,703893 0,168336
-0,676436 9,489952
6,486163 -0,202675
6,014919 0,830515
3,717099 3,940366
6,683798 1,115261
0,172580 9,807150
6,242153 -0,105600
-0,045201 9,026998
0,141943 10,049664
6,728273 -0,318030
6,667033 1,019708
6,915188 -0,735054
3,728104 5,240195
3,451319 4,979910
-0,262114 9,431785
0,988510 9,940687
3,190048 4,845943
7,321222 0,110788
2,783870 4,566621
2,471222 3,658817
6,722646 0,479857
7,300552 0,650753
6,367430 0,014270
6,311145 -0,616420
1,432814 9,412471
6,480445 0,797605
5,323164 0,042907
0,321600 8,980154
4,031912 3,100291
6,406342 0,390561
2,716915 3,614388
0,438538 8,577241
1,254989 9,933051
6,735591 0,633126
5,911418 -0,553262
3,026200 3,554162
1,852970 9,411155
0,794117 8,551103
0,540377 9,051779
6,080157 0,180435
1,606946 3,803960
3,256372 4,409267
5,322343 -0,644752
6,496051 0,152536
2,501362 3,936260
3,355716 3,944727
1,188624 10,003253
6,287639 -0,579032
0,769538 10,363877
6,944418 0,667301
2,878168 3,777629
1,639158 9,296591
2,244323 4,973023
6,526744 -0,594259
1,708863 4,299325
1,182253 10,085708
1,990084 9,442902
-0,463179 10,225293
0,517487 8,955441
6,802912 -0,532710
1,729103 2,954777
5,670666 -0,397710
1,136158 8,146619
0,446799 10,406634
1,612848 4,780751
2,557910 4,427552
5,773928 0,679181
-0,362817 8,533752
6,310131 -0,891984
6,483487 0,474708
0,662892 8,914446
0,544035 8,683877
5,404583 1,080535
3,116251 4,244128
6,086561 0,308821
3,097521 4,613539
1,494208 4,321213
6,416000 0,157164
7,329899 0,898997
5,832640 0,443059
2,708730 5,186048
-0,413126 9,960724
7,281527 -0,788754
3,207045 4,079984
3,000433 5,075299
3,875834 4,537084
7,420241 -0,645320
2,162016 3,965320
-0,226035 9,302811
3,055577 4,352104
5,541213 -0,348586
7,063586 0,357227
5,794495 -0,096681
6,563417 0,404001
2,318747 3,637177
2,932084 3,396051
2,910563 5,290971
2,901861 4,487304
2,769111 5,325593
3,862059 4,504888
7,249562 0,481804
0,173933 8,897483
0,655395 9,520456
4,086558 4,869341
5,638603 0,313261
6,297135 0,038838
2,223402 4,281139
1,110437 8,898694
6,842294 0,418875
0,600468 9,941481
6,424965 -0,535545
0,265526 9,088267
2,303223 4,232332
3,391829 5,499482
1,511941 9,022045
-0,215438 8,401301
1,213266 9,476347
1,155611 9,005420
6,114576 -0,419570
4,084717 3,719914
2,434924 4,267899
1,003473 8,295151
5,779779 -1,096061
1,878514 9,802647
3,462722 5,483265
2,330530 4,509449
6,352805 0,340543
0,348694 8,626070
0,673607 8,497701
1,025692 10,076101
3,286028 5,146120
-0,220905 8,604992
6,407805 -0,126902
0,892290 8,773617
3,388599 4,584174
-0,187955 8,567940
2,423258 4,525137
6,523464 1,538003
1,053017 8,265604
2,253877 3,475486
7,558201 0,531413
6,509541 -0,294591
0,571653 9,682329
3,150558 4,804100
2,091681 4,380367
2,937032 4,279338
0,530013 8,721916
1,052257 8,221289
1,234467 9,449222
0,524960 10,199753
3,026864 4,027448
0,088770 8,670257
6,157807 -0,853381
1,282176 9,561982
6,424556 -0,620634
1,259250 9,430243
-0,101416 9,093562
2,701575 3,599948
3,810102 5,097932
0,261734 8,977602
0,185882 8,052310
3,872890 4,543764
2,860529 3,734196
7,573918 0,071619
0,575996 9,411544
2,387354 3,792254
2,298176 3,569847
1,173108 9,533728
6,217318 0,118123
6,249428 0,435664
0,247772 9,506550
1,820404 4,859824
0,412662 9,209119
0,860630 9,147298
1,816601 8,105220
5,323175 0,804757
6,583991 0,367883
1,556166 10,595870
5,333310 0,559380
0,557622 9,783842
3,849033 3,184309
2,732986 4,592486
6,231937 0,312627
5,680459 -0,538482
1,878027 4,945027
1,409086 9,977460
6,678700 -0,625086
1,109231 8,552226
6,830577 1,021774
2,545286 5,485917
1,247828 9,258447
2,945101 4,333930
1,847642 5,539514
0,741521 8,165519
6,102012 0,163717
2,857610 4,581299
-0,210622 8,842436
7,352896 1,238785
5,557885 -0,183949
3,074488 3,775005
-0,336541 9,370189
3,264318 4,819996
1,792256 8,376717
6,218913 -0,521994
3,130588 4,071863
-0,048972 8,953513
6,048528 0,127767
7,278294 0,389232
6,038374 0,658674
6,353677 0,876376
1,526070 9,038475
0,071170 9,330851
2,464249 4,403480
2,377532 5,392837
2,727959 3,932161
0,636922 9,143055
0,385606 8,026352
0,729499 9,986969
3,433012 4,517370
1,444270 5,261676
3,226368 4,695368
5,392449 -0,723106
1,651241 5,235652
2,582332 4,932755
5,448649 0,185540
2,570609 5,059505
5,990909 -0,792048
2,978093 4,727726
6,947688 0,919139
7,605016 0,014745
0,440980 9,153724
2,222325 3,878033
2,595036 4,810802
1,137148 9,134233
5,725346 0,456636
2,976832 2,961760
3,420232 3,155143
1,006438 9,180620
2,787358 4,355973
-0,131353 8,863756
6,836018 -0,421712
2,071734 4,079332
0,623225 8,790128
6,313325 -0,807186
6,224533 -0,154930
5,560798 1,280759
5,200236 -0,070521
6,431268 0,773318
2,854114 4,283218
2,289305 4,022921
6,475466 -0,348384
0,015163 9,540829
7,450681 -0,487264
3,801638 5,229633
5,837027 1,000509
1,070604 9,338870
2,193592 3,965288
1,258455 8,712880
0,106963 9,064118
2,001914 3,939690
7,477260 -1,077698
2,128947 4,866700
2,045951 5,154315
5,256208 -0,005954
6,950139 0,502715
1,431219 10,199236
-0,273893 9,605965
2,629714 3,774677
6,572262 -0,119939
1,299628 9,263616
0,035119 8,359465
5,648946 0,215334
0,740232 9,500684
6,780491 0,316740
3,700639 4,735972
6,282635 1,024963
6,545787 -0,076769
5,664416 -0,818993
2,766147 4,411394
0,797494 8,467023
-0,271493 9,729923
3,979279 5,100530
5,426468 0,067435
0,023792 8,960737
6,822181 0,286804
0,796047 10,082603
3,922666 3,977603
6,761921 0,211896
2,859808 4,789789
0,421564 8,726108
-0,526315 9,459430
6,790455 -0,913804
6,305063 0,292023
2,701259 4,743876
1,944855 4,161214
3,815175 4,568106
2,793731 4,384157
0,402117 8,429024
0,476148 8,815516
2,676360 3,638003
6,441860 -0,158406
1,135612 9,724960
6,927391 0,332256
1,568890 3,270669
2,716990 4,696159
2,501723 4,484818
6,188675 0,242549
0,848522 9,258606
6,510807 -0,345381
5,819086 -0,153350
1,205828 9,596704
3,499067 4,150895
3,103287 4,234982
2,884428 4,936479
-0,235867 9,819300
0,868668 10,320731
-0,534040 7,863593
5,980100 0,199150
0,281836 8,302657
2,765128 4,287143
6,824172 0,708869
1,803826 8,820281
0,733361 9,548716
1,063498 9,677057
2,788579 4,305395
2,545670 4,138168
2,819875 4,521071
5,937405 -0,038597
6,623884 0,359264
1,000784 9,471220
6,657523 0,036929
7,345778 -0,171541
7,064729 -0,142652
7,222127 1,477425
6,204977 0,106654
6,341212 0,128517
6,196590 0,963242
0,657091 8,000842
0,713400 8,986252
2,977514 4,842457
4,969067 -0,028452
7,389233 1,093609
0,557285 9,297969
2,476542 4,400443
0,563615 9,158062
2,897618 4,157323
6,432063 -0,694034
0,421893 8,190164
5,897471 0,220874
1,530171 9,642017
3,658174 3,986727
1,602081 5,098300
1,286507 10,117032
0,465136 8,559039
6,895569 -0,973782
6,733501 -0,525842
0,016622 10,190061
1,532733 5,249505
5,517367 -0,284900
3,035780 4,221621
3,917158 5,069512
0,772202 10,309426
7,646770 0,409219
0,540927 9,451012
3,417232 3,157353
3,504013 4,349396
1,983797 3,232859
-0,116516 10,345604
2,202594 3,045473
1,486489 10,314187
3,748558 5,056483
-0,354363 8,760681
5,831491 0,643839
5,069921 -0,544079
3,165863 5,159861
4,942062 -0,822235
3,548746 3,437999
3,844277 4,174980
1,166888 8,218211
1,178369 8,537412
6,786772 -0,089609
-0,318388 9,701885
6,551147 0,194223
0,685011 9,806651
5,954521 -0,719704
-0,360323 8,950324
0,716306 9,166685
5,243473 0,591541
1,391759 9,023540
6,304354 -0,695348
2,747425 5,392937
2,413623 3,950990
2,178729 3,740903
1,942088 5,547417
6,813903 -0,383146
6,372656 0,617792
0,899517 9,959166
6,519503 0,421903
0,783982 8,722728
2,834581 3,495186
5,796108 1,567285
6,412911 0,374969
3,007502 4,153310
2,335425 3,590975
-0,726248 10,093209
6,010927 -0,012517
5,658435 1,243657
2,798901 4,462058
6,671067 0,056923
1,753647 3,315112
5,863542 0,671246
-0,309677 9,732883
5,615437 0,186626
5,673175 -0,069513
1,062755 10,175127
0,342846 9,328230
6,876432 0,300974
2,707207 4,001382
0,165704 9,143036
2,387319 3,610463
2,176954 2,964650
3,986731 4,161224
2,482447 3,549081
1,107465 8,884994
0,416942 9,187283
0,645125 9,316236
6,748785 0,142735
5,650925 0,318936
4,099726 4,018786
0,163724 8,388665
1,793730 9,856370
0,340841 10,416532
7,105153 -0,590630
3,593448 3,051695
3,300312 4,654675
1,282599 9,692078
5,116269 0,897485
0,899992 8,385703
5,016096 -0,494069
6,986183 0,154523
3,922457 3,610950
5,929938 0,907929
1,285278 8,996812
7,322627 -0,038686
1,503486 4,146757
2,954359 4,915627
0,942208 8,558859
3,245767 3,798549
0,441373 9,279759
6,194705 0,769446
5,906066 0,780686
1,491209 8,818427
1,458256 10,051881
6,819474 -0,424106
2,835031 3,079366
6,704881 0,290979
2,299967 4,790523
6,817978 -0,007933
1,130965 8,139125
0,104230 9,475466
2,469758 3,904745
0,805137 9,456347
6,594392 -0,287677
1,508457 8,777083
-0,013050 10,058018
2,968472 3,257708
1,569454 4,663700
6,697292 0,128225
5,218317 0,141706
7,233937 0,483787
2,956831 3,532824
6,496775 0,886390
6,237285 1,130408
5,209585 -0,288064
-0,014612 9,047415
3,383348 3,450760
2,347828 5,236347
3,364989 4,215118
6,136169 -0,023821
5,795721 0,029566
3,080020 4,375336
6,681295 -0,930008
2,577891 3,370226
7,564701 0,184621
0,379938 8,827231
0,256718 9,360307
-0,054713 9,624967
6,977485 -0,098467
5,553702 0,548108
7,115150 0,506854
2,732485 4,185028
1,908391 4,729955
1,008558 8,541983
1,701503 8,530046
6,518242 0,876047
1,880938 3,379524
5,449975 -0,760730
2,469033 3,727048
3,770121 4,843425
0,312382 9,005505
2,750959 4,215718
1,674655 10,622823
6,281415 -0,306493
6,695541 -0,461804
0,157443 8,429951
6,277393 0,828070
6,554137 -0,626400
6,377359 0,213793
6,292008 0,662689
2,514922 4,024599
6,399560 0,602634
1,450917 8,813652
3,364123 4,664146
6,303051 -0,298450
2,721114 4,597966
5,182113 0,294359
0,367654 10,000828
1,498936 3,830357
0,579681 9,049813
5,445045 0,379716
6,896089 -0,516406
0,258387 8,813078
1,321300 8,807263
6,273983 0,183203
5,195361 0,513357
1,019289 8,568649
1,697559 10,596336
3,104460 3,415922
1,333966 10,461181
-0,297093 8,761634
0,923587 9,610351
6,642341 -0,169345
2,205949 4,020572
1,841618 4,758002
6,141963 0,798179
3,363606 3,762587
3,183932 4,309791
2,790770 5,094776
0,559710 8,830527
-0,089649 10,521610
2,652189 4,721468
2,676425 3,076581
6,519582 0,541692
0,414146 8,909225
1,510503 9,976020
0,911856 9,431083
7,142522 0,774563
1,009454 9,283611
3,154110 4,138114
0,047407 9,138753
2,461083 4,111466
2,882056 4,855847
0,436439 8,881292
0,936997 9,337120
1,083480 9,464469
0,534569 8,682001
1,723371 9,822648
5,617949 0,465069
-0,412005 9,271917
6,695556 0,368163
0,315443 9,565930
2,754118 4,326854
5,855646 -0,360044
0,673023 9,366145
6,894305 0,057362
1,631751 4,584792
2,780005 2,830898
6,298930 -0,149083
2,512038 4,758461
6,973711 0,413176
6,276810 1,198970
2,858032 4,513469
0,875919 8,146108
5,963568 1,024178
5,400199 -0,643935
7,557475 0,331948
1,647666 4,570830
1,596440 9,242640
0,991832 9,453577
6,477208 0,571411
0,957547 9,845754
2,805305 3,117450
1,280824 9,899367
2,977564 4,492814
1,235399 8,390098
3,749139 3,947125
0,628523 10,581732
0,533238 9,100723
5,741491 -0,589002
2,084479 5,012129
0,665600 8,538367
1,137121 9,092582
2,923024 3,927434
0,307091 8,419572
1,772860 4,000255
0,111330 8,942941
5,327010 0,222954
0,107859 8,898320
0,467186 9,529916
2,765452 3,712289
6,200734 -0,529521
3,549283 4,199548
5,776832 -0,461962
0,267863 9,159657
3,455071 3,250487
1,434642 10,364007
5,976843 -0,893920
1,619215 9,097052
2,838165 4,007840
6,436329 -0,454987
6,031551 -0,975794
2,638964 3,570036
2,429558 5,589262
2,801102 4,322850
0,625368 7,944037
3,509472 4,869691
0,446225 8,751315
2,986593 4,096850
0,349773 10,257838
0,282362 8,098362
4,101660 4,012313
7,131422 0,007107
0,775040 8,716408
-0,224379 8,239020
0,693896 9,618907
6,308213 0,892833
6,098014 -0,766532
0,519739 9,692770
0,732589 8,623748
2,909460 4,621740
2,207949 4,030461
7,064582 0,302596
-0,215248 9,677445
2,291659 3,514823
5,237852 0,492490
2,311618 5,107260
1,707696 3,423254
3,052859 3,989323
0,498793 8,797521
0,837271 10,628162
0,019120 9,191975
3,810367 4,832338
2,654829 5,539641
5,078960 0,162026
2,604772 3,503182
0,342252 9,149653
3,610258 4,361649
6,407294 0,374422
0,703781 9,532929
2,684910 3,189735
-0,524300 9,315256
3,086045 4,327066
2,987341 3,341547
0,645238 9,130878
6,155836 0,273125
0,617358 9,269011
2,525143 3,118014
6,373538 1,043215
5,495744 0,418769
0,992586 8,027795
5,087314 -0,026873
5,870076 0,742944
3,681405 3,620245
2,334074 3,071108
6,250315 -0,847852
6,061040 0,801393
-0,138535 8,656056
3,927732 4,469365
6,549569 0,116001
0,086771 8,279914
-0,099527 8,947189
3,096222 5,107746
2,643857 4,125808
1,251724 7,983438
5,671690 0,902070
1,713357 9,101002
3,077165 4,167782
3,143987 3,850343
3,227498 3,328670
2,344828 4,047223
1,956015 4,898740
6,333706 1,075896
1,376189 9,015324
0,805470 9,288248
1,394426 9,151730
6,979459 0,917217
0,607240 9,225350
0,558785 9,356469
1,693458 9,768872
2,309988 4,115417
1,504887 9,827598
-0,483699 9,069296
5,431098 -0,386697
0,523287 8,912903
6,585643 -0,519115
6,573619 0,279060
0,695613 9,294900
0,343969 8,401963
0,247976 9,120054
3,472348 3,904805
6,540715 0,384296
0,627346 9,654140
6,040009 -0,124427
2,407454 4,563625
1,810892 7,843812
3,271481 2,952483
0,709071 8,925780
6,648544 0,445075
1,475771 9,169494
5,784229 0,475289
2,900994 3,274552
2,552342 4,065097
0,521335 9,918849
1,701961 4,112948
6,010217 -1,052523
6,138156 -0,062021
1,973247 8,468741
0,953578 9,258852
1,302965 9,043737
-0,435424 9,076348
6,868991 0,616485
5,433016 0,150014
7,021965 0,629030
2,528279 4,347350
3,265800 4,752640
6,735431 0,622828
0,738608 10,037625
0,760675 8,404112
2,754092 4,383934
2,519457 4,597946
-0,210216 9,913991
2,608073 4,909269
7,204700 -0,342683
3,448587 4,149741
6,545261 0,922688
6,284248 0,199518
5,606179 -0,394835
3,465674 4,389589
2,464381 4,235076
0,860669 8,649355
6,456111 0,265479
2,860612 3,011355
1,389471 9,522603
6,010499 0,014004
0,537985 8,332581
0,486184 10,198746
2,805882 4,484049
-0,456611 9,491485
-0,288546 9,359793
6,565314 0,808946
1,156845 9,801207
0,482428 9,776590
5,520139 0,759698
5,413433 1,084353
0,512187 8,356174
7,273004 0,396098
-0,384825 8,830029
6,536407 0,182961
0,092179 8,961538
-0,075350 9,134622
0,392559 10,335757
2,201198 4,179043
6,657681 1,412423
0,045422 8,730712
6,100343 0,338893
1,730574 4,236941
-0,181788 9,075445
0,833964 9,816732
0,899426 10,278785
0,439127 8,903545
1,149890 9,726807
6,032494 -0,098044
7,063908 0,999856
1,844288 3,972078
7,062946 0,410031
6,121446 0,178911
7,025829 0,845806
0,658849 9,510652
3,755705 4,247233
0,336823 8,507414
6,159762 0,671849
2,003455 5,013244
-0,174092 8,996886
3,784839 4,902727
0,826862 9,182952
2,276272 5,105797
0,919075 9,948430
-0,050132 10,301155
6,278870 -0,527532
4,089430 4,110473
7,395429 0,866785
6,707669 0,618841
3,257703 4,348160
3,181226 4,876726
2,330224 3,889463
0,702828 8,083252
1,037608 10,353309
3,548059 4,262091
0,846004 8,174674
0,988006 8,802448
1,358638 8,401278
6,136621 0,138822
1,391513 9,493350
0,575254 9,147564
5,056915 0,768818
5,602059 0,520570
2,491075 4,412480
1,418953 10,153088
1,653941 9,623497
0,665334 10,116444
1,947924 3,309900
3,425260 3,205823
5,902924 0,860583
0,625517 9,999570
1,499865 8,551873
5,358508 -0,937772
7,101138 -0,811641
1,094842 8,980554
2,470330 4,530148
6,514445 -0,971415
6,043233 -0,532870
3,524779 5,196591
0,841410 7,879810
1,959416 5,455385
0,919322 9,235771
0,928393 10,379351
3,468808 3,522574
5,778575 0,789057
1,483632 9,686606
0,673100 9,031470
2,683800 4,279161
6,815478 0,932636
4,212404 3,261174
3,208931 3,718288
3,440227 4,578591
6,501695 0,277773
2,590450 4,764363
2,455124 4,063417
3,237286 3,705201
0,792971 10,538533
6,121406 0,176406
-0,522521 9,170878
6,307781 0,378809
0,144138 9,510232
2,044080 3,902740
6,103942 0,215068
5,928505 -1,051016
2,015583 4,360320
6,334951 -0,329668
1,009335 9,540388
1,711451 3,903699
0,644188 8,683470
2,334917 4,937301
2,999355 4,720573
2,263045 4,099605
6,087124 -0,779430
6,953439 0,848090
6,192411 0,466169
2,867124 5,315952
1,865984 4,252438
2,960981 4,573540
1,514453 9,929504
1,943886 3,818220
1,946628 3,485256
0,627163 9,721356
5,482802 -0,719176
0,120651 9,121800
3,915671 4,266783
3,362233 4,208565
2,921888 5,248060
7,077034 0,485010
2,305401 4,111963
7,289810 -0,984075
0,821141 8,706623
3,128681 4,103883
2,323605 4,730970
3,808709 5,127869
5,371902 -0,272541
6,151113 -0,856053
0,152125 9,429931
0,700097 10,080614
2,691307 3,857414
4,217441 3,777732
0,570910 8,882457
2,726207 3,845813
2,176974 3,591800
5,856793 0,635595
2,819609 4,608867
1,366217 9,130769
3,325781 3,693563
2,494964 3,469613
2,333382 4,064262
0,154022 9,750525
5,525244 0,640822
2,564039 4,353768
7,507431 0,791302
2,757347 3,655975
3,314986 4,460240
2,803641 3,460171
6,060593 0,820315
3,542335 4,695544
3,348867 3,864578
0,912176 8,475661
5,335368 -0,168996
7,244783 0,296091
1,686698 8,835994
5,738651 0,534775
1,067158 8,833826
0,053522 8,199497
0,378619 8,338550
0,497727 9,786045
0,830062 8,737952
2,774993 4,281430
5,671264 0,103989
6,058824 0,812118
7,031299 0,087268
6,106158 0,260505
0,142074 8,750967
7,139245 0,363037
0,904925 8,302062
3,087860 4,614419
2,238097 4,311402
1,020615 8,999920
6,854047 -0,852101
5,231843 1,501503
0,787494 10,022128
3,046202 3,827544
2,593908 3,643815
7,434259 -0,080544
0,302068 9,576036
6,176502 -0,003105
2,702548 4,853064
-0,030829 8,656895
3,180538 4,001234
-0,531114 9,754242
3,457054 5,121772
3,659258 3,776328
3,855102 2,976717
2,975314 5,487906
3,131620 3,305176
6,306290 0,212534
0,935992 9,749415
6,318833 0,648081
0,458087 8,385686
0,680350 8,581636
3,648352 3,671714
2,743696 2,890985
0,400450 9,614336
3,049753 4,588327
1,141560 8,868203
6,576427 0,417737
6,214725 0,393519
1,873345 5,148759
3,268484 4,389643
6,946610 -0,300815
2,916068 5,311030
-0,083186 9,376729
2,899580 4,530752
0,561653 9,776146
2,942625 4,107787
3,978859 4,012549
2,379914 4,385618
0,416321 9,193700
3,341609 4,083724
5,704196 -0,108926
2,786472 3,933587
7,128152 -0,663218
0,317260 9,060199
3,751069 5,267693
0,709250 9,799593
0,363458 8,893539
5,866556 1,030304
6,588602 -0,216761
3,801320 4,969712
6,991202 -0,448777
5,850361 1,162670
6,266454 0,348919
6,363751 -0,536210
0,619734 10,270797
7,093436 -0,304532
0,688028 8,198385
5,540847 0,493033
2,686170 4,355279
6,983256 0,117863
6,517645 0,774138
0,927460 10,210563
6,171559 0,451761
-0,537514 9,433309
0,037891 8,682701
3,808350 4,301349
3,295843 4,558304
1,214213 9,433990
3,792121 3,829169
5,183247 -0,215557
5,637818 -0,266365
2,120111 5,149018
6,764541 0,209200
3,471925 4,443302
0,304649 8,999721
2,381360 4,025126
1,940952 4,107538
6,236278 -0,194534
-0,520465 10,362446
6,966558 -0,872460
1,572918 3,517314
2,327870 4,427008
5,887205 -0,827488
6,343785 0,843197
0,661102 9,058217
7,232364 0,376459
6,166825 -0,128706
6,553433 1,134630
6,288798 0,842270
1,394207 8,673065
2,763434 4,704621
2,745526 4,155371
1,909135 4,852249
5,335778 0,443087
-0,046519 10,329267
0,779362 9,707214
0,092038 9,565513
2,287571 4,950666
1,260028 8,263159
2,255471 4,671189
3,007668 4,697211
0,691948 9,361714
5,473292 0,786272
7,253220 0,379009
5,778846 0,422219
1,485880 8,472374
0,070139 8,247061
2,940338 3,985594
6,198408 -0,131359
0,544623 8,548363
6,799783 -0,087018
1,341937 9,009184
0,535264 8,201614
0,599259 9,584160
3,184425 4,376175
7,562830 -0,266005
6,067857 -0,678731
5,216012 0,080528
2,431865 3,339197
6,439761 0,722290
2,293266 5,111542
5,606641 0,403330
2,785197 4,503661
6,433017 -0,172481
-0,232057 9,010544
0,616924 8,304088
7,405490 0,774770
6,753043 0,560581
0,751911 9,078535
3,712632 4,081499
0,797541 9,901208
7,036088 -0,010580
0,712543 8,964277
3,678339 2,896215
6,444534 -0,465275
6,859829 -0,517220
0,538420 8,510567
6,915804 0,436695
2,550685 3,815697
2,687537 4,859282
3,016471 5,325983
5,855248 0,492195
1,146204 8,750938
2,513586 3,629615
-0,416912 9,615254
5,211897 0,950431
6,777178 1,105878
1,286866 8,410297
6,294518 0,358021
3,084962 3,365224
6,089089 0,285300
6,792674 -0,452725
0,772536 9,267638
6,326929 1,231495
1,075463 10,202138
7,114596 0,520054
0,251316 9,459169
2,365829 4,565377
0,281533 8,134372
6,232066 -0,522976
0,956240 8,235801
1,370219 9,314111
2,695062 4,442134
7,565171 -0,249977
1,171306 8,394989
0,534338 8,676210
0,054223 9,374210
7,160846 0,215224
2,542290 4,449824
2,486211 3,498354
0,168350 10,463261
-0,385791 9,830236
2,224640 4,033819
0,658050 8,964578
3,168373 5,390431
1,969084 4,814704
6,430827 0,571430
2,721018 4,488176
-0,289891 7,898602
2,925549 4,180031
-0,610584 8,879985
5,712336 0,730880
2,981679 3,197964
3,488770 4,389134
5,688568 -0,506442
6,075756 -0,009891
7,071683 -0,036095
2,036973 4,328300
7,058719 0,812907
5,868027 0,190726
5,743577 1,213878
1,134015 10,120530
0,029678 9,952822
3,037666 4,324150
7,013949 -0,594796
0,393897 8,074658
1,235416 9,455442
5,341284 0,215291
6,380772 0,910063
6,365354 0,050672
1,448827 9,026800
2,594308 4,528204
-0,021076 9,794398
6,091927 0,833469
7,017457 0,135806
4,894894 -0,361750
1,143526 9,907680
0,488043 9,410037
6,294259 -0,417133
5,976551 -0,147706
7,343224 0,098529
1,935226 5,502821
5,808672 0,785934
2,022023 8,891758
3,625984 4,996989
4,027249 3,020696
5,954471 0,138345
6,359650 -1,065275
1,282926 9,176423
2,710256 5,117752
0,739310 9,594229
3,123088 3,796958
7,183877 0,521533
2,381680 4,849790
2,480676 4,107476
1,237236 8,140057
5,902322 0,513089
3,794694 3,121174
0,178896 8,979021
3,575895 4,090197
2,637641 3,911217
5,616656 0,005019
3,109649 5,123889
3,161374 4,641870
1,427359 9,228888
7,267141 0,934581
6,910251 -0,119408
0,680656 9,976400
7,328735 0,703419
2,337643 3,286163
3,262470 3,942839
-0,520215 8,784193
2,640750 4,188621
2,182341 4,095721
7,464515 -0,138237
-0,142157 9,042244
2,051315 4,358315
6,395292 0,080064
1,345393 8,801183
2,798301 4,355942
7,567545 0,001334
1,310264 7,824671
0,370801 8,933951
1,907391 4,775060
5,861804 1,279402
6,053621 -0,483788
1,825248 8,968262
6,998703 1,032975
0,431109 9,155519
0,344367 9,175565
6,408452 0,471655
3,047275 4,447674
6,674855 0,500409
0,492581 8,844292
-0,080054 9,775055
3,947420 3,771746
5,050279 1,227575
6,179265 0,804193
2,924015 3,740923
0,378003 10,410163
-0,070728 9,739867
-0,232074 8,653995
5,737529 0,387763
2,561837 4,601748
6,304649 0,605166
5,271897 0,624078
5,101638 0,926822
5,198722 1,117077
0,788993 8,666713
3,309997 4,584604
6,664969 -0,083426
-0,219906 9,682444
1,920075 9,553906
6,227592 0,129349
6,124785 -0,202004
0,227305 8,131948
1,629503 9,361306
0,618166 10,096869
3,550686 4,442379
0,479039 9,280430
2,208729 4,308435
6,655455 -1,124702
6,570710 0,680132
5,903130 -0,494009
0,749244 9,477069
3,443490 4,436226
2,912727 4,188128
2,438267 4,768964
0,326494 8,833495
3,612619 3,869777
5,396800 0,806122
6,004253 -0,124529
6,443278 -0,546414
6,451490 0,863447
5,624806 1,292326
1,787352 9,269025
-0,165820 10,154358
2,657295 5,377792
2,636611 4,218804
2,516672 5,001358
6,707692 0,010902
6,142148 -0,146880
0,318840 8,745161
0,882900 10,330897
6,747890 -1,235998
2,630464 4,980250
0,151773 8,388177
5,087155 0,615753
1,070044 9,689445
6,301710 0,295737
0,738423 9,158603
0,831386 8,787090
1,089998 8,928431
1,820959 4,244834
3,533068 3,725619
6,838139 1,294580
-0,653531 10,219563
6,687332 0,261877
0,596203 9,205180
0,979031 9,935920
-0,311463 8,643383
0,561590 8,537829
0,617530 9,533698
7,614026 1,343552
0,893068 8,857482
2,690015 4,445640
0,385837 8,555408
0,451576 9,844500
5,285538 0,192962
6,483856 -0,632737
-0,405647 9,833903
0,815464 10,064318
1,574262 8,092343
1,590109 3,561302
3,097639 4,902230
1,095737 8,692870
2,708312 4,448106
3,062835 3,341994
2,601552 4,663833
6,053567 0,040301
1,240025 8,852477
1,571846 4,569885
0,864833 9,916281
7,556077 0,198414
2,538949 4,240892
2,450186 5,308479
2,370567 4,106269
0,893987 9,093184
5,369513 0,219726
0,721046 8,911065
5,475990 0,442406
1,385508 8,846284
5,647058 -0,657795
5,439033 0,410687
-0,756488 8,918400
6,008326 1,185550
1,075782 9,417451
2,423071 4,044739
6,657860 0,559281
0,775710 8,979065
5,717278 1,424610
7,227157 -0,073653
5,967214 -0,870923
2,198940 3,376326
0,616512 9,665225
5,569400 0,902289
4,151298 4,340689
5,681285 0,329674
3,971429 3,707599
5,831602 -0,241631
6,402803 -0,493886
5,630633 -0,144464
6,370120 -0,667461
0,392409 8,729983
0,157232 7,878635
6,243689 -0,157132
2,816190 4,949241
1,409419 8,215684
6,052702 1,218180
2,504999 4,010772
0,824727 8,513380
3,702252 3,023186
6,786424 -0,223584
3,997035 4,068263
2,813347 3,760097
3,196988 3,516254
3,437165 4,047020
1,964435 3,587607
6,830576 0,040673
3,172499 4,549334
3,012941 5,402752
6,233160 0,536959
6,409785 -0,622522
6,661630 -0,614580
0,509608 8,151548
7,309457 0,995933
7,425814 -0,085781
0,557244 9,741029
5,842874 0,158049
0,572076 8,909488
5,850821 0,205149
2,936363 4,207961
3,121850 4,573354
3,271960 4,320167
1,151017 8,564388
-0,277218 8,772097
6,881640 0,704307
0,652820 9,587621
0,717986 9,048867
1,184423 9,649705
0,801422 9,301323
1,401448 9,082708
7,445438 1,534750
6,034258 -0,039244
1,885942 9,265448
3,324765 4,648859
-0,126312 8,420246
0,463492 8,648280
7,648639 0,073993
6,039880 0,657298
6,178986 0,355621
2,014098 4,188261
2,294294 3,813178
0,831217 9,003217
0,031904 8,207674
3,656157 4,743400
6,231479 0,063215
5,794524 0,049687
3,846864 5,242166
6,011275 0,231373
1,896296 3,399918
0,555261 8,515426
6,890165 -0,273562
1,519777 8,081670
2,483560 4,527209
0,141927 9,323424
3,022088 5,494353
2,303590 5,305040
0,122726 9,050637
-0,154092 9,265713
2,908040 3,773104
0,542512 9,147485
6,355128 0,935901
1,879121 9,604328
4,011006 4,198361
2,207584 4,550257
2,805284 4,370675
-0,623462 9,778164
7,104521 -0,225981
7,015122 0,189861
2,655753 4,037403
0,391430 9,503157
3,702587 4,458984
2,166400 3,061891
4,980942 0,921613
5,820035 0,307616
7,596947 -0,646155
6,801667 0,590248
6,588545 -0,147714
0,295398 9,551845
2,860507 3,473760
5,403742 -0,753354
6,193091 0,100335
3,890368 3,885985
3,031556 4,390251
3,684207 3,441732
6,563593 1,147879
6,689832 0,570128
3,295059 4,228599
0,333129 8,066966
1,081220 8,898789
5,775948 0,708355
4,114563 4,918203
5,862778 0,097848
0,119342 9,276469
7,132978 -0,906307
6,595894 0,467230
5,940097 0,358760
6,671783 0,728001
2,266395 3,994935
7,131607 0,087724
3,672014 4,429305
2,687011 4,003448
7,696947 0,827355
0,868479 9,211891
-0,696762 9,140097
-0,774049 8,116915
0,522755 8,779409
3,404016 4,848434
1,091082 9,050049
0,718710 9,570143
1,654511 4,329123
-0,361852 9,699031
2,693045 4,099965
5,590326 -0,510242
7,404777 0,465079
6,840697 -0,154344
0,481240 10,130151
-0,653225 8,435388
3,042098 3,739996
7,136245 -0,002477
1,391398 9,945488
6,063051 0,255813
0,660749 8,174789
3,755237 4,135723
6,276831 0,668287
0,507649 8,991736
1,874734 4,308829
-0,494238 9,467159
1,192167 8,277244
6,552462 0,095591
3,389293 4,593264
0,014705 8,772450
6,414791 0,361903
1,003308 10,355844
2,795934 3,972538
7,504462 0,839012
1,636902 9,299426
0,151822 8,444885
0,896894 10,131978
1,141917 9,422761
2,177051 4,493052
6,483540 1,220948
2,614782 3,117566
6,418372 -0,906477
6,847702 0,808146
2,815877 4,615298
2,700344 3,953786
7,452760 0,225208
2,075398 4,710384
3,094356 4,527205
5,676889 0,929299
3,222973 5,350326
6,075786 0,155433
2,958105 4,477966
3,666822 3,790425
5,520772 0,591272
-0,531150 9,687740
6,523284 0,146618
1,018780 9,272556
6,570874 0,634840
3,205818 4,733060
0,804500 9,427549
3,073154 5,645840
0,710837 8,670441
2,134747 4,819285
1,814184 4,319947
1,238557 8,300664
2,900509 3,288472
5,386392 -0,375038
-0,476837 8,530809
1,909880 10,131418
3,215718 4,837856
3,952185 4,363935
1,565489 4,462570
2,939434 4,008051
0,140441 8,904822
0,690795 8,807532
7,151373 0,289300
1,127017 9,629540
2,425399 4,549162
7,239001 1,059578
6,398101 0,739987
2,091755 3,615330
3,037105 4,206326
5,812950 0,181293
5,755858 -0,460128
0,729695 9,065664
5,245055 0,717257
0,977828 8,859809
0,590340 8,952409
6,687619 1,228287
0,125619 8,264684
5,390272 -0,097369
2,848806 4,363380
5,718978 0,449290
5,955942 0,417248
3,566739 3,400308
5,735201 -0,089320
6,361683 0,325179
0,741566 9,536189
0,215470 8,307262
5,292367 1,363461
2,632726 4,879884
-0,566283 9,134543
-0,264497 9,606470
6,272318 -0,790148
3,918330 3,292096
6,558673 0,715498
0,953765 8,596086
2,789494 3,816254
6,699591 0,344965
0,072612 9,063275
6,463326 -0,160939
6,539716 0,780549
0,389879 9,758323
0,104068 9,430564
0,574993 9,816251
0,259691 9,735199
2,219353 4,162985
2,332261 4,188743
5,690650 0,069984
-0,523265 8,700401
0,804518 9,239981
1,925770 3,795745
3,482089 5,589312
5,443253 0,468477
7,226986 -0,028214
6,646755 0,122657
1,352911 8,931197
6,167254 -0,275078
0,603869 9,934580
0,619669 8,764806
0,986665 9,195121
1,443122 9,634185
2,717174 2,889352
4,229461 4,899918
6,340669 -0,217752
1,992429 3,948786
1,140249 8,430200
3,309910 4,686081
3,245606 5,401517
6,375337 1,103739
5,490063 -0,270154
0,295832 9,562345
0,758128 8,101049
2,076652 4,421995
1,378093 8,519256
0,236949 8,487765
2,994020 4,204220
7,503017 0,022249
2,949586 4,292362
-0,175227 7,925734
0,471157 9,978034
6,112875 0,180369
0,256685 9,254675
3,030510 3,126112
0,227296 9,972322
3,000488 5,052080
6,580223 0,882615
2,988868 3,403831
6,308497 -0,167721
-0,238911 9,580721
5,535613 -0,604948
2,295323 3,667095
5,741626 0,235304
6,682285 -1,254653
3,221927 3,575590
5,922119 -0,688013
6,433234 0,556001
3,235082 4,294587
1,127138 8,761950
2,998081 3,827732
5,050888 -0,320836
1,640893 4,048037
7,523815 0,269642
-0,039469 9,287726
1,840138 10,353436
-0,001292 9,813921
0,504704 8,779324
6,139045 0,441364
1,185800 9,277012
6,873795 -0,422179
-0,398362 8,724737
0,220007 9,107270
6,092944 0,292111
5,494351 -0,687327
2,685626 3,268000
2,862403 3,232074
0,560048 8,621786
3,517005 3,630973
-0,034084 9,330287
3,326123 4,416115
5,466654 0,737822
0,216156 9,406915
0,763838 8,334030
0,300567 9,363339
3,064023 3,336544
5,114144 -0,035676
1,962100 9,768148
7,025690 1,057236
1,789805 4,158770
2,507786 4,348633
3,330662 4,764591
0,435124 8,777975
5,059559 -0,092509
0,640630 8,290067
6,681044 0,849174
-0,172732 8,974370
6,147522 0,771696
5,700758 0,290999
5,423346 0,607386
3,800416 4,527676
2,427503 3,558434
1,522094 4,725710
3,228907 4,254224
7,341162 -0,830670
7,056467 1,223060
1,043056 9,836001
3,314276 3,469114
0,932579 9,150070
1,715899 9,632396
5,850091 -0,155471
6,072723 0,457462
5,562210 0,261418
0,191744 9,589137
6,366041 -0,036120
0,248836 8,894988
3,389017 4,188307
5,412898 -0,733074
0,183445 9,816064
2,117970 4,940430
6,027682 0,836150
6,229746 0,404725
0,974395 8,854510
0,626507 9,307827
2,418052 5,160545
7,316344 1,427879
3,170741 3,397132
0,098009 9,584468
1,007594 9,166311
2,030392 5,005752
6,033852 -1,034715
6,778142 0,006304
6,631653 0,669131
-0,275959 10,166467
5,726402 -0,042281
0,060189 8,679511
5,858349 -0,307215
6,300524 -1,023600
-0,114607 9,510784
6,312317 0,080473
5,265901 0,752227
2,217314 5,450391
-0,172604 9,136484
4,146654 3,570778
3,052788 3,718550
1,167387 9,447546
7,494503 1,482889
1,924706 4,382158
2,348930 4,076913
3,232713 3,561070
6,253909 1,000047
5,907367 0,991039
1,771239 8,843614
2,216123 3,611078
1,051797 9,018712
2,724600 3,827282
5,672221 0,029354
1,714583 10,347004
2,099212 4,177869
1,023180 8,966940
7,096792 0,969212
6,017538 -0,035287
3,780807 3,541923
3,401793 4,706444
2,381129 3,092309
6,170511 0,219239
6,387341 -0,267260
-0,417676 8,347663
6,020840 -0,816199
1,740144 9,263811
5,447284 0,869601
0,076215 9,147865
1,056062 10,430992
2,458814 4,580053
4,936171 -0,075353
1,543418 4,889547
3,441787 3,744085
-0,410808 9,177023
5,800791 0,996309
2,195050 3,706331
5,910415 -0,620895
0,931231 9,352403
1,322092 9,485674
1,367184 8,048542
6,024456 0,428867
5,501781 0,405224
0,178524 9,194080
3,345441 3,660793
5,312367 -0,894069
3,352524 4,894826
6,656532 0,244975
5,802319 -0,297495
6,702118 0,241117
2,231478 4,744130
7,125458 -0,088545
6,174984 -0,676091
2,579367 4,522768
3,832801 3,527673
6,919210 0,441911
2,351673 3,478487
6,606231 0,529337
2,993352 4,225001
7,088234 1,192044
3,223927 4,157064
2,057123 3,800910
4,947125 -0,911401
6,568884 -0,750733
0,861792 9,721502
3,414010 4,144753
0,585198 9,640688
6,081865 -0,836300
2,684758 4,584194
4,115559 3,097934
6,756191 0,194613
2,729741 3,575975
0,162546 8,888974
5,794004 1,040310
6,262408 -0,227537
-0,153032 9,430170
5,701843 -0,821356
7,215939 1,160053
0,038025 8,985179
2,236856 3,287532
6,009067 -0,724590
1,690416 4,164853
5,734974 1,142901
6,359195 1,285807
-0,117475 9,212078
2,672562 4,321409
1,914302 10,552772
2,890911 4,140266
1,106498 10,204872
5,613388 -0,191810
5,614102 0,295994
5,906802 -0,727186
3,605060 3,061656
0,845516 9,565990
1,166015 9,094264
0,977251 9,556639
3,428725 4,198763
6,506055 0,826415
5,880580 -0,153205
0,348056 9,203265
0,055604 9,095214
0,939145 8,817874
7,175972 0,515874
-0,426573 9,601489
3,839407 3,720200
6,904548 0,224494
3,115322 4,714512
7,303756 -0,916920
0,056016 8,314370
7,596205 -0,243145
-0,490619 8,319338
1,167080 9,675034
1,772204 5,043347
0,637070 9,005553
0,105960 10,166417
5,135200 0,948222
6,719347 0,072329
1,066698 9,604721
0,746717 9,395107
6,338312 1,058695
-0,291973 9,751503
3,210283 4,112122
0,912886 8,080662
2,937045 4,411826
6,982386 1,366609
1,289443 10,319873
2,638247 3,429158
-0,280938 9,877668
-0,104638 8,976199
5,135778 1,387785
1,922160 5,083131
2,794464 3,831063
2,819081 4,757835
6,422281 0,732184
6,017673 -0,799199
0,809939 8,985468
1,268298 8,032787
3,385453 4,489857
5,557184 0,267400
0,331756 9,731401
2,814899 3,884241
-0,250011 9,277839
0,666421 9,500196
5,825984 -0,530302
5,151186 0,898797
6,808029 -0,219915
2,693331 3,858889
3,181065 4,865805
0,678388 9,202106
1,346273 9,242542
6,261935 0,371898
3,538953 3,868896
0,728127 8,623178
2,253671 3,375040
6,590812 0,547330
1,738582 4,309837
2,444731 4,310841
6,460943 0,383531
-0,016277 9,241285
0,224188 9,253034
-0,125087 9,881459
3,334638 4,430651
1,505481 4,111923
2,888925 4,066356
3,370493 3,787544
-0,440367 8,197054
3,360176 3,702993
6,128050 1,161304
7,403157 -0,065686
1,151016 9,844274
5,660443 -0,682408
2,489280 3,105606
6,822596 1,533998
-0,111780 9,507407
1,450616 5,185907
2,036987 3,313091
0,155339 10,305043
2,835995 4,409696
2,859712 3,842516
6,754460 0,643298
6,715733 0,835646
1,860169 9,786452
2,619988 4,754722
6,341884 -0,639764
2,674909 3,949389
5,012651 -0,069525
0,872234 8,472560
6,050083 1,060619
3,135068 3,222764
6,007165 -0,080998
3,043852 3,669466
2,701260 5,495108
1,139092 9,572490
5,595491 1,353049
7,476245 -0,543467
5,453192 1,295196
-0,013605 9,261283
0,549096 7,880469
-0,327065 10,441496
2,543363 5,026417
6,645061 0,242100
3,104762 5,650538
6,383169 1,500060
3,503838 3,543633
7,265230 0,361327
5,505615 0,669165
3,319657 4,824267
5,938290 0,521722
6,789613 -0,544967
0,699938 8,656394
0,018393 9,325345
1,681967 8,535545
2,521730 3,270828
4,163334 4,971638
5,820400 0,201658
0,688865 8,802165
5,649150 -0,667371
2,767774 5,002802
0,673163 8,339456
3,476397 3,265821
1,772735 9,115332
3,840599 4,610426
-0,486286 9,282358
6,197151 0,756489
0,825502 9,351361
3,795253 4,298146
3,543241 3,674269
2,192750 3,962653
3,146229 4,200127
5,420866 0,360743
-0,509553 9,297222
6,307468 0,473024
5,902136 0,075319
2,493026 3,668461
7,473645 0,454253
3,620478 4,233017
2,366663 4,183074
0,665099 10,009715
5,532768 -0,138833
-0,548507 8,527183
3,041801 4,234060
6,959036 0,643192
2,278993 3,673790
2,102168 5,211348
2,005570 5,264405
6,495998 0,051449
0,241551 9,585698
3,021511 4,215121
2,711070 4,232670
3,296450 4,113077
1,724929 9,364496
3,247970 4,473740
5,586094 0,813523
7,106085 -0,425599
5,942302 1,171745
1,772123 4,515149
3,747844 3,478929
5,681344 0,705912
0,531596 9,829746
3,506971 4,132501
0,388833 10,073908
5,184441 0,514652
2,617938 4,288300
2,116887 3,950033
6,532082 1,022270
0,492087 9,511987
2,468297 5,439794
6,836652 -0,220186
5,601225 -0,600612
-0,157509 9,210449
0,124234 9,227604
6,402456 0,445129
0,246489 9,168525
2,442357 5,215687
2,651609 5,723465
2,381376 3,873896
3,113024 5,366806
2,817041 4,365206
0,856212 10,478712
1,899876 3,411268
6,578808 -0,508592
0,751362 10,405952
1,263942 9,763180
6,434163 0,328112
1,940873 9,855057
6,563101 -0,058442
5,852312 1,110815
0,651752 9,295092
6,494676 -0,226642
-0,359665 9,129049
0,813379 10,163587
2,912987 3,940050
1,654630 10,159017
0,574080 8,105993
5,790610 -0,017264
5,279840 -0,381221
1,631305 10,027963
3,443168 3,876090
6,829538 0,139445
6,984050 0,486032
0,084896 8,735696
2,695592 4,494730
0,708218 8,800312
6,599830 -0,689904
1,960461 5,007017
6,101290 0,534077
3,651773 4,220862
0,294674 8,757291
6,155937 0,643391
6,438146 1,293401
6,721025 0,269515
0,652377 8,410355
3,905918 4,426651
-0,664586 10,500913
5,877537 0,081194
-0,151192 9,370657
1,319768 9,469290
0,376803 10,529240
1,709677 4,372726
2,757043 3,729460
6,725592 -0,894081
1,995078 4,473984
5,753837 -0,766862
2,977118 4,961100
6,588780 0,133268
7,488540 -0,355565
6,127992 -0,352430
0,202763 8,298623
6,865595 -0,701689
2,840849 3,117794
1,937870 4,155593
3,820824 4,775639
1,104728 8,953251
6,182127 -0,624735
0,007530 9,454753
1,976383 3,694523
2,620137 4,236841
6,707127 -0,602167
1,198502 8,173872
5,883347 0,614206
1,666506 4,026950
1,163241 8,257077
3,370357 5,098780
3,318112 5,523303
5,393279 1,337608
0,218613 9,737576
7,282606 0,352673
2,278301 3,248797
0,163256 9,392327
1,449076 9,622702
0,709373 8,909903
5,844965 -0,469219
6,013023 -0,086253
1,601345 9,890856
2,778680 4,267985
2,575655 3,705171
2,518203 4,359830
0,995404 10,008339
5,904225 -0,266281
1,223572 8,747938
3,328816 3,216242
1,776257 4,650889
5,643442 -0,192361
6,945620 -0,434978
3,128810 4,885426
3,902396 4,700098
7,021139 -0,078982
0,161101 9,381537
0,613679 9,617998
0,083386 9,118837
0,288245 9,402126
2,875794 4,842687
2,829229 4,447933
0,957689 8,282338
6,121690 0,693699
0,854188 8,539858
7,411035 0,824293
5,819368 -0,031120
5,682081 1,298299
1,315631 9,758287
5,890206 0,497881
1,614518 8,507599
2,767259 3,970276
6,604380 0,069065
1,033988 8,828372
0,760387 8,779254
6,685561 1,045527
0,919806 10,375600
1,936846 3,762591
6,189889 -1,021207
0,234209 7,983831
3,079048 3,315527
6,068615 -0,580650
3,466519 4,823815
6,405246 0,268885
3,024054 3,969960
6,616078 -0,235356
7,197856 -0,003323
1,737046 9,537430
6,196116 0,244331
0,453139 9,937179
6,615926 0,087764
2,813242 4,407860
3,215385 4,230063
0,665069 9,105007
2,348384 4,474687
2,910349 4,846489
0,683544 9,490524
6,981085 0,913934
5,741932 1,047587
1,258159 9,916745
2,991693 3,398224
7,014235 0,885845
6,364126 -0,500013
6,703809 0,061316
0,262606 10,133066
-0,005253 8,943763
6,064782 0,537376
-0,199923 8,193817
3,099867 4,486242
6,280449 0,671833
3,244110 4,015220
3,193550 4,577231
5,454375 0,076371
5,664978 -0,020294
5,662081 -0,699706
7,541808 0,837044
1,235866 8,573464
1,036681 8,534314
7,348217 -0,280959
3,248015 3,188907
6,013765 -0,066724
0,847899 9,224236
3,390048 4,158653
2,527407 3,513301
5,199941 0,970976
5,784545 -0,099372
0,008148 9,220760
6,396853 1,045394
0,689393 8,459878
0,560943 8,892223
3,647716 3,168195
0,850892 8,696514
2,992781 5,542107
6,263298 0,368089
3,749601 5,005286
3,334964 3,670535
6,303809 1,233149
-0,161469 9,585551
6,489555 0,208998
-0,764503 8,222358
1,220579 8,403769
5,793080 0,743261
6,611425 -0,757000
7,388733 -0,219977
0,730876 9,250118
4,248115 4,270826
6,586309 0,516404
0,765430 8,458798
2,745673 4,983425
0,288306 9,821105
-0,002502 9,741751
0,482379 9,213651
2,981863 4,342792
6,776599 0,736926
-0,125777 9,132085
2,043683 3,988417
1,687273 8,667820
1,529607 7,958525
1,631276 9,185136
3,399637 4,362713
3,327479 4,881833
7,781802 0,676805
0,829155 9,148541
2,334760 3,876290
4,018361 3,266058
0,245614 9,634842
3,882036 4,362607
6,120771 -1,089372
7,536224 -0,188023
3,510810 4,400176
0,466026 10,346106
1,038740 9,868292
-0,543003 10,023948
6,566947 0,621525
2,162424 5,044869
-0,019546 9,505488
0,623264 9,399919
2,209034 4,759971
0,407235 8,580519
1,758660 9,402200
6,538282 -0,613851
1,573568 10,511156
0,896928 9,143177
7,670371 0,386568
6,568947 0,942924
5,903419 0,536193
6,081970 0,158721
3,009512 3,904369
-0,398156 9,640578
2,011087 3,165806
0,446616 9,182777
3,596275 4,586493
3,683582 3,329759
0,900881 8,235916
1,061764 8,677952
1,291826 9,356186
7,422256 0,965106
3,850582 4,415290
2,746606 3,543497
0,385042 8,746444
-0,283002 9,514107
5,179977 0,917427
3,333162 4,431156
-0,258439 8,961746
7,168052 1,158288
2,605520 3,995913
0,078254 8,803333
0,138153 8,269363
2,007430 3,655964
0,651913 9,962400
3,784933 3,650010
7,381732 -0,273580
3,017874 4,241404
2,777588 4,255705
0,298196 9,355140
1,934420 3,596791
6,226224 -0,444969
2,428314 3,016811
3,204070 4,262220
-0,531442 8,738621
3,499972 3,700614
0,872321 8,947280
5,761117 0,263174
2,850846 4,811184
-0,266027 8,632823
6,616341 0,132843
2,786851 4,960491
1,787762 9,864941
6,851758 0,742686
5,405746 0,809786
2,914078 4,453483
0,289671 9,909330
6,307102 0,664625
5,793544 0,087727
3,046322 4,949637
2,850313 5,040408
1,850898 3,718266
0,848389 9,836083
2,398511 4,244769
1,474106 9,404830
6,843690 -0,986698
0,909060 8,586157
2,324677 4,416503
-0,215433 8,257289
2,404787 3,368490
3,955940 3,099267
7,439838 0,701506
1,036837 9,581522
0,170788 8,867769
0,583804 9,150131
1,877588 3,595399
2,464145 5,232333
0,651817 8,875079
2,581497 4,653443
2,944046 4,310683
1,861523 4,769007
0,967417 9,568569
1,586170 8,865324
7,066787 -0,682644
0,050267 9,384247
6,066524 1,396684
2,409984 4,099794
3,271041 4,183865
-0,626825 9,136946
3,053193 3,841647
-0,449842 10,021847
5,834335 1,048758
2,979222 3,957548
-0,067430 10,386312
3,650714 4,219872
3,227733 4,338038
1,874156 4,780669
3,259113 4,169519
2,891945 3,412531
1,975321 4,857697
3,218331 5,124655
3,056728 3,806867
6,510217 -0,753827
2,699538 5,438547
3,383896 4,231516
0,862952 8,691535
6,245121 0,487861
3,299051 4,129254
1,946999 8,777857
5,880721 0,558780
3,105996 3,874657
2,686254 4,520343
0,708975 9,034977
0,805731 10,054945
6,300127 -0,026650
6,198567 0,852291
0,264560 7,966493
1,325022 10,587081
5,867247 0,315068
6,797522 0,927793
3,816236 5,102460
6,477399 1,287651
3,246687 3,637324
0,705653 8,619445
1,016158 9,247617
0,182648 8,745472
0,616859 8,194409
5,710740 0,285446
5,995297 -0,343417
1,190360 8,207017
1,842154 3,766153
1,938773 3,654104
5,982842 -0,575859
1,553712 3,731459
3,684564 3,116715
3,300643 4,078298
7,410575 1,255736
2,856962 4,542422
-0,064649 9,678888
0,367709 9,699737
3,821481 4,733762
0,085314 8,939114
5,869047 -0,709637
0,481293 9,352258
-0,342231 9,297408
6,598095 0,929981
1,360352 9,712677
1,610508 9,990045
2,537803 4,619625
1,128570 9,423254
2,528040 3,700282
0,884534 9,076825
6,621646 0,446751
2,849699 4,172705
3,445775 5,152605
0,150977 8,653153
6,384194 -0,413168
3,169501 4,406142
3,842164 4,046405
0,455869 9,274446
5,929775 0,435279
6,347966 0,366690
3,107224 4,111157
6,195008 0,420527
2,282605 3,596670
5,761965 0,987462
2,462520 3,881359
2,781683 3,473758
6,054170 0,922124
0,721259 9,746210
6,602173 1,038501
3,250422 5,505234
1,908097 3,428266
2,179555 4,719645
5,687884 -0,058774
6,626928 0,104469
1,660737 4,435870
0,611674 8,566014
6,426221 -0,823079
2,577697 4,278010
2,775479 5,083275
0,152444 7,971074
5,656678 -0,933269
3,590451 5,531838
0,747343 9,972910
2,605630 3,093471
0,955952 10,189324
1,258557 9,330344
0,088406 9,957997
7,420770 0,141066
1,545042 4,343786
1,486971 9,069282
6,175736 0,266521
0,489574 9,366460
1,415754 9,503850
0,346077 8,917974
5,850433 -0,214959
3,255590 4,679850
5,723266 0,136979
5,615565 0,636467
2,897438 3,954633
3,272765 5,231308
0,606350 10,049258
3,207925 4,556420
0,706547 8,084014
2,149542 3,922504
1,650818 8,892693
0,714948 8,658223
5,070230 0,368523
2,266177 5,236288
5,979117 1,053228
0,440678 10,044858
6,368333 -0,771738
3,126788 2,877723
3,270594 4,020611
6,167902 -0,648055
1,727430 3,881947
3,249093 4,913085
-0,085128 9,221142
3,039737 4,410260
3,978775 3,241307
3,480042 4,051488
3,491945 4,258375
6,740112 0,403829
6,040580 0,017629
7,287247 0,311818
1,186698 8,855519
1,184583 10,598661
6,104940 0,223330
4,160171 4,415964
2,983812 5,251776
2,489541 5,602856
6,801645 0,114384
6,986864 0,136071
3,307900 4,384149
2,750993 4,823147
2,807980 5,444818
3,198591 5,085759
6,056557 -0,149869
1,723155 3,354924
0,794408 8,292319
1,444106 10,247126
0,850913 9,967958
4,933275 0,539030
1,778114 8,872119
2,526638 3,810919
2,395223 3,124422
3,033766 3,949170
2,275889 4,034623
1,444229 9,098020
0,261879 8,796454
3,729642 3,930452
2,358058 4,255313
1,503805 8,763146
-0,180244 8,968267
0,607774 8,949466
3,206582 3,985800
0,530086 8,808350
6,486631 -1,179034
0,651514 9,158340
6,820872 1,205954
1,840455 4,321944
5,787893 1,104668
1,554097 9,393389
1,275212 8,434512
2,729194 4,479475
7,147974 -0,060247
1,436757 4,466209
6,738904 0,659562
-0,178655 8,723546
6,690855 -0,572909
7,152734 0,771697
0,430909 9,050367
6,893356 0,750134
7,380817 -1,014857
2,880411 4,342324
3,088472 4,407939
6,064247 -0,292284
6,186813 -0,283046
-0,301394 9,619692
1,938667 4,306031
3,255414 3,199745
0,813845 8,426576
5,813882 0,283221
2,182002 4,139044
2,522199 3,723147
7,198652 -0,249290
1,094231 9,667028
6,512523 0,313308
3,010573 3,224508
1,841246 8,862256
1,354318 9,298407
2,633510 3,488697
2,008079 9,196200
6,077492 0,983622
-0,046922 9,848859
0,083186 9,313229
1,091096 8,420301
4,901699 0,846973
-0,642172 8,513213
5,991926 0,627720
6,036750 -0,013803
1,147817 8,490810
3,329231 3,683441
2,472103 5,297403
2,060088 3,915862
2,832800 3,645904
7,329762 0,617859
6,331692 -0,092987
7,228889 -0,698076
2,400899 5,056712
6,575141 0,399694
1,016633 9,168033
-0,127447 8,865489
6,002044 0,468941
0,048419 10,015984
0,156918 8,827116
5,029012 -0,421768
6,227867 -0,124566
6,480106 -0,359147
-0,278802 8,761559
0,780720 9,341565
0,846909 8,705602
6,705396 0,279464
0,678624 10,025046
5,478032 0,978381
3,593501 3,916715
3,273816 4,385839
1,719934 4,838840
7,074572 0,328720
0,466249 9,376415
5,258174 0,399462
-0,075934 8,926188
3,632539 5,200902
3,516771 4,211807
3,598578 4,511446
-0,506015 9,317030
3,391822 4,937151
0,364327 8,865884
0,816294 7,914178
3,037322 5,004924
0,711774 8,015369
2,692081 3,285018
3,311604 3,438847
6,078792 0,205156
3,376121 3,463710
6,431738 -0,020042
5,957482 0,319137
5,717120 0,201726
1,581761 3,588297
0,007172 8,316267
0,401492 9,104477
1,968051 5,431245
4,811482 0,562185
0,213996 9,552925
6,131183 0,328283
1,602838 4,039144
0,798568 9,039277
2,971104 4,682674
6,541571 -0,659943
3,528502 5,360440
1,409126 8,173156
1,339449 8,473688
0,274231 8,762231
5,806537 -0,468090
5,489864 0,522495
5,621933 0,878955
6,696691 0,531774
6,021707 0,834312
2,648305 3,322767
2,279064 4,733369
5,473218 0,529204
0,228547 8,977226
3,435383 3,525806
5,244508 1,151996
6,028457 0,663322
6,315471 -0,810100
7,461958 0,741569
2,561262 4,108236
0,609845 9,694726
4,944430 0,374716
3,657106 4,182857
1,272806 9,799520
0,342972 9,377581
3,056224 3,307089
1,748752 8,256409
0,537199 9,591252
2,630291 4,626260
2,417956 3,808884
6,105791 0,973038
6,992060 0,048182
3,394857 4,648703
7,351492 0,492390
1,427292 9,638799
6,874308 0,625009
1,015243 9,292590
2,318785 4,266397
6,083609 1,078233
6,145283 -0,113390
7,138276 0,213002
2,505321 4,150331
5,960227 0,269283
6,124107 -0,820098
5,837454 0,316475
6,697315 0,291564
6,534952 0,237228
1,283022 9,126640
3,476447 4,583032
-0,111030 8,635930
1,712280 4,648066
6,768332 0,002970
2,125648 4,262077
2,887117 4,155680
0,634649 8,501166
-0,256328 9,520771
0,862192 9,148949
1,945286 4,704453
1,944567 4,230451
2,980844 3,878634
3,108877 3,674954
5,508576 0,303759
5,343791 -0,431657
5,581078 -0,496494
-0,482710 9,285685
6,520053 -0,898248
0,888269 9,815399
1,835114 4,656461
-0,211971 9,269773
5,809937 1,122551
3,746873 5,195802
7,210945 -0,865091
5,303775 0,377145
1,511151 10,331262
-0,078712 8,913216
6,346081 0,489549
7,528168 0,860667
3,689986 4,614281
0,460786 9,512483
2,726538 4,317214
5,833097 -0,496092
3,551600 3,656579
0,870520 10,193495
6,143657 0,426893
0,663713 9,659896
5,962489 -0,526553
0,651124 9,094141
3,407692 3,331960
1,096477 9,633368
0,189181 9,553252
2,716651 5,572089
2,786996 4,600105
1,140016 9,210348
3,477989 3,971985
3,032543 4,888097
0,836109 9,929695
1,248871 8,827547
0,926903 9,448293
-0,014855 8,856659
2,730517 5,232750
3,093583 4,942947
0,488511 8,750994
6,324604 -0,515545
6,637756 0,326346
2,662132 4,004397
3,864568 4,138081
-0,672242 9,507300
0,105875 9,873590
0,216189 9,310139
6,321614 -0,410394
2,434397 3,255746
7,052914 0,307792
3,489225 4,955002
0,700548 8,428820
1,044854 9,263897
0,094032 9,231051
0,672942 9,132360
1,582257 4,656404
4,094557 4,272913
0,276314 10,128865
1,131041 8,731486
6,558122 1,100584
0,592965 8,812060
0,545686 9,899669
0,279892 8,053202
1,000248 9,515264
1,111332 8,909988
6,009317 -0,122533
2,467792 5,021149
6,383822 0,141017
5,875953 0,637665
3,898674 5,121144
2,650608 4,497625
1,820743 3,932634
0,440865 10,277536
0,028991 8,997200
6,494728 -0,130799
5,711840 -0,688179
3,302125 3,062919
5,807091 1,246714
2,657915 3,244222
1,799590 3,723368
2,705508 3,593219
1,753983 4,620401
6,870251 -0,412021
0,332600 9,244422
2,189507 4,151861
-0,186416 10,040916
6,106491 0,988794
5,904633 -0,150908
0,754324 9,567809
0,494123 8,101399
-0,499736 10,111217
1,249930 9,214797
2,716978 4,919111
1,083092 9,522696
-0,117610 9,254215
6,410347 0,469050
2,209863 4,059223
5,485136 0,484664
6,143492 0,389765
2,388561 4,093212
6,845100 -0,285300
0,799904 9,281389
0,475736 9,138338
1,078812 9,248353
2,236761 3,404505
7,335395 -0,615313
1,268240 9,651266
3,166801 3,907972
0,805444 8,937871
6,920112 1,114030
2,790176 3,654350
7,169443 -0,574058
1,806349 9,471369
5,868140 -0,633809
6,548132 0,395657
3,911448 3,780368
6,507243 -0,415867
1,311958 9,783496
1,894752 9,079299
5,092225 1,050843
2,193926 3,957094
1,677973 8,540718
0,539211 9,135422
-0,025436 9,126238
0,089040 9,270454
2,425816 4,470147
6,756033 -1,020923
-0,130657 8,354649
3,012021 3,494268
1,936191 9,313499
5,904745 0,092732
2,006617 4,435206
1,096591 9,399256
6,017327 -0,875116
0,865536 9,461607
0,799242 8,269242
2,575346 3,827176
6,917259 -0,091121
7,055000 0,082484
1,651754 9,223781
0,384844 9,517203
6,536085 -0,356695
2,740016 3,986306
6,726874 0,416840
7,092690 0,306765
7,362836 0,103531
3,401136 4,991980
6,995808 1,126784
2,601220 4,856304
6,770786 -0,199934
1,349952 9,528102
-0,492211 9,565886
2,829194 4,381544
6,872382 0,625752
3,175666 4,183831
5,472552 0,183497
0,632778 9,451397
1,639616 8,382627
6,569462 0,241529
6,922646 0,206499
1,571800 9,180256
6,576254 1,049525
6,346081 -0,817605
2,360772 5,299082
5,554224 0,035172
5,750196 -0,656547
3,123862 4,522567
0,978191 9,492415
0,322979 9,645096
7,666109 0,178468
3,402777 3,221065
6,408098 -0,221372
7,112412 -0,902601
6,155196 -0,421025
3,356420 3,873652
6,478308 -0,571542
2,749944 3,954587
0,561558 9,635208
6,866261 -0,707292
3,121556 4,910422
2,928599 4,877235
0,671877 9,984977
0,799791 7,764636
5,164804 0,610746
2,841699 4,581132
0,040747 9,878002
0,300504 10,051408
3,353604 4,763918
2,295413 4,223967
1,683481 9,095772
1,207217 9,635350
0,522285 8,302171
7,357964 -0,006950
1,703173 3,391170
0,625823 8,140802
7,054352 0,863084
0,008856 9,387455
0,630690 10,167166
0,167536 8,158369
1,355827 9,271841
1,366250 9,123446
6,113772 0,709581
1,952210 3,040359
3,176927 5,401079
5,049125 -0,493644
0,844443 9,332358
-0,691562 7,855175
6,315951 0,850236
2,172248 3,544171
1,768507 4,200615
0,202577 8,913606
0,510938 10,469210
1,905494 4,824074
0,666263 9,291922
6,822278 1,216241
1,055117 9,528329
2,586714 4,141008
6,734450 0,250586
0,326721 9,883486
-0,715822 9,503370
5,888756 -0,537647
1,723887 4,684626
6,089146 0,797897
2,239486 5,016224
0,978349 8,875525
5,813577 0,284982
0,497817 8,460277
6,244402 -0,215621
3,520174 3,804671
0,565128 8,437611
2,874124 4,486764
0,848020 9,128935
2,983191 4,502083
7,011208 0,671878
0,267455 9,071210
6,891356 0,948629
6,132293 0,005730
6,317490 0,260778
0,526982 9,412724
2,606847 4,909004
6,956762 0,179579
0,678982 9,867056
6,708668 0,423246
0,467777 10,167677
0,118737 10,398940
3,021711 4,897169
6,915924 0,385258
0,144236 9,061253
5,627874 0,114063
6,468137 0,510839
0,523589 9,933374
6,051600 0,527476
1,649482 9,358192
2,504116 4,317299
0,565753 9,148386
-0,446087 9,398879
2,359746 3,761866
6,110900 -0,464551
2,443095 3,728968
6,638698 -0,203138
2,537471 3,928299
5,820276 -1,229427
2,665076 4,227344
3,057105 4,421230
0,080527 9,368931
-0,456681 9,339951
6,486933 -0,627600
3,721593 4,691258
3,471856 4,288363
3,058201 4,415938
3,720452 3,161154
2,859779 5,436915
-0,645156 9,263576
6,841818 0,485361
-0,296390 9,515891
6,994294 -0,339532
6,079110 -0,015389
2,023919 5,141990
6,915161 -0,736075
6,419806 0,845575
6,009082 0,096269
6,091846 -0,853899
3,523277 3,609547
5,360768 -0,235997
2,954266 4,197426
5,371406 -0,157034
0,467706 9,523810
2,325713 4,424791
0,175432 8,688019
1,124565 10,304115
6,522467 0,458002
3,799712 3,480874
2,961234 5,166320
0,676774 10,253142
0,255595 8,727230
3,415624 4,036436
2,702908 3,895873
6,024863 0,968584
7,027705 -0,316909
3,959887 4,629062
2,295609 3,603893
6,096449 -0,418551
1,982530 3,646109
1,531900 9,267764
6,137641 0,422038
6,073867 -0,476235
6,320946 1,018588
0,069377 9,290131
0,637041 9,138753
6,205634 1,030348
6,441566 0,941520
2,534966 3,049507
-0,405664 10,136387
5,451464 0,742658
2,887419 4,571423
0,923947 9,699536
0,826637 8,184027
-0,114340 8,986189
2,411398 4,673254
7,604847 1,014717
0,474039 8,349866
0,517982 9,468935
5,420475 0,289843
3,361031 4,267818
5,764265 -0,460650
6,010220 0,455897
5,317903 -0,949451
7,671040 1,409446
3,873256 4,153599
2,204069 4,053823
6,195764 0,207094
0,996454 9,999505
6,730805 0,267790
6,394259 -0,280088
2,598999 4,270839
-0,020981 9,886822
0,288778 9,342327
1,928874 8,824745
2,325998 3,544213
2,509419 5,226712
7,039769 0,717698
1,308763 8,309297
-0,659930 8,638721
2,734530 3,801957
2,246709 4,238506
5,358133 0,204354
4,916768 1,132398
7,016422 -0,029772
1,005227 9,245195
5,779539 0,559567
5,166211 -0,180047
3,130762 4,604391
2,258258 3,879591
0,053993 9,391768
2,980227 5,007440
6,824117 0,543722
5,919694 -0,690770
3,029519 3,804435
6,882519 1,179334
0,347378 9,610438
6,163307 0,230405
5,912219 -0,844405
5,965919 0,043988
2,385723 5,031041
1,454523 10,375469
-0,401425 9,538754
0,545381 9,224390
0,872579 10,417344
6,425934 -0,570871
2,169412 3,303031
7,375137 -0,173561
-0,373926 8,394432
3,167565 3,595378
5,581059 0,415862
3,014161 3,762611
5,449243 0,809982
0,743273 9,195874
1,054465 7,976750
0,321834 8,436703
0,788214 8,396611
0,237888 7,947209
1,866541 8,654872
0,266373 9,665738
0,295261 8,563373
3,221127 4,505772
2,143851 4,286096
6,697671 -0,091970
3,938859 4,703884
1,744679 4,931003
2,764876 4,234412
5,993066 -0,668880
1,223684 8,857744
5,296547 0,026399
5,609659 -0,390658
0,175502 8,377971
-0,094992 10,156115
6,467113 -0,432523
6,523637 0,319574
5,937363 -0,523418
1,119421 8,803658
5,358786 -0,148099
0,628396 8,114133
0,706379 8,692211
1,090938 8,872880
2,677742 3,957116
0,493384 9,506307
1,848195 10,087562
6,348230 -0,575831
0,217509 9,826128
6,395725 0,692302
6,891634 0,608201
7,470227 1,293921
2,708066 4,971729
0,535304 9,847648
6,495963 0,202200
3,890891 4,862180
-0,023600 9,895655
1,748289 10,297668
1,528073 5,047361
6,203311 -0,385678
1,959402 4,504067
0,160758 8,406828
0,788315 9,722486
1,276686 8,923904
0,980497 9,775947
-0,047177 9,758733
1,301585 8,411908
6,489238 1,011960
0,933456 9,509952
3,964454 3,350860
-0,089705 8,128056
-0,022764 10,290903
1,635561 9,294015
2,574624 5,648411
2,082463 3,937080
1,143240 9,809064
1,693334 3,256445
2,806711 4,200182
6,960259 -0,490953
5,705318 0,068808
0,000004 9,232707
1,900138 4,747436
2,324693 3,684794
0,507172 8,245678
6,206026 0,131304
1,584954 9,338816
-0,516150 9,598580
2,228396 4,811141
5,844959 0,738159
5,728017 1,454095
6,745169 -0,024157
6,479601 1,072523
1,000512 9,881090
-0,863973 8,515247
5,427296 -0,237641
1,944760 4,475803
3,316480 4,512741
2,559262 4,692093
-0,287947 8,813907
7,449058 0,455267
6,474062 -0,523253
3,267906 3,735719
0,392342 9,067828
2,970446 4,994888
2,748096 4,619335
1,968713 5,139933
2,203048 4,884197
7,568523 -0,388439
6,115112 0,228801
1,710525 9,794838
3,603624 3,173834
0,516486 9,937344
5,952248 0,149787
5,760547 -0,563751
1,544105 3,703779
0,690088 9,467183
0,709672 8,970612
0,409719 8,624166
6,786896 -0,696581
3,462908 4,953787
5,788033 0,636322
1,596593 9,664174
2,036612 5,247673
6,053317 0,588306
2,370436 4,252570
1,805323 3,798020
3,151742 3,286976
2,930242 4,036427
3,337926 4,987071
3,087742 5,149696
0,754309 9,354329
3,210959 4,327073
2,505655 3,750498
2,704979 3,847015
1,592047 9,505771
3,155063 4,396647
6,206444 0,096263
0,325866 9,352205
6,158020 0,456967
2,133499 3,920998
0,001398 9,749228
7,207179 0,240567
0,157155 8,406698
3,818223 4,631574
6,794849 0,688667
2,701834 4,088620
1,528908 7,843822
6,934596 -0,857131
1,859630 3,852842
5,186734 -0,578419
6,812350 -0,126441
1,006541 9,142523
-0,061807 10,441513
6,192583 0,069049
3,004834 4,736359
2,847419 4,751868
6,143067 -0,788493
6,855586 -0,281606
1,322125 9,965729
6,214116 -0,014678
6,427516 0,901673
2,409006 3,945953
0,191486 9,557978
5,606288 0,772663
6,298041 -0,162189
3,423927 4,029828
0,146473 9,119217
6,138567 0,666520
0,321244 10,230561
2,526701 4,667488
3,665590 5,165907
0,153363 9,421744
2,633791 4,375483
7,045136 0,018657
1,157686 9,292766
-0,016246 9,223205
0,450400 9,452114
2,711417 4,307721
6,070883 -0,664077
2,163256 4,117763
4,000572 4,648342
0,368427 8,484068
6,261309 -0,433042
0,840770 8,919715
7,389353 0,502298
5,888839 0,433271
3,223475 4,414617
2,545753 3,296849
1,160466 9,527886
5,298434 0,937524
5,129460 1,396893
1,479444 8,770371
6,013936 -0,171025
0,546772 8,913103
3,808417 2,937229
-0,092735 9,939488
5,948200 0,385606
1,183099 8,630761
1,903358 5,130644
5,950267 -0,197429
0,826968 9,220826
0,151673 9,765049
0,545233 9,780822
5,172515 0,282073
5,683493 0,412188
1,574114 8,202539
1,618695 10,431910
2,122815 5,185456
0,429911 10,249359
2,533577 4,678192
1,073714 9,109627
6,375293 0,433469
-0,002069 9,020298
6,108070 0,195379
6,588000 -0,149066
0,373103 8,758425
5,960406 0,773600
2,826272 3,594453
7,135292 0,118642
0,038387 9,776394
0,612706 8,950771
4,145815 3,688327
2,889604 3,846719
5,804975 -0,638762
6,427271 0,514743
6,840688 0,147312
6,890566 0,831795
6,745891 0,165289
0,353634 8,765980
1,917085 4,433915
-0,006970 8,728511
1,775075 4,052720
3,262708 3,929675
3,741717 4,057096
6,872509 0,541109
6,799946 0,797217
2,913642 5,107426
5,362884 0,374616
1,958707 9,260816
1,175483 8,720822
0,855391 8,838262
1,954507 9,351485
7,107187 0,930936
2,053041 4,698524
6,627791 0,734646
2,808297 4,516360
5,950806 0,412722
6,946196 -0,912554
2,906929 3,641999
5,191716 0,144901
0,201748 9,301293
2,360749 3,745440
5,643899 -0,370260
0,495233 9,514534
2,866205 4,403862
2,548296 3,944509
6,179962 0,345575
1,981668 10,150049
-0,181585 8,201972
6,070600 -0,273125
2,071469 4,214896
3,588203 4,091710
1,470855 9,406676
5,543134 -0,145225
1,511753 9,570344
0,434780 8,802220
1,083442 10,232291
5,195176 1,070378
7,169335 -0,261768
6,843910 0,651859
0,634039 9,235142
1,761227 9,873316
0,119964 8,409921
1,046490 9,356204
0,452204 8,787874
5,415185 0,094406
3,594936 4,692024
0,117544 9,210101
0,821124 9,752665
6,551630 0,222067
2,593740 3,200903
2,283887 3,488113
3,155630 3,398029
2,703759 2,993258
5,981299 0,662822
2,711757 4,619064
5,825479 1,094472
3,532375 4,515425
0,859211 7,961569
2,523706 4,667941
7,056479 -0,239075
3,478605 5,251995
0,087021 9,439859
5,196705 -0,508681
2,169943 4,090067
5,122897 -0,051688
6,312364 -0,402694
6,196532 0,307397
0,446462 10,398947
3,930318 5,110994
7,153251 -0,401135
2,539907 4,048652
6,619947 0,766667
3,502676 3,939635
5,491667 -0,843485
-0,411813 9,163449
5,815880 0,445667
5,892993 -0,847841
6,539185 0,527881
1,032557 8,944470
2,380852 4,158533
0,624206 9,556028
2,698389 4,066315
6,169098 -0,535665
2,583295 3,892178
1,012854 8,823666
-0,126938 10,354921
0,160671 9,409181
6,376940 0,129864
-0,126317 8,201652
3,105642 4,268236
2,965032 4,250193
5,610087 -0,181843
3,034006 4,017555
0,811832 9,393299
3,552545 3,207444
6,054601 -0,578798
2,591077 4,940051
2,716311 4,222005
5,573788 0,785951
1,171130 9,578444
6,117800 -0,828069
-0,130324 8,932557
0,649725 9,786222
5,619099 -0,279780
3,000470 3,954333
2,140375 3,050598
0,676387 9,218424
6,236576 -0,867763
5,769972 -0,355486
3,329925 4,247484
6,714941 -0,303460
6,290624 -1,048520
1,142646 9,336876
3,138931 4,669049
6,476932 -0,427421
7,076270 0,237383
0,545043 10,240891
2,673178 4,495890
2,887785 4,567113
6,944574 0,075620
3,872954 5,599635
1,442664 4,634860
3,271323 3,431385
0,275850 10,453277
1,429378 9,088153
2,740713 4,206471
6,674441 0,257850
6,755522 1,099802
2,537440 4,815725
2,869048 3,289928
3,144444 4,384676
-0,299275 9,240801
-0,580667 9,733118
6,694078 0,936588
2,609728 5,311325
5,830918 0,327506
1,960809 8,476529
5,495751 0,137732
0,748985 10,121058
1,000129 9,508585
6,927578 -0,611709
1,230608 9,357741
3,171898 5,153721
1,276484 9,338620
6,090960 -0,423420
0,821807 8,835594
0,707388 8,667866
6,844999 0,793635
5,632651 -0,115122
0,717251 9,153239
0,892642 9,904690
3,033370 5,258737
3,865261 5,312830
3,438598 3,970409
0,373053 8,205288
0,080425 8,512286
2,908755 4,622729
3,020568 3,245194
0,048199 9,973565
6,657662 0,806683
0,356881 10,196054
3,552219 4,968686
1,878666 4,300966
0,250232 9,279575
6,789615 -0,127566
7,351474 0,083819
1,957741 10,181321
3,765153 4,566298
6,284157 0,105522
2,600216 5,389934
-0,506989 9,518928
6,907409 0,862768
1,143776 9,893832
6,091941 0,743120
1,021953 9,652920
2,595412 4,709579
5,710628 0,283034
5,346993 0,616594
5,427065 0,193377
6,276564 0,695605
1,955737 3,833135
3,036166 3,892000
6,240902 -0,391917
2,411929 3,860801
-0,203656 8,812347
0,634954 8,873042
3,664904 4,262235
0,477650 9,498684
6,460446 0,138479
0,941685 8,772932
2,694377 3,067177
6,297588 0,680487
5,193174 -0,634061
0,795579 9,247604
3,429010 3,443987
-0,051052 8,536127
1,295405 8,866955
3,381980 3,347636
0,308484 9,254682
2,687678 3,594606
5,067861 -0,384987
3,348954 5,066287
0,894535 10,148521
6,812040 -0,498813
2,397018 5,381594
3,174463 4,129714
2,665042 5,059918
0,192675 10,360127
0,936684 8,966497
2,010566 3,964167
-0,298772 9,285687
3,125276 4,413368
2,864788 3,536236
0,440641 9,375925
1,934490 4,833430
2,351484 4,577319
1,266880 9,176042
3,138212 3,750686
2,595118 4,122675
3,121110 3,991811
4,179886 4,589233
0,510975 9,845374
6,368661 -0,056490
1,575277 9,770998
5,468004 0,047533
3,231434 3,522878
1,338388 9,706827
5,886919 0,491023
1,776654 8,464469
7,279858 -0,979313
-0,136537 10,001797
0,868613 9,518967
3,093111 3,882116
1,223446 9,237410
0,336335 8,042870
2,069792 3,472184
-0,235768 10,200722
6,468414 0,098369
0,796147 8,964015
6,873068 -0,001267
2,468374 4,128711
6,651867 0,604742
0,810925 10,024182
6,534535 0,096765
2,532606 3,829240
1,815208 8,306479
3,810220 4,019597
0,149769 8,693317
6,041088 -0,473481
3,107931 5,571668
2,607453 5,269197
5,266664 0,746511
3,594590 4,632436
6,264366 0,504404
1,577782 9,535587
6,037925 0,073942
5,568802 0,833429
2,784104 4,248565
0,613774 9,922303
1,888391 3,745998
3,097117 3,617104
6,102763 -0,702201
0,255826 8,895336
5,651638 -0,605909
6,432479 -0,080524
2,826060 4,375604
3,929023 4,432708
1,001723 9,037533
0,839206 10,362934
7,157122 0,139431
2,274486 4,057859
2,429342 4,807348
2,394745 3,572453
5,895515 -0,169427
5,595176 0,918731
3,703583 5,311402
2,488958 5,652848
2,635728 4,430173
2,320012 4,128579
1,517878 9,322792
6,578456 0,506316
1,009529 8,697862
1,450942 8,838364
-0,398842 8,623505
4,891601 1,409956
7,581555 0,562090
1,057900 9,995270
0,566133 9,291280
3,610544 3,961232
0,691183 8,526330
7,148911 -0,145659
2,402761 4,175460
-0,085595 7,981722
6,923296 0,601343
6,618828 0,524456
3,127505 3,538363
6,761336 0,260346
1,007790 8,730871
2,784938 3,694072
1,663001 4,322614
5,852833 -0,118766
3,172973 4,205273
2,074022 5,139637
2,988245 5,504316
2,225450 4,416288
0,523288 9,321780
6,453075 -0,376116
3,381153 4,644125
3,024976 4,520296
0,249052 9,839346
7,418609 0,722556
1,979942 3,918934
-0,328915 9,583710
0,114090 9,603530
1,069993 9,332381
2,238424 3,601389
3,068236 4,390040
1,854708 9,140841
2,696408 4,213527
1,092354 9,916664
1,518359 8,910128
6,056653 0,266570
1,114976 9,078614
-0,341461 8,146173
3,829912 5,315205
2,566893 4,646293
2,892189 3,681836
-0,644982 10,077848
6,177013 0,285856
5,294765 1,079455
1,580480 4,649727
0,164348 8,512400
3,328210 4,668206
1,516983 8,151416
0,649039 9,799797
2,627280 4,363830
1,891079 3,611870
6,143377 0,171409
1,072125 9,315976
0,838472 9,847293
6,532174 -0,130820
6,311759 -0,897820
6,889664 -0,183714
0,229209 9,109254
1,238372 9,467823
3,478988 3,968800
3,009114 4,681196
2,501717 3,302806
0,249997 8,941103
1,438465 8,667577
1,804236 4,478494
0,731136 9,808179
2,368069 3,815919
0,446877 9,917004
6,720296 0,306278
6,769695 0,352080
7,585705 0,818117
1,886797 9,158187
0,791263 8,428305
3,144827 4,617193
5,405279 0,543379
6,799621 0,992221
0,712067 9,409376
2,708091 3,661583
5,774600 -0,016546
5,116066 -0,540056
-0,473485 8,802252
-0,109225 9,122332
2,719569 4,519709
3,259882 5,083464
6,954957 -0,362209
2,947345 4,473204
0,316955 9,050824
6,926118 0,682374
6,051912 -0,676990
2,815954 3,153679
3,279031 5,472553
3,529451 4,714978
2,577013 3,986383
0,958369 9,641895
3,053105 3,099738
-0,019626 9,754943
0,686296 8,132061
3,007336 3,847246
3,856214 4,377532
2,385049 3,788372
-0,254402 9,512707
6,348883 0,114884
3,136818 4,984092
7,117981 0,619732
2,948376 3,822855
3,263833 4,144484
0,831427 9,256709
2,204179 5,309060
6,111798 0,471764
5,826322 0,131367
3,957038 4,152925
0,178497 8,565472
1,506342 8,777423
6,389824 -0,503427
2,862174 4,525809
2,049272 3,488743
-0,265036 9,368275
7,368589 0,961697
0,677915 8,126865
0,366637 9,442477
6,920672 0,490686
2,963168 3,796904
0,370553 9,421700
1,202632 10,009434
2,317026 4,509591
-0,387734 9,668369
0,260796 9,122747
6,358702 0,806921
2,980571 4,003758
7,052505 1,057371
5,442278 -0,262186
5,590729 -0,259828
2,857828 4,092037
6,555752 0,365499
2,198601 4,525568
3,296010 4,137952
-0,119601 8,800904
3,250945 5,051923
6,978209 0,952096
2,802723 3,991269
5,338696 0,202190
1,197168 10,206991
6,303874 -0,466462
2,860028 4,215038
6,816437 0,424683
0,966682 9,172708
6,104374 0,227686
3,204611 4,495635
1,549695 5,275074
0,145631 9,201299
0,085381 10,474425
2,397360 4,251068
6,621597 1,435452
2,912382 3,818380
0,599576 8,465494
6,882441 -0,442848
5,996632 -0,572515
5,953796 0,746734
6,590908 0,557807
2,831512 4,340182
0,880578 9,170786
0,983536 10,336741
1,973602 5,040669
0,183679 10,213546
6,215370 -0,260958
-0,058831 9,780843
3,038347 3,582604
1,003518 9,057491
7,155438 0,694205
1,415781 9,198990
-0,141745 9,593509
0,701022 8,888731
1,700194 4,018360
2,267633 3,209772
2,523513 4,860047
3,594728 4,000848
3,595327 4,734022
3,644337 4,264574
2,792961 4,413012
7,252460 0,111841
6,868049 -0,450861
0,471165 9,811313
2,972562 3,150401
-0,141919 9,053182
0,984694 9,356956
0,296368 9,267437
2,326111 3,153135
0,787338 9,636855
1,173915 10,248061
0,440622 8,482907
2,619028 4,566566
3,467755 4,084264
2,786271 4,329273
3,113353 4,047833
1,972913 4,646083
1,706456 3,990926
2,341306 3,852339
5,527410 0,474216
1,962420 3,678725
1,768502 9,319467
1,322213 9,629026
-0,161755 9,897489
2,549332 3,750440
5,723824 -0,689563
1,916914 3,878846
0,026371 9,894836
1,963459 4,776645
5,815822 1,422774
1,554081 8,916143
0,216047 9,509929
5,929387 0,709607
6,579445 0,657450
3,108901 4,932970
1,206567 9,242612
5,969339 -0,669751
0,696330 9,555052
5,897340 0,036202
2,167951 5,311617
0,851916 10,090809
2,581547 4,810186
1,483536 8,809917
5,353239 -0,294176
2,896093 3,591675
0,189062 8,135303
3,183493 3,559906
0,638824 8,907971
7,208501 -0,249955
7,083644 -0,219236
5,816825 0,922555
5,981186 0,468867
2,892086 5,114457
5,779347 0,378805
0,107256 9,661605
-0,253850 8,319973
2,171378 4,316529
3,133090 4,557335
6,136767 1,171253
2,420121 3,795834
5,838599 0,412728
2,513918 4,568673
3,357301 4,771036
-0,396660 9,053313
3,926793 5,054874
5,825763 1,078126
6,822686 0,550273
-0,200095 9,392751
6,848035 -0,274116
6,695716 -0,543367
2,345838 4,707770
1,124193 8,841611
2,554363 5,178920
0,759237 9,523025
2,306566 3,606633
0,532463 9,917309
3,748124 4,187632
0,567456 9,054206
5,338362 -0,104938
-0,146893 8,623015
1,479219 8,747553
1,771769 9,390643
7,089035 0,583044
0,114970 9,108759
3,005281 3,847489
1,609957 8,926711
-0,518061 9,190343
0,643643 10,133796
2,693908 4,411467
0,984047 9,244850
5,485008 0,338796
3,701198 3,852828
3,612741 4,400144
0,966763 8,763280
2,959335 4,985057
3,562942 4,874751
2,430146 3,195078
0,319775 9,497809
0,372671 9,529568
0,072918 8,797455
2,610384 3,305268
2,380827 5,310885
0,241204 9,093014
7,176817 1,218687
5,445857 0,182652
2,463128 4,634449
6,384963 0,269829
-0,606862 9,141084
6,501116 1,018684
1,272218 8,560161
5,974945 0,879385
1,310319 9,535105
6,750944 0,234620
6,990276 -0,622321
1,431631 8,576187
0,296330 8,891708
6,857600 0,439781
5,222594 -0,145339
1,790025 9,023793
-0,516207 8,451906
6,235589 0,774449
6,707118 0,215530
2,376909 4,776925
2,912637 4,176860
6,131408 0,098124
0,492718 8,531492
3,577424 4,239853
5,539132 0,205313
0,483121 8,656226
0,283654 9,721323
3,584287 4,233422
5,582703 -0,405378
-0,003073 9,095432
6,014831 0,144239
6,040252 1,022742
5,486241 -0,487506
6,621960 1,216479
3,189552 4,146734
0,774744 10,275759
1,533121 9,860538
4,250460 3,570105
1,473631 9,935568
5,629121 -0,308838
3,005105 4,577211
6,177897 0,241577
-0,361924 9,422167
0,395063 8,421774
1,229219 9,423406
6,689050 -0,801346
6,049966 -0,052543
1,288418 9,565314
5,732457 0,051531
2,768855 3,498961
7,332658 -0,501153
4,035692 3,260949
0,719403 10,266960
3,111002 3,695871
2,808891 4,388987
5,149274 0,524483
6,584580 0,339999
5,702414 -0,292675
7,510412 0,211543
2,140563 3,680993
2,032457 3,600988
6,571112 0,066510
7,140670 -0,225512
-0,306556 9,547906
2,822652 3,744486
3,248815 4,422456
2,400245 3,229012
2,052204 4,134715
6,364217 -0,338670
0,803472 9,330158
5,917144 0,310988
2,480027 4,147763
3,700195 4,360605
5,538228 -0,276254
0,704015 9,437072
0,734162 9,717323
6,802406 0,528907
5,097409 1,181973
5,933935 0,290955
2,349349 4,000858
3,969360 4,375431
0,669868 9,069614
3,063752 4,787771
1,106484 9,331164
5,649659 -0,394156
1,092462 8,354705
0,295559 7,976825
0,156414 8,638561
0,296153 9,359400
6,093048 -0,091224
7,030998 0,008532
0,726323 8,154102
6,838025 0,950744
2,808003 4,663181
2,133244 4,048501
2,929988 3,734339
7,463166 -0,464332
3,954556 3,164755
-0,031398 9,979677
3,170913 4,827613
6,332838 1,130179
0,561568 8,134962
5,351556 0,251512
-0,148735 9,803877
2,624931 3,875509
6,103578 1,546951
2,707545 3,959902
0,369016 9,301639
0,912515 8,774198
1,681444 3,991354
0,423346 8,734192
2,914179 5,333914
0,754682 9,614132
6,481411 0,082052
6,533144 0,997406
2,160444 5,269888
5,744126 -0,085628
3,131870 4,002895
0,263020 9,826700
1,160267 8,483148
2,307002 4,234029
6,930367 -0,445150
0,308697 8,783581
3,432533 3,120074
7,116620 0,220999
3,328760 4,937272
7,233401 0,064160
2,503850 4,252359
2,652621 4,996143
6,363809 -0,100820
3,865913 3,805031
6,161329 -0,958743
1,091618 8,959235
5,560657 0,746555
5,753514 1,136067
6,296200 -0,563835
6,052511 -0,716487
0,514277 9,416855
2,890689 4,477215
1,259810 9,851561
2,622714 3,200766
3,598139 5,304380
6,295696 0,908107
3,144412 4,161011
4,111330 3,878386
1,832329 3,640070
6,152043 -0,682556
5,366338 -0,760745
6,410826 1,396780
6,805258 1,302891
3,433258 5,138159
6,458558 0,134887
6,683368 1,137508
2,175881 5,338386
2,507181 3,854787
2,997935 4,709842
1,979149 4,371509
6,167583 -0,823946
-0,727259 9,833163
2,473620 3,919820
6,323154 0,158316
6,806982 0,567377
3,211204 4,931129
7,109355 0,105996
7,329363 0,901438
6,613970 0,092706
0,297361 8,549005
0,785155 8,554634
5,881745 1,507064
3,138128 5,025804
6,109488 -0,369570
6,254849 -0,353166
7,133814 0,426936
2,429474 5,046262
0,760936 10,054397
7,151688 0,697904
6,860214 0,078676
2,490612 4,721364
2,290425 3,232225
6,614920 0,179033
3,281554 4,386174
0,952584 8,508605
0,246027 8,256791
0,229456 8,682505
0,424094 9,229077
6,080545 -0,443455
3,615037 3,844778
2,179123 5,273461
5,054098 0,176470
2,240746 5,256921
5,800810 0,304709
3,409752 3,255312
6,516726 -0,560897
7,239929 -0,361447
1,486728 3,488565
6,147313 -0,814507
7,385741 -0,617829
3,807562 3,194628
0,451244 9,648646
6,126232 -0,410896
0,262742 8,407218
6,717044 1,107530
-0,365305 9,520982
1,846402 9,590210
0,263032 9,571413
3,135192 4,387943
6,869107 0,167952
6,628010 0,103987
0,855100 9,241901
6,735007 0,569471
2,531105 4,152850
5,864495 -0,052136
5,112812 -0,502546
7,142447 1,001133
6,645245 0,251493
-0,313643 9,013220
1,843979 4,126838
1,008527 9,602032
1,498198 7,856625
3,067517 3,166673
6,569555 1,197873
3,034842 3,889817
6,403171 1,511153
2,877200 5,135940
0,248671 8,715562
6,989403 -0,494948
3,027463 4,498257
0,696550 9,570546
0,982626 9,105061
0,902677 9,532644
-0,093520 10,392577
5,905780 0,698494
1,918380 9,263909
-0,533291 9,302643
0,652461 10,113267
4,117233 4,729740
0,011756 8,565729
7,008328 0,530187
0,613110 9,455382
0,054345 8,987255
3,232338 4,246262
5,335254 -0,619311
0,588556 9,898988
6,225746 -0,656165
7,059164 0,358914
3,035710 4,300305
0,575670 9,247914
0,425000 9,782003
6,418127 -0,638797
-0,704437 9,042072
2,129828 4,282152
0,010544 8,720201
5,594007 0,422510
1,906083 9,295056
1,422821 8,703964
1,362466 8,160191
6,265433 1,078080
6,336479 1,461748
6,496645 0,109074
7,003845 -0,170734
5,961167 0,748370
2,889397 4,566459
3,202192 3,083173
1,088490 9,375885
2,825687 4,033324
2,675328 4,149922
0,270692 9,299452
0,023071 8,558381
3,266351 4,475723
6,623661 -0,261842
5,124806 0,305132
6,372725 -0,725606
3,472559 5,436759
6,888116 -0,838844
6,030005 0,966460
0,904031 10,437513
3,240958 3,476159
5,996215 -0,298192
1,219848 9,358066
3,050788 4,106040
3,713089 5,265168
3,355686 4,860448
2,961599 3,250097
2,943268 4,830172
2,519123 3,685907
2,370679 3,800257
6,895934 -0,237207
2,310888 3,986154
2,182976 5,126041
0,869376 9,819033
6,520116 1,187437
0,354723 9,227772
6,192491 1,039692
0,679928 9,150225
3,567420 4,917506
3,346794 4,073145
1,623144 9,521528
6,191545 -0,729234
6,435054 0,996274
0,491948 8,463932
3,245236 4,664819
2,565401 4,889467
5,362452 -0,581444
3,281723 3,952858
1,400185 4,524862
-0,078762 8,595403
2,271733 4,256023
7,653410 0,568360
3,022549 4,300671
1,784787 10,399752
1,315336 10,366813
1,816205 4,191279
3,756553 2,986119
2,932663 4,243417
6,169191 1,299602
0,969238 8,927176
-0,485422 8,268345
0,739517 10,112367
3,026756 3,470421
6,544158 -0,891579
0,143496 9,350641
-0,034351 9,516147
0,643259 10,007317
5,920102 0,471053
2,138074 3,293268
2,900280 3,417694
1,498882 10,436237
0,268336 10,125707
2,383336 3,307097
0,743919 8,521488
5,933048 -0,910070
2,410092 3,856656
6,627422 0,762125
3,357149 4,315778
2,123360 3,845868
2,786041 4,259908
1,534188 9,206049
0,064539 9,104392
0,716009 9,871630
-0,384872 10,600403
1,630517 4,840670
1,964542 5,123754
6,826020 0,949449
6,561585 -0,193250
6,492960 -0,251353
0,810371 9,896727
-0,057429 10,418669
-0,759275 8,967150
6,335332 -0,650049
6,223470 -0,417600
1,886449 4,164486
0,277817 9,250207
3,697458 3,221118
2,783786 5,340572
6,347729 -0,180583
6,758261 0,646018
6,417006 0,196370
3,007490 3,169636
4,234211 4,210153
3,331669 4,698656
1,545415 8,598886
1,846340 9,866484
2,292833 4,175504
2,293462 5,063063
2,063556 3,349735
3,577448 4,855937
0,122959 8,521832
6,111985 -0,528733
1,631693 8,420830
0,262965 8,982881
5,825026 -0,445512
2,875918 4,228840
6,499875 -0,882326
-0,385573 9,577493
0,496339 9,328347
2,353056 4,208698
2,359030 4,611603
0,091609 10,467781
0,569434 9,160932
0,647298 8,833763
6,361803 0,050536
6,139448 0,518737
2,592851 4,582286
-0,632172 10,045301
6,480472 -0,144916
1,338876 10,224642
3,498655 4,448801
0,739837 8,453757
6,019879 0,807124
6,130791 0,680457
-0,064428 9,636753
1,342944 9,672801
7,464347 0,254014
6,660650 0,450626
2,359573 5,059967
6,988264 0,899587
0,323258 8,836569
5,866748 0,197513
6,402586 -0,898997
2,985504 4,127732
3,419686 4,353088
5,439707 0,342167
2,615624 4,265799
2,567965 3,311000
0,323776 9,120114
5,881008 0,843296
1,799942 9,998589
1,413704 8,408072
6,405235 0,599686
3,705324 4,337701
6,478029 0,450822
-0,110471 10,076453
0,753104 8,762563
2,923513 4,342594
1,405874 9,460506
5,573104 0,022444
7,050442 0,773199
1,515221 4,383362
2,314125 4,641195
0,607000 9,480629
1,514569 9,294372
2,683922 3,739916
0,919093 9,188266
7,257689 -0,571652
-0,150605 8,221810
7,130816 0,308416
-0,248500 9,442229
2,216873 4,159378
1,822380 3,999151
5,293032 0,997384
4,079253 3,995229
0,515199 7,831417
0,573625 9,169539
-0,168727 9,913109
1,009152 8,209363
6,796132 -0,255341
0,993489 8,996729
6,629644 0,844646
6,240863 0,176826
6,823166 0,218646
0,946345 9,526347
1,182380 10,286648
2,738229 4,036079
6,533774 1,026103
5,518256 -0,798348
0,653233 9,263335
1,663639 5,434334
0,569822 8,460051
5,965684 0,985396
3,203637 4,574987
2,830291 4,705092
2,680226 4,087571
1,035636 9,085516
1,784446 4,045510
6,535760 0,174481
2,257584 4,022640
2,420676 3,886139
6,800264 0,323788
1,600414 5,058005
5,343974 0,938571
0,780819 9,716934
-0,158658 9,447922
0,099748 9,749390
1,119403 9,722519
0,485627 8,440622
2,649661 3,869912
0,588341 7,890907
7,037785 0,278967
0,915255 8,474256
-0,281816 9,226174
6,568935 -0,382761
6,680456 0,455894
6,663917 0,944324
6,482629 0,706679
0,378982 9,450256
1,547637 8,311980
5,698468 1,387425
2,290549 4,239941
2,306028 5,231247
-0,575876 8,774982
1,299235 8,731689
0,118620 9,010021
2,684960 3,833195
7,150427 -0,534684
2,305644 5,284465
6,378238 0,406867
2,665718 4,008129
0,700213 9,441088
1,787139 9,493015
6,469896 -0,622768
-0,009075 9,568234
0,896570 9,667615
2,275986 4,435779
1,163854 10,158864
1,102800 8,878863
0,447285 8,834413
6,810064 1,090994
3,901101 3,775352
2,838966 4,044588
6,738123 0,749528
6,007244 0,407301
-0,595087 9,911617
6,054067 -0,343138
5,610782 -0,287819
5,410890 1,129092
6,248480 -1,065941
2,598251 3,824726
1,828992 4,355185
-0,164749 8,445123
1,220695 8,432857
0,503691 8,095449
2,470779 3,997173
2,396096 4,826416
1,347402 8,857920
6,037371 1,007975
1,147510 8,551419
2,844298 4,052766
5,586858 0,466653
7,264777 -0,504158
-0,008157 9,101298
7,256734 0,449134
3,438234 3,107928
6,191168 1,040770
3,448002 4,183226
0,612915 9,727610
2,463064 4,287910
6,273349 0,593149
0,865633 10,023105
7,149048 0,010146
2,067730 5,211770
3,103420 5,321694
2,092543 4,217612
0,178917 9,439156
5,679536 -0,440949
0,027104 9,772147
5,787177 1,332822
6,842579 0,489983
5,755811 -0,531994
0,814623 10,081176
0,241735 8,530678
6,201625 0,330158
-0,263627 8,678342
3,119047 5,430073
5,766554 0,127697
6,693874 -0,267948
6,204070 -0,699811
1,148825 9,646120
2,866113 4,772707
3,793937 4,767827
2,308404 4,627751
2,975154 3,746243
2,292390 5,231711
0,470478 9,627359
3,453106 4,701727
0,159292 10,059332
0,661686 8,598792
6,492845 0,503802
3,177525 4,790142
0,226680 9,015380
6,170314 -0,238723
-0,449814 9,175028
0,259371 8,898592
0,499230 9,914912
2,859223 4,606153
6,449878 0,585825
0,010136 9,664387
5,897346 1,155489
-0,570675 8,230886
1,537784 9,520919
1,836264 9,680326
0,925985 8,798041
-0,132264 8,567406
-0,238716 9,144144
0,896436 9,222707
6,818449 0,779332
6,709467 -0,355251
6,321359 0,151543
6,134074 0,001422
1,021667 8,387314
1,723450 9,107107
0,532965 9,450540
5,464504 0,611853
0,167879 8,366797
0,932376 9,174531
5,904038 0,771590
2,954111 4,543336
1,085803 9,328941
0,155098 8,843598
3,138991 3,452704
6,972137 0,111203
0,497163 7,762708
1,036961 8,816018
4,002811 5,037646
1,628318 3,683479
-0,352396 9,883692
5,438552 0,382889
6,547302 -1,074122
4,038929 5,081546
5,903277 -0,602761
0,309228 8,321404
6,081142 0,363672
3,780469 4,926723
2,739215 5,399904
-0,045895 9,748449
-0,659690 9,336165
5,659298 0,749241
0,693969 9,503732
0,647145 9,331340
6,368811 1,255015
0,397119 9,873643
3,982106 5,164694
-0,010740 8,666076
-0,248275 10,172451
1,784402 10,334665
0,702320 9,012007
4,057626 4,241175
1,557544 5,100282
2,926153 3,937083
6,414511 0,262226
2,617925 3,925904
-0,306694 8,667819
5,377086 0,177025
3,009327 4,122932
0,628808 9,601078
2,192512 4,563472
1,149617 9,100701
3,105533 4,338833
6,730871 0,745315
-0,200149 9,274250
0,695528 9,146249
6,450348 0,037711
3,094141 4,606425
1,091492 9,321072
-0,386328 8,482479
0,569033 9,084895
1,238733 8,126281
3,266487 4,453851
3,285741 4,223356
5,482718 0,851184
0,803986 9,515644
3,367074 4,376729
0,799066 9,506585
3,795281 4,160372
2,397615 3,726542
3,639625 4,247463
2,066430 4,578140
0,241735 8,761664
0,672228 9,262579
0,395681 9,054194
3,715931 2,924555
3,219753 3,736871
3,022861 4,518192
3,978516 3,642136
3,525625 3,882953
2,538075 4,150437
3,327757 5,132345
5,126352 -0,445504
7,571564 0,430261
2,908293 3,792685
0,886648 9,875721
0,959788 9,034500
7,105096 -0,573939
5,875198 1,101137
5,904529 1,011700
3,715906 4,144309
1,806184 3,694879
3,038240 5,293599
0,712804 8,556974
7,256931 0,155594
5,361013 -0,102489
6,009114 0,536156
6,934451 -0,477336
6,977919 -0,333227
2,923634 3,616612
7,238830 -0,258545
3,298245 5,273677
6,322992 -0,372572
3,244346 4,436063
2,531308 3,177936
2,543529 3,564368
0,466919 9,152072
3,172066 4,447836
6,341104 0,010567
0,788128 9,880367
0,445431 9,842307
3,188126 4,828130
0,128165 8,176692
6,941649 0,131390
7,652757 -0,778872
2,234727 4,358001
3,550201 4,420014
5,398263 1,323872
2,504738 3,577514
-0,036583 8,994584
2,164613 3,759389
-0,652947 9,633023
1,553824 9,338795
-0,226041 8,068266
1,375182 9,248877
1,521603 8,639544
6,546829 0,581911
6,375705 0,631713
2,151430 3,957629
1,118030 10,262345
5,237944 -0,299323
0,179664 9,539137
1,621611 4,003285
1,018757 9,625265
6,596563 1,121447
3,292673 4,698303
6,243870 0,705138
-0,432199 9,001060
6,633167 -0,033936
2,083725 3,423749
0,217447 9,094654
0,867311 8,359621
6,245777 1,462469
6,826258 0,071705
5,813738 -0,320060
0,738534 9,306324
1,373580 9,759282
-0,520880 9,723166
2,972245 4,859217
7,171857 0,042918
1,401645 4,703365
5,647553 0,084271
2,991306 3,883659
2,507430 4,245979
6,109275 1,323417
2,588355 4,475963
6,942397 0,435967
0,150697 9,159694
7,284609 0,506112
0,775647 9,797101
2,673953 4,160420
1,082614 9,621476
2,997514 4,530338
0,181661 8,346995
1,638159 9,113137
2,573423 3,590383
6,367085 0,273166
6,003723 0,167366
0,118153 9,250147
3,305585 3,318790
2,601739 4,859183
1,184166 9,869360
2,631558 4,564201
2,678687 5,025969
-0,612797 8,851405
3,570325 3,910111
2,591812 3,878434
3,316933 3,943278
0,832828 9,176386
0,025137 8,765776
2,038165 4,179294
2,310474 3,457509
5,724862 0,054285
-0,468664 9,477764
4,020655 5,108811
1,794901 3,345133
0,854747 9,299514
-0,530757 9,600987
1,567190 4,588050
3,151430 4,805438
0,674317 8,422255
3,012562 3,940241
7,579932 0,169656
5,621960 1,237392
0,265561 9,696692
2,264289 3,480967
3,457523 3,191021
5,542322 1,249805
2,588702 4,638573
7,113582 -0,064654
5,961311 0,150896
2,732287 4,543031
6,157438 0,170600
5,863930 0,381113
0,936438 9,606762
5,632348 0,086262
6,244268 1,222584
6,497314 1,328622
3,836374 3,202057
6,292789 0,169576
6,359460 0,203962
0,597407 8,642268
0,074322 10,513370
6,797445 1,453472
-0,085715 8,979992
5,801650 -0,183058
2,884620 3,415296
3,330603 3,828404
5,993674 -0,489433
1,406066 9,337173
2,821990 4,343176
6,197093 0,644312
2,539679 3,351913
2,156385 4,691047
0,727653 9,840650
2,855416 4,288488
0,097329 10,086351
3,903170 3,805781
5,718706 -0,520495
3,020876 4,203110
6,337728 0,780664
6,855870 -0,337229
0,037385 8,650645
6,416090 0,128928
1,632452 9,950008
3,243305 4,783540
0,743041 8,983023
0,268887 8,803076
7,563615 -0,288000
0,463861 9,623430
6,269885 0,130573
2,717611 4,223740
5,601590 0,940008
0,869920 8,633982
3,856623 3,720139
3,491308 4,959848
0,032572 9,095703
0,502955 10,142011
6,299867 -0,287608
1,993159 9,946542
5,688758 1,009965
6,513081 -0,225458
6,330529 -0,575987
6,627663 0,108375
3,810093 4,227430
3,246808 4,711385
6,436851 1,037076
6,471092 -0,193938
0,387355 9,599542
1,131720 7,933946
6,723511 0,634497
1,129276 10,108586
0,642843 9,460738
5,322027 0,747938
5,091987 1,128393
3,356177 4,262041
1,059676 8,711272
3,372435 4,458523
5,370525 1,028690
2,135352 3,896601
1,494718 8,758274
-0,037081 8,801328
0,935136 8,593549
0,205860 9,404942
1,962897 9,857033
7,158993 0,667050
7,050798 -0,876943
1,805604 4,754172
3,592236 4,496056
0,929561 8,992645
6,465315 0,288925
3,164285 3,358704
2,539076 4,208052
0,338072 8,321635
0,875418 9,184200
0,716670 8,341770
0,521279 8,318896
2,661763 4,104513
3,124380 4,206345
5,969549 -0,213568
7,234211 -0,333284
4,112448 4,368212
0,513506 9,956465
6,107328 0,355771
7,626294 -0,746801
1,124830 9,838768
5,230225 0,461555
0,214341 8,279086
0,492254 9,869448
5,781956 -0,168852
3,045287 4,124582
0,160929 10,113387
2,170666 4,345976
1,044635 9,939663
2,676432 4,387891
0,318261 9,483350
2,514196 3,684275
3,318657 4,884969
0,266373 9,460490
1,745088 4,585133
6,177394 0,036180
6,556993 0,305283
-0,039489 9,812377
-0,403717 9,100937
6,886947 -0,346689
3,970214 5,256993
1,916805 5,003452
1,916055 8,525935
5,421977 0,206937
2,140406 5,167599
0,898486 8,544399
5,855678 -0,175910
5,753082 -0,415919
1,863227 8,930639
1,991652 5,031275
4,947017 0,307986
0,267625 9,723623
7,425562 -0,984510
3,760490 4,706173
5,455352 -0,190985
0,260846 8,956728
0,352559 9,317467
2,603895 4,322534
-0,020325 9,989671
4,086219 5,534327
0,048628 8,408396
5,805442 0,427693
1,946505 3,557650
5,614073 0,513210
0,329397 8,819310
2,415175 5,423946
6,327993 0,358724
0,308935 9,310171
6,105022 0,671585
3,271828 4,671482
1,000000 7,997045
1,958134 4,340451
6,319784 -0,221464
3,555646 5,223600
1,029330 9,193503
5,475863 0,534746
1,799642 9,661728
3,143920 3,979924
-0,008291 9,469006
-0,374183 9,537660
5,898174 -0,148589
3,402036 5,216388
2,012340 9,313482
6,530789 0,409953
5,304196 0,286816
2,909591 3,712037
2,552470 3,805406
6,491388 -0,826960
2,726905 4,506772
1,008864 8,704835
6,064074 0,690840
0,525899 10,164528
2,391472 4,361694
2,490340 3,926627
0,779477 9,393458
2,243909 4,147039
3,191743 3,571931
0,970632 10,160555
0,864609 9,999415
3,136543 3,528755
5,960094 0,665188
1,719370 4,038223
5,042145 -0,591293
2,283951 3,624102
1,957861 3,824345
6,397342 -0,338020
0,351901 9,642614
2,596639 4,121303
-0,405125 8,603662
2,530102 3,950779
0,762562 9,556991
7,299940 0,584033
2,760337 5,471468
3,743739 3,977136
-0,368067 9,692270
3,104644 3,383286
2,076660 5,500083
1,898986 8,592422
-0,504442 9,511960
4,852896 1,070985
6,027713 0,268844
5,413004 1,303906
1,176311 9,169511
7,419992 -0,023168
6,806181 -0,011961
6,064725 0,929751
6,853616 -1,045480
2,104724 5,559169
6,040418 -0,250325
2,434212 4,251826
3,220003 5,143966
0,492217 9,382499
0,445281 8,243603
0,067350 9,351941
6,452910 0,790229
6,147325 0,486051
5,425018 -0,797405
6,300642 0,906321
5,874361 0,103799
0,514661 8,191648
2,361735 3,291461
0,333883 9,230356
6,275747 -0,816602
7,056831 0,987757
0,490911 9,187288
0,702933 8,980783
1,390938 8,198067
4,932842 0,079697
2,634453 4,095775
3,147567 3,616143
5,316344 -0,825058
0,950045 9,275668
0,216825 8,561379
2,453768 4,339777
5,775356 0,183110
2,299224 4,314931
2,429709 3,011201
0,005946 10,040135
-0,643445 9,172355
2,378341 4,616006
1,087755 9,029315
1,218298 9,659795
6,849241 -0,301225
6,563925 0,164060
0,749422 9,735684
5,744976 0,489884
3,781920 2,894424
1,070531 8,629890
0,638670 9,757689
6,175279 0,329983
3,883555 3,595962
6,682089 0,447977
2,546527 3,951077
6,073048 -0,369349
2,771753 4,636222
5,835518 -0,001865
7,121952 -0,209660
0,338251 9,474670
6,120533 -0,090019
6,830409 -0,199402
-0,572188 9,271185
1,158223 9,271093
0,373276 10,002156
6,503167 0,102127
6,494205 1,284846
5,351353 0,673081
6,383633 0,018572
1,165447 8,823428
0,081000 9,379367
1,013565 10,504803
5,938393 -1,068464
0,081365 9,093629
6,559776 0,405024
-0,042817 8,529774
2,625677 4,966396
6,010846 -0,631837
2,585354 4,386362
-0,543112 8,384428
1,696348 8,641918
3,449651 4,386699
0,360952 8,501271
6,586765 -0,095470
2,477907 4,775817
6,624033 -0,405528
2,812324 4,984752
5,439807 -1,277870
0,422816 8,711276
2,748310 4,670229
6,481032 -0,381041
0,720463 9,834163
6,603753 1,192573
0,658848 8,134450
1,124888 7,979342
7,178399 -0,384493
0,981259 9,327425
2,434012 4,487957
2,597820 3,738923
7,133896 -0,711598
0,430947 8,390266
-0,005683 9,356415
1,538743 5,278388
2,633662 4,231513
6,347981 1,379949
2,363952 4,478959
0,957728 9,275570
3,105791 4,238273
0,193142 9,198248
7,133053 0,732319
6,363467 0,404897
2,156762 4,266325
7,393966 0,256571
2,745834 3,372372
-0,579832 9,494185
6,476971 0,079352
6,486612 -1,138793
1,998881 5,292138
7,326661 0,534927
3,365003 5,041014
6,259326 -0,690096
2,713316 5,466487
2,970425 4,439636
0,294972 8,623775
5,965191 0,633139
4,063188 3,807909
-0,327906 8,656770
2,945797 3,730469
3,873467 4,991047
5,660610 0,072786
6,444622 -0,166494
1,388874 10,169956
0,637331 9,382361
6,620229 -1,210204
1,260856 9,394313
0,492535 8,793839
6,449089 0,517844
0,576471 9,399141
-0,345427 9,786214
5,376174 0,554740
5,124477 0,707295
7,144043 -1,165365
0,913386 10,298540
2,605225 4,274860
1,364178 10,152519
2,177871 4,310421
0,265682 8,714648
-0,419437 9,104530
6,581554 -0,197122
3,497726 4,100630
1,105632 8,799354
0,068206 8,771421
2,663136 4,547211
7,414257 0,828709
2,654446 4,364387
3,181312 3,624451
2,430420 3,412439
0,225229 8,120319
7,602107 0,052816
1,584347 8,947939
0,431365 9,846566
0,518087 9,058266
3,157151 5,056192
0,475820 8,219589
1,944893 4,340129
3,267247 3,129702
7,179569 -1,159652
2,895662 3,450206
0,317404 8,956659
3,261382 4,120851
3,388740 3,928102
5,911887 -0,052921
-0,094079 8,762310
0,177827 8,118037
2,688329 5,154635
3,952160 3,674222
0,283958 8,548431
1,085528 9,382864
0,292933 7,922571
1,801474 4,358094
5,938663 0,612415
0,620747 10,167649
0,706709 8,581364
3,122496 4,184898
3,596132 5,603467
5,188116 -0,187739
0,598177 10,243209
6,767268 1,038051
6,425416 -0,489682
7,349945 0,173797
5,352195 0,402273
3,746208 4,606643
2,749556 3,476821
1,953585 9,238388
1,013557 9,637169
0,855581 9,164526
1,310030 9,311706
2,981509 3,801954
0,703803 8,211054
2,957960 4,571186
0,353218 9,433476
7,024850 -0,018511
6,281814 0,598366
-0,519224 9,071800
0,521170 9,516320
-0,110622 9,502851
6,789552 0,987249
2,038791 5,073242
2,120827 3,889823
3,947315 4,214652
5,352097 0,378023
6,448396 0,043732
3,124769 4,379993
0,642604 8,492357
1,579893 9,338274
6,866234 0,462042
2,565719 4,393203
5,435803 -0,760678
1,085439 9,842344
2,291063 4,557384
5,929814 -0,032616
7,031221 0,189163
6,659129 0,167257
1,246790 9,054625
2,582496 4,274048
3,683318 4,900891
6,370287 0,197442
5,995268 -0,590738
2,381820 4,681136
3,832137 3,068989
5,985748 -0,356377
0,549999 9,017441
3,071840 5,183292
2,498904 4,889066
0,649474 8,776492
1,435212 10,229115
6,623123 -0,178384
-0,059586 9,494136
5,653669 -0,139117
2,131361 4,278480
0,377861 8,527976
5,991955 -0,153817
5,784906 0,516456
1,634951 3,677105
5,820127 -0,211228
3,019520 4,715643
0,266433 9,562188
5,647337 0,089881
2,174487 4,115638
6,338336 0,190671
4,170091 4,273823
-0,233975 9,202386
3,028096 4,563442
3,142413 4,932613
2,472333 5,052553
0,600748 10,358770
3,217686 3,979131
0,764115 7,923247
1,708879 10,528674
0,664948 9,952777
3,452838 4,483350
0,163818 8,861260
1,257272 9,373804
2,820463 4,363028
0,470845 9,751705
-0,733329 9,179973
6,905415 -0,361136
5,511738 0,869432
1,441338 8,666779
2,725133 3,904300
1,619437 8,574928
1,973471 10,582977
3,825034 3,704326
6,392512 -0,684215
2,072405 4,431450
1,091392 8,911139
6,576575 0,439316
5,926887 0,316094
2,912594 4,317906
5,379404 0,194559
6,341571 0,256266
3,220396 4,976990
2,480116 4,684457
7,416202 0,918168
2,717027 4,258488
-0,044668 8,893024
1,402172 8,371332
4,929303 -0,107750
0,287346 9,407108
2,919938 3,631042
0,642819 8,613686
3,162808 5,032515
0,346440 8,405553
6,293096 0,835375
2,890174 2,824258
1,321451 9,212145
7,159112 1,117680
0,467826 8,980600
1,936836 3,179789
6,059270 -0,487824
6,955132 1,325801
5,866039 0,003741
6,056329 0,240249
1,004921 9,806274
1,252532 9,251442
2,256908 3,976425
5,138214 -1,031130
6,014190 0,595030
2,392497 3,953845
2,943320 4,311810
3,155656 4,434560
6,710582 0,765239
5,780981 1,526951
0,096162 7,930711
6,404058 0,385704
2,497490 4,909182
0,233129 9,517040
2,039904 4,629235
0,184413 10,327004
2,748677 3,849424
-0,367865 10,179749
6,150431 -0,377988
0,103494 9,130063
2,564398 3,621582
3,238644 4,885381
0,596495 8,085299
6,016739 0,841455
1,109656 9,104179
2,786335 3,965389
1,230869 9,478232
2,770112 5,187205
0,295967 8,379894
1,455719 7,888561
0,533362 8,628297
-0,093273 9,988266
-0,113869 8,843528
-0,663762 8,358351
2,406756 3,829913
6,563912 -0,596205
7,269134 -0,858823
3,048972 3,645438
6,288780 1,156311
2,606300 4,979013
7,237173 0,396397
1,048569 9,039468
2,999786 3,905555
1,759736 3,204786
3,547934 4,016949
3,573084 5,327291
2,636576 3,008149
1,883180 3,841417
0,836548 10,034737
1,595130 9,478617
2,070703 5,444908
0,534885 8,520238
5,406134 0,561420
6,917558 0,710064
3,967285 4,674872
0,620314 9,587744
6,676290 -0,402219
1,065763 9,864132
6,575151 -0,267012
3,821694 4,381298
1,040774 8,998215
7,096593 -0,988174
1,832041 3,037075
1,247638 9,703982
6,506288 -0,215047
3,428256 4,345971
1,339858 8,848810
2,856843 4,002877
2,168131 4,552980
-0,686195 9,183295
6,408265 0,315200
-0,057068 9,400863
7,022735 1,366498
1,918974 3,023009
6,557235 1,251032
1,281947 8,748695
6,856797 1,316963
6,906054 0,097665
5,403004 -0,993381
3,339875 3,861767
3,148805 3,564384
2,746649 4,943679
-0,071096 9,242781
0,456006 10,436885
2,857947 4,844823
1,889885 3,459444
1,051733 9,850619
0,019427 10,409052
2,725631 5,077846
3,809951 5,171827
6,143778 1,070890
0,607769 8,997395
6,165018 0,992140
2,894012 5,051039
5,676204 1,115680
2,037824 3,917009
3,567038 4,402615
1,194452 9,443395
1,177904 9,927972
1,732414 10,473763
3,564951 3,365672
6,547562 -0,054786
2,450976 3,980669
6,169209 0,044933
2,451828 3,646487
2,530836 5,431610
2,381926 3,937975
6,148089 -0,162009
2,429168 4,985834
3,389175 4,668776
0,987275 9,066575
0,746959 9,439289
2,318444 4,435665
6,312160 0,806613
6,324339 0,066900
5,727663 -0,848216
7,007034 1,302223
3,253388 4,970616
1,700852 8,905630
-0,079618 9,462078
3,128356 5,108501
6,346196 0,662488
0,677276 10,294181
2,580006 3,081960
2,973167 3,010528
1,179526 9,103941
6,659085 -0,451800
6,062511 -0,121506
-0,536944 8,967801
3,116045 4,842760
-0,131940 9,973035
6,156138 -0,148648
1,001630 8,917979
2,476450 4,395011
2,355474 5,102531
6,329228 0,973578
0,328243 8,836038
2,569578 5,109608
1,203726 9,517570
2,491824 4,346872
5,574288 -0,424563
0,429302 10,035408
3,235274 3,973939
6,265479 -0,624621
3,233812 4,740664
0,805086 9,236217
2,187205 4,903609
0,838834 9,966063
1,069008 8,522472
1,211649 8,019277
0,535639 9,495248
6,000482 0,234548
6,089978 -0,014203
6,478930 0,119988
2,360882 2,969013
7,290428 -0,574422
6,698126 -0,641587
2,706700 4,352636
0,714496 8,726493
6,103908 0,346434
5,952519 1,220339
7,182645 0,895424
2,678641 3,346598
2,312323 5,445570
-0,553093 9,298983
2,390760 3,969734
6,420863 0,180613
0,429981 9,102989
6,636103 -0,599914
5,680954 0,725064
0,830844 8,262051
6,674404 0,973503
3,235093 3,217257
0,616397 8,610517
7,022407 -0,281085
1,321437 8,611825
6,771053 0,639274
3,012649 4,309049
0,986835 9,744635
6,410475 -0,093948
3,170612 5,038769
3,179805 4,369826
1,418164 3,561358
1,601561 10,475863
3,595042 4,928456
6,401783 0,721387
2,496540 3,353336
1,721229 4,413123
-0,176412 8,723232
1,923040 3,506522
7,089953 1,070371
1,416274 4,006416
1,208588 10,214083
0,114557 8,537729
0,144659 9,896037
3,540102 3,545552
3,956112 4,933962
1,091237 8,962747
2,998568 3,807481
6,373030 -0,112695
0,572391 9,733523
3,253085 3,276195
2,755380 4,487843
0,715191 8,813129
1,149653 8,416071
6,471449 0,709800
7,043907 0,335127
0,860222 9,226950
2,505901 3,233002
3,625258 5,564616
6,190689 -1,094782
2,852950 4,606682
6,456316 0,699628
2,921573 3,745069
5,963499 0,298573
0,442437 7,992268
2,474564 4,047599
-0,222207 9,930708
2,658307 4,783865
2,867643 4,776731
0,355951 9,553201
1,034537 8,534188
6,351586 1,059432
2,426002 4,117005
3,501981 4,245207
2,948664 4,311870
0,461159 10,180099
2,387102 4,555644
0,457956 9,287784
0,998969 9,069101
0,560742 9,255157
0,831844 9,941454
3,760803 3,846262
0,015062 8,926234
5,428109 -0,837496
-0,390092 9,566638
2,401924 4,154501
1,921011 8,538979
0,695976 9,553255
1,493283 5,366721
3,262035 3,577123
2,106185 5,236564
1,318306 9,409634
6,824851 -0,157238
3,297129 4,279491
0,750533 8,814639
0,829157 9,809068
6,276566 0,809834
1,263760 9,891594
0,700014 10,378280
6,091902 0,318558
0,506826 9,394439
5,850938 0,876954
2,366937 3,993442
6,604792 0,841365
-0,149415 8,652610
1,380080 8,156010
7,390650 1,166560
2,635386 4,321784
5,200446 -0,159826
1,649230 4,011061
5,981739 0,506549
6,766443 -0,562788
1,752685 7,806332
7,098701 0,189556
2,653733 4,439613
5,290443 0,539501
3,267190 3,877909
2,545684 4,307556
6,724068 -0,056380
1,305330 10,329211
-0,093829 8,702282
3,083510 5,634257
0,667520 8,916285
5,154218 -0,478605
5,039625 0,153536
-0,425852 10,390146
2,409064 5,097696
1,520784 8,855828
2,460818 3,059497
5,772938 -0,384048
5,481763 -1,088223
0,277694 8,828576
2,841492 3,367261
-0,765655 9,975012
6,172078 -0,795829
-0,210893 9,549995
-0,572811 8,648760
2,743866 3,786896
0,693166 9,108971
2,404301 3,249581
3,868079 4,626026
6,345594 -0,031923
3,422276 3,487423
-0,253878 9,106305
6,480863 0,210208
6,433115 -0,716939
5,920974 0,732328
0,426448 9,353563
1,932419 9,229388
0,400977 8,853105
6,555765 -0,199418
2,012864 4,473509
6,364522 -0,107896
0,478940 8,111388
-0,090609 8,365031
2,803398 4,281409
2,529842 3,620119
0,329208 10,109965
3,706765 4,492930
0,172060 10,287283
5,938152 -0,944561
6,159037 0,178249
5,598878 -0,040484
2,618391 4,978951
3,505147 3,677215
3,073760 3,803877
2,812280 3,430275
3,337679 4,633428
1,849924 3,927831
5,937001 -0,668447
6,332937 0,640437
6,279273 0,283465
1,803594 4,336093
3,701867 4,739546
0,360597 9,238933
3,337352 4,764846
2,967871 3,764588
5,932356 0,487315
-0,043093 9,331051
3,939123 3,332350
5,636701 -0,472183
5,968832 0,505842
0,728659 9,986623
0,555160 8,742911
6,430845 -0,465901
-0,352707 9,167612
5,961520 0,714711
2,419522 4,397575
1,111699 9,605846
6,278331 0,696265
1,528765 9,903851
3,215327 4,915823
2,793665 5,192743
5,739827 0,667861
0,981256 9,361045
6,557282 0,701669
0,148823 9,691212
0,444713 9,697485
1,580350 4,120882
6,566485 -0,156326
0,255812 8,415713
3,883338 3,527691
4,081740 4,396947
6,711351 -0,363074
7,318841 0,145183
0,429286 9,357873
1,223971 8,439188
5,759045 -0,918454
2,034982 4,012537
5,882796 0,531225
2,490783 4,114296
7,182328 0,471488
1,848437 8,879840
6,806032 1,076680
2,977285 3,102438
-0,069997 9,251061
1,031919 8,489581
0,536199 8,194689
0,697047 9,255370
3,161723 4,284515
0,443116 7,855391
7,607022 1,584905
0,788683 8,602330
2,747314 4,446102
1,548265 9,001063
1,283438 8,804730
7,574820 0,356444
6,376775 0,435233
2,002253 4,928756
1,151148 8,398299
1,209766 9,269963
5,592208 -0,148458
3,353380 4,155551
3,271125 5,145524
2,697248 3,782438
0,815632 8,468021
2,563122 3,922956
6,195154 0,376344
1,860230 4,377398
0,193263 9,041689
0,565617 9,994529
5,771669 -0,115915
0,569327 10,410895
3,375402 4,805827
6,399537 0,922965
7,249717 -0,916301
5,802721 0,746227
0,026389 9,254555
0,798481 8,898350
6,131455 0,634541
0,607441 9,443598
1,413397 9,358478
0,968442 8,550069
0,796224 8,335031
-0,050767 9,221932
3,319551 4,078301
2,968695 4,107592
6,148577 -1,007170
2,536468 3,874331
6,893593 0,317452
1,630415 8,579423
6,356970 -0,434708
0,783162 8,293139
5,325391 -0,077930
2,978470 3,951446
1,592371 3,663456
0,462790 9,618368
3,787645 3,210608
0,741259 9,233380
2,652225 4,571496
0,772653 8,901439
1,805822 4,295441
3,322880 3,610108
6,100312 0,520896
2,938664 2,923802
2,942412 3,809773
0,424969 8,592220
0,635654 9,143355
2,838354 4,605858
1,450185 7,750480
3,661504 4,228488
7,349040 0,726836
1,158226 9,418463
2,284386 3,998886
1,785657 8,863758
0,053099 9,331488
2,491532 4,411983
3,346172 5,329106
6,585017 -0,135164
6,059221 -0,491250
6,725004 0,240569
6,412676 0,663957
6,361993 -0,492710
1,206198 8,987525
3,908464 4,065289
2,179645 5,702616
1,932924 8,121559
3,137793 4,570401
6,298017 0,165207
2,843927 3,565163
3,737591 3,919887
-0,661491 9,572608
2,576160 4,326189
6,517612 0,494089
2,587854 3,926632
2,340179 4,250408
0,107290 8,700877
6,367413 -0,129632
6,681152 -0,152606
0,182050 9,795771
0,308843 9,906554
2,712069 3,871192
6,682352 -0,159038
5,422980 0,524384
3,922635 4,179128
3,338084 5,027546
2,684997 3,241098
2,862022 4,742783
2,012349 3,853666
1,956462 3,975070
6,461428 0,530232
2,693815 3,989419
0,634703 8,952442
5,005881 0,849771
5,738098 -0,254698
6,346830 -0,644638
0,380348 8,413313
2,599895 4,350023
1,281161 9,542247
-0,711784 10,116016
0,534392 8,995461
0,252607 8,524200
2,432966 4,444568
1,130210 9,338012
-0,002303 9,065919
0,367553 9,044337
1,712231 9,480905
3,786818 4,159873
0,768282 9,635399
0,592875 8,837619
1,816440 4,745113
6,927919 0,100236
7,237147 0,867647
0,533879 9,239780
6,891155 -0,158693
0,675495 9,089910
0,738119 9,174847
6,357257 -0,934393
6,222782 -0,018997
5,868524 0,717592
-0,249254 9,693331
6,359248 -0,632898
3,031139 5,042180
-0,658693 9,796909
1,483888 9,725231
3,034946 3,538619
-0,367202 8,867404
2,223688 4,625817
1,793197 4,126395
6,307555 0,550850
2,690137 3,143150
2,228193 4,344875
6,715174 -0,268174
6,010683 0,251466
0,710704 9,678453
6,239869 -0,285642
2,474155 4,077588
5,794912 0,244900
6,257896 0,211079
0,489178 9,240702
6,066128 0,383913
2,865032 4,603423
2,894140 5,340799
-0,127203 9,063842
6,341973 1,162325
1,690838 9,504549
2,417005 3,968393
-0,431116 8,742133
0,736348 8,844352
2,807838 3,649747
0,406746 10,059532
1,424109 9,438895
6,992323 -0,109236
0,200995 9,791078
6,457440 0,361761
0,381671 10,180255
3,523154 4,225468
2,150693 5,028537
6,141834 -0,815814
3,543257 3,434392
2,911020 5,261567
3,088029 4,114411
2,958813 4,372861
1,853199 4,032690
0,278332 8,130557
6,925202 -0,085809
7,240228 0,425013
5,971506 -0,758544
5,156724 1,620818
6,718717 -0,124266
3,581762 4,391560
7,313364 -1,081519
2,442284 4,602159
2,456185 4,531707
0,634298 9,216917
0,902734 9,471243
5,855440 0,125029
2,891866 3,912532
6,615395 -0,275029
0,726538 8,470029
6,372395 -0,348793
-0,429675 8,132293
5,475465 -1,063495
3,134264 2,985221
2,427746 4,366587
2,665230 4,819478
1,270289 7,904414
2,911611 5,195109
7,578516 1,223254
7,167842 0,037913
0,833307 9,436078
3,910775 4,715546
3,495751 4,109057
6,517193 1,351507
1,551831 5,076869
2,684932 4,150197
3,455620 4,013580
3,070708 5,038402
6,494827 -0,564615
6,672947 -0,344075
5,190695 -0,553467
1,388275 9,643993
2,471368 4,608152
2,209729 4,704407
0,921712 9,547195
3,139940 4,329574
2,825617 3,600645
5,191191 -1,202701
6,140895 -0,055500
6,348998 0,401606
2,805613 4,034079
2,708579 4,244299
0,771942 7,913149
5,180887 1,601375
1,131722 10,285363
6,337066 -0,683863
2,596652 4,662547
0,361865 8,621509
0,605439 10,214049
0,476387 8,988480
6,947495 -0,115121
-0,713873 9,333233
2,309497 4,384286
3,185945 4,274578
6,930547 -0,188741
6,026848 0,359008
2,431062 3,787467
3,233792 4,891624
2,186006 5,231684
1,859316 9,073367
3,476630 3,652269
0,609672 9,424787
1,250300 8,333539
2,849706 4,661916
0,892727 9,129741
-0,003365 9,857108
3,026894 3,436962
0,389869 9,314948
5,993961 -0,142064
6,675691 1,013214
5,986521 0,600514
5,912613 0,504931
2,780488 2,989872
1,484076 8,625323
5,280355 -0,117867
0,132970 8,078570
0,172064 9,502083
0,186735 8,166442
1,827081 3,418583
5,543257 1,255534
0,361076 8,295392
2,673984 2,919289
3,093086 4,316388
1,875730 3,591694
3,902598 4,968199
3,224799 3,834266
6,268553 0,038092
3,482964 3,941662
6,626020 0,218577
5,961477 -0,163371
0,261339 8,523923
0,154550 9,503618
0,564679 8,564058
2,390582 4,747804
1,189980 9,435970
6,919751 0,901509
5,982383 -0,668927
3,175981 4,191943
6,588277 0,397549
6,074949 0,096025
6,113126 -0,895601
0,048452 8,947359
3,620809 4,415571
1,482992 9,541493
6,694097 0,236248
6,090103 -0,242350
1,484915 9,597984
7,068779 0,416877
2,057336 4,859533
3,268742 4,396051
1,460008 3,741978
6,489276 0,917808
2,172183 4,667864
1,661591 8,957409
6,171753 0,623825
2,892213 4,078659
2,301529 3,472804
1,132298 9,008206
7,185158 0,793990
1,489330 8,576378
2,540630 4,626816
6,282083 -0,174148
3,404561 5,035570
0,475772 8,523999
7,460925 -0,518012
1,488327 4,212753
6,016956 -0,181152
6,005351 0,810277
2,796676 4,753502
-0,267352 9,335810
1,752359 4,001272
0,385169 8,507887
6,790134 -0,158427
3,098240 4,562246
4,013985 3,884818
0,314826 9,029515
2,874570 3,832432
5,273851 0,192556
0,299595 8,243661
2,898030 4,338496
1,020649 9,255943
5,871108 -0,919463
3,283639 3,454712
6,296987 -0,313595
0,875586 7,961079
6,440233 0,847519
3,598341 3,930008
0,140734 8,870539
0,030080 8,767920
3,443012 4,533599
6,531785 0,352313
2,273039 5,029249
0,686908 9,352623
1,088525 9,422048
1,089422 8,025739
2,177643 4,626331
0,087889 8,155961
5,818783 0,149850
6,419543 0,573639
4,044855 5,400368
2,894101 5,539455
1,659037 4,063889
1,918670 3,815113
6,063695 -0,807700
2,806376 4,466372
2,270834 3,801918
5,786232 -0,024944
0,706370 10,146251
7,136669 1,020106
1,897106 4,201353
1,166270 8,098676
3,438497 3,983949
0,860810 10,172861
7,215632 0,627151
0,403715 9,067647
0,712250 9,565743
2,598050 4,513265
0,865065 9,530591
2,321841 3,787566
2,398742 4,743862
-0,009401 8,805939
2,786675 5,490034
0,094208 9,504179
0,203786 9,776356
5,803964 1,408937
6,112814 -0,382953
6,452386 -0,599811
1,635969 9,163597
5,887710 -0,221086
2,081404 4,876029
6,728490 -0,778204
2,694913 4,096262
2,815507 3,692405
0,466227 9,767240
-0,779622 9,748403
3,452659 4,615834
0,592065 8,460204
-0,018163 9,241649
2,873667 4,397771
1,386091 9,317035
0,155831 9,985903
1,534825 8,227879
5,939338 -0,492078
3,298070 4,046103
4,216250 4,638062
2,628275 4,219866
7,526328 0,275115
7,177294 0,872940
2,903073 4,168040
7,029853 -0,108693
-0,076704 9,975888
6,706527 1,173289
1,479216 7,981668
6,132332 1,082675
5,792581 0,436959
2,985906 4,195957
2,494095 4,164373
5,815972 0,445328
5,649638 0,773349
3,320213 4,903779
-0,172442 10,104162
2,287247 3,194165
3,736290 3,679156
1,867686 4,855584
7,139336 -0,477556
0,368776 8,724930
2,190656 3,651801
6,399143 -0,348296
1,062759 9,402104
5,464546 -0,351380
6,459276 -0,461019
0,825413 8,766409
5,583685 -0,591298
7,089475 0,076555
0,341022 8,545851
1,569108 3,159941
7,018783 -0,309107
6,385761 0,281472
1,044982 9,663090
3,119232 5,014991
1,063444 9,732839
5,877256 -0,114264
0,907832 8,550131
6,992827 0,145386
6,822956 0,364097
5,642403 0,094649
2,961104 4,707588
2,487962 4,876277
6,394677 0,252055
2,157505 2,894174
3,303790 3,399322
6,398604 -0,393307
1,615501 9,776810
2,168561 5,206386
5,947652 0,084346
-0,255135 9,313500
1,944343 4,599428
5,703262 0,550511
1,309361 9,609579
0,007577 8,599333
-0,295442 9,980610
6,664744 0,368538
5,159838 -0,461914
2,200781 4,317727
5,980935 0,650587
1,572381 9,457367
2,629200 3,755507
1,066043 8,898534
1,018122 8,902018
3,169088 3,741257
1,098740 8,647537
7,111461 0,361578
2,487973 4,200535
2,997881 4,715866
2,323900 3,170902
1,525490 9,624720
1,394519 9,565962
0,102515 9,661482
0,795638 10,065012
5,528975 -0,275326
1,584992 3,276626
5,728342 -0,218931
2,348149 4,995095
3,301057 4,148080
3,148274 4,373444
0,401194 9,264594
1,107053 8,251947
0,569353 9,656278
5,213439 0,195054
1,923079 3,871490
2,476573 4,427011
0,797001 9,012859
5,697485 0,285996
1,875475 4,518833
3,282044 4,927601
2,340940 3,413097
0,781525 9,883873
6,345010 0,042514
2,391845 4,710097
5,135327 -0,455115
5,508462 0,065669
6,266099 0,741747
1,513156 8,883902
6,336330 0,928276
7,226309 0,882550
-0,189308 9,558556
0,796248 8,741509
0,646444 8,935970
2,518695 4,346508
1,816758 9,466613
2,987266 4,990439
2,444877 3,676419
6,248223 -0,241205
0,909753 9,538427
0,428787 10,369197
0,125541 9,089097
3,420794 4,244870
6,387831 0,045985
7,068625 0,205598
1,413805 9,006002
1,285182 9,535998
1,478092 9,584057
3,290789 4,755171
0,403972 8,639520
2,918600 4,412726
-0,708077 9,532700
3,130242 4,676084
4,116082 3,844827
2,700014 5,403157
2,208667 3,336275
5,886595 -0,178969
2,932692 4,816873
3,442245 4,038896
2,184843 3,373066
6,163224 0,624065
1,185146 9,296881
2,961011 3,800825
3,096223 3,068585
5,108526 0,572708
5,796583 0,401110
6,343171 -0,017869
3,134495 4,166733
1,710628 3,561805
7,185307 -0,099490
2,287830 4,148630
0,210655 10,620553
2,499001 4,047970
1,603044 8,115589
7,259545 -1,028828
1,937049 9,546203
7,392521 -0,023183
-0,338399 8,060936
3,342011 4,737329
3,621044 3,590020
6,404630 0,132067
0,431367 9,170407
3,008022 4,147056
0,870646 9,578191
5,679850 -0,508797
0,472059 9,986550
3,197810 5,163582
6,189208 0,897761
6,544351 0,925192
6,699251 0,383475
3,562770 5,195243
7,597038 -0,618671
5,848231 0,289496
3,054383 3,311030
0,078539 8,657240
-0,302973 9,558123
0,078130 9,570452
2,989565 4,843179
0,145570 9,408746
3,099306 3,499911
6,234619 0,822936
-0,337133 10,125010
6,318251 -0,534645
1,406558 8,912323
1,376828 8,850568
1,075897 9,229541
2,641459 4,398492
2,767841 4,432295
2,880606 3,943957
0,731231 10,191213
2,725114 3,539711
-0,029696 9,873304
3,455598 4,154489
1,876843 4,472076
5,407485 0,412566
5,503266 0,925248
6,439433 0,491127
1,820923 4,258827
6,899192 -0,144152
4,150565 4,269509
7,286536 -0,158815
6,573278 0,517156
3,558361 3,733117
-0,069239 9,094318
3,129316 4,497964
6,361580 0,733803
6,312735 0,898195
6,130960 0,180319
0,492247 9,479220
2,732751 3,393078
2,740404 4,071504
0,640819 9,191020
5,904269 0,649005
-0,273543 7,851312
6,673618 1,625177
0,674755 8,912979
0,589259 9,369679
5,540243 0,655657
0,092278 9,207979
6,427031 0,274694
3,296505 3,836593
0,266090 9,351644
2,648381 5,238724
2,028823 10,587262
2,192107 4,860552
5,747847 0,749388
6,114381 -0,131597
2,264103 4,657852
1,645492 10,077581
5,730451 0,445863
1,101603 9,659660
6,815193 -0,311305
0,088536 9,410243
7,145881 -0,341625
6,864437 -0,173654
3,478613 4,504101
1,151451 8,972730
-0,264645 9,359784
5,847736 0,469857
3,366206 4,672865
0,867348 8,304577
7,244984 -1,124307
5,192040 0,121614
2,574123 5,088210
0,374724 9,058691
0,931837 7,862858
6,243600 -0,650708
2,228843 3,043477
3,058644 3,454230
2,808782 5,037060
-0,169976 8,746884
0,398011 9,747061
0,130157 9,579609
4,208427 4,685573
3,409875 4,639479
2,677841 5,237117
3,655734 4,750927
0,263852 8,535816
6,615869 1,184543
3,455124 4,037781
1,791795 10,032124
5,967989 0,894121
3,377160 4,833716
1,293812 9,886033
6,193897 -0,500518
3,621649 4,694497
6,327465 0,378966
6,896140 -0,202425
2,498613 3,211813
6,039886 0,848773
2,203761 4,596674
-0,062930 9,572239
-0,400211 8,645096
3,244077 4,472137
0,344009 9,806695
6,012216 -0,039557
5,634584 0,802897
-0,503840 9,742005
6,167314 0,671589
5,760453 0,171463
6,984986 -0,139694
0,470001 9,241872
4,012967 3,934479
1,603649 4,910266
7,464626 -0,386932
5,262166 -0,773621
2,468245 4,315946
-0,378154 9,248438
0,815980 9,112692
3,360331 3,918847
0,893069 9,775125
0,192029 9,629215
0,256452 8,815882
5,985408 -0,124800
3,295573 3,729581
5,256009 0,048239
6,409408 0,860604
6,596539 0,417751
5,389179 0,842401
7,088330 0,095442
6,179643 0,345215
6,260607 0,726656
1,449165 9,544963
6,538129 -0,308227
5,895431 1,073745
2,872881 4,502570
1,231975 8,821430
5,227284 -0,494855
3,611804 4,483707
6,693374 -0,574322
6,759329 -0,341115
2,435880 4,810867
6,202312 -0,640960
1,132049 7,825439
7,032784 -0,670825
6,177351 0,697715
-0,106529 9,631229
2,693140 2,909721
6,092503 -0,355270
7,360903 0,007356
0,962143 9,846344
1,246100 8,543452
0,582962 9,426622
2,896576 4,037468
7,288377 0,793168
0,577089 9,450727
2,816444 3,974762
2,617073 3,281243
3,782017 4,050987
7,730767 0,738271
1,565772 9,255160
2,759102 3,878862
1,998502 4,300474
0,108281 9,907302
2,215737 3,464605
0,042076 10,576232
5,487457 -0,455802
3,470237 3,665773
2,094149 4,094765
2,044407 4,511711
0,733813 8,171659
-0,227683 9,705795
1,542108 4,485973
1,244119 9,573837
2,368257 3,380431
0,255402 8,416998
7,422281 -0,508907
5,576249 0,658635
6,434055 -0,119954
7,389894 0,826357
6,042832 -0,144758
6,271872 0,436555
0,362065 8,152728
6,587032 -0,820992
3,337931 4,120927
5,453957 0,042461
7,537349 0,187963
1,537917 7,869452
3,497178 4,938460
1,705080 4,482445
6,760095 -0,530306
3,016643 4,455159
2,696421 4,911560
6,024456 0,496730
2,956655 4,438006
0,534037 8,913571
1,130712 8,718315
1,743424 4,022247
-0,431110 7,959722
0,246923 7,948835
5,474931 0,527071
6,780751 0,965480
0,896291 8,930632
3,218803 5,142741
-0,573635 8,631298
6,517705 0,310137
1,603263 4,358915
4,169936 3,258807
0,758805 9,536313
0,223017 9,155988
2,114251 5,628704
3,988727 4,531771
1,302537 8,597679
6,553665 1,058032
5,280773 1,007763
6,686879 -0,175056
-0,062577 9,413358
7,577847 -0,017747
6,810078 0,941126
1,054131 9,207000
6,019831 0,179234
2,663283 4,366544
0,831529 9,265088
6,571255 0,593106
-0,043632 9,001295
5,892663 1,149262
3,659776 4,027380
0,043951 9,835569
3,473244 5,004329
2,553990 4,428286
7,105259 -0,373581
2,498105 4,629697
6,589508 -0,657104
6,298580 0,346252
6,205334 -0,684509
2,263029 3,894064
5,809050 0,570712
0,720690 8,786680
5,171902 -0,919143
0,381120 9,451338
0,206954 8,165791
6,864170 -0,093517
1,500088 9,039446
7,294931 -0,670330
3,164351 3,978171
1,338110 9,514447
3,287673 4,137280
5,306238 0,257232
0,678540 10,159925
5,901904 1,239355
6,236105 -0,211636
0,750854 8,230109
2,641228 3,376269
5,534202 -0,294563
0,462835 7,997934
2,824077 5,172479
1,841805 4,002786
7,237999 1,215456
6,228124 0,159452
1,432252 8,459243
-0,430554 9,033679
0,728130 9,464259
4,202047 3,987502
0,029203 8,367902
7,219599 0,373666
6,382494 -1,161118
4,947752 0,119568
2,744897 3,704888
1,003219 9,724572
1,401337 9,558179
3,122030 3,866494
5,813657 0,987198
1,635336 5,051952
-0,128626 9,792020
0,891720 8,235085
0,591644 10,127679
6,496115 -0,654105
0,681135 8,740419
1,912997 8,714561
7,026062 0,296977
0,440121 8,178117
-0,381601 9,233789
1,213682 9,195398
6,289665 0,002386
0,664129 9,029471
2,627089 4,521502
-0,107725 8,845425
6,257818 -0,644330
6,034047 -0,247757
6,871123 -0,192971
3,902133 4,275701
0,240188 9,087909
3,990282 4,390765
0,519718 10,348609
5,828934 0,343805
3,421323 4,322376
1,550085 9,247372
3,139938 3,787544
-0,011112 10,222108
2,780305 3,526695
6,682742 -0,310920
0,637470 8,799005
7,267421 -0,283288
1,841707 4,398547
2,303937 4,998047
6,431640 0,236286
0,838026 9,939680
6,698555 -0,135835
2,039009 8,890258
0,220174 8,830549
0,438896 9,218401
1,427756 9,359440
0,849203 9,563597
2,861984 4,812227
6,083980 -0,234750
2,910878 4,359461
1,089762 9,707237
-0,270020 8,689060
5,153311 -0,235987
1,997181 4,535430
7,598643 0,230741
5,865049 0,782681
0,634821 10,483272
6,487140 -1,023491
6,537406 0,957581
6,226536 0,652421
-0,761848 8,515852
2,536397 4,295568
6,515512 -0,036704
1,388029 8,131902
0,736150 10,371248
3,257752 4,503585
7,623326 -0,435837
2,824409 4,299469
5,963908 0,476163
6,549815 0,357644
7,243669 0,396953
0,828742 9,785172
0,434906 9,181536
0,333338 9,201905
0,274107 9,326967
3,402274 5,294240
5,222391 -0,420578
2,172836 4,366150
6,284605 -0,490193
1,122101 10,091233
0,466548 9,437780
2,814288 5,013457
6,999268 -0,605276
3,521582 3,615543
0,527426 9,190477
3,478229 4,563813
0,797201 8,710360
3,956257 5,039818
0,825554 9,552196
3,768911 4,201545
6,158093 0,187800
1,839618 8,363147
7,557804 0,898449
6,245265 0,156374
1,200422 9,828650
5,844953 -0,508370
6,834955 -0,015427
6,363537 0,438708
6,125973 1,000028
5,817084 -0,640202
2,635658 4,171362
6,606913 -0,460675
7,061131 -0,274745
3,500687 4,202859
0,163037 9,811217
1,524893 9,246793
2,983399 3,800194
4,271924 2,883058
2,504445 3,296964
5,391816 1,403871
6,442158 -0,222492
-0,066551 9,286663
0,473986 8,913445
2,615692 3,112478
1,179790 9,388337
2,674571 4,110982
2,927605 4,359362
-0,195629 8,606281
6,601172 0,829743
2,640868 4,135332
3,915663 3,850160
-0,446228 8,026240
6,309070 0,614031
0,645889 8,717152
6,166120 0,451139
3,159521 3,850763
1,153908 10,019474
6,406520 0,207279
5,004238 -0,801538
3,197756 3,970963
2,730166 3,589945
2,538842 4,564759
3,040906 4,059462
2,568976 5,086304
6,050203 1,450331
3,002032 3,940363
6,606539 0,995770
0,925873 8,039560
1,397953 4,536909
0,029912 8,652416
5,649822 0,195169
2,752222 4,021101
2,590571 4,592213
3,984981 3,685088
0,687641 10,450670
6,146262 0,883104
2,119699 4,323523
-0,350941 8,735756
6,587845 -0,412621
6,839557 0,352584
6,277217 0,523987
3,887308 4,238261
5,926144 -0,634767
0,191288 7,942942
1,098706 9,634844
7,619181 -0,536012
1,813890 8,767666
2,991542 4,877703
5,948030 -0,117861
0,588197 8,756496
3,405340 3,761889
3,460325 3,404784
0,691457 9,500305
1,135549 9,697924
1,181149 9,928844
3,946525 3,772026
2,926021 4,867604
6,157711 -0,172775
-0,418047 9,854862
2,069927 4,462852
0,309758 9,648729
5,525587 -0,360107
5,684858 0,432394
6,624647 0,704565
5,645742 0,205695
1,545806 9,905990
6,251081 0,168786
1,142696 9,241368
0,488293 8,747481
5,770679 -0,147090
-0,489955 8,987954
3,650486 4,189167
3,901396 5,008894
2,940101 4,340274
3,423813 4,068297
1,091328 8,850721
6,271358 -0,390618
-0,085404 9,059826
6,392686 -0,028473
5,979061 1,125377
0,082592 8,602578
3,172643 4,565520
0,297522 9,383564
0,491812 8,040020
0,904847 9,551303
2,998322 4,729421
0,502468 10,280467
0,423742 9,777992
1,679937 4,733803
1,624487 8,706716
0,530107 8,429693
-0,347846 8,047496
3,088516 4,177871
2,300368 3,783529
1,230957 9,572183
3,355409 5,534403
6,217044 -0,770218
3,510060 4,052711
0,074819 9,651292
0,608043 8,509394
0,636747 8,806005
6,953233 0,288042
0,696174 9,902177
3,307302 3,881346
6,668801 1,083470
3,391479 3,876929
6,347850 0,315661
2,878890 3,560137
1,716282 2,903181
5,658300 -0,263163
6,098709 -0,259901
-0,131493 9,161029
3,532540 4,208285
1,223745 10,295285
2,128715 3,196129
6,017308 0,305693
6,094267 -0,403286
7,252379 -0,395247
6,143632 -0,577184
3,296774 3,963268
7,155444 0,835750
0,276635 9,148024
2,032103 4,088499
0,937226 9,635246
1,408478 8,368983
3,305639 4,085842
0,166666 9,257624
3,517951 3,997024
0,809493 8,232335
3,693272 3,785340
5,950210 -0,810211
6,416741 0,214787
2,802005 5,098599
1,866803 4,523683
1,987638 3,998302
1,622615 9,939511
6,422224 -0,549321
0,538370 9,462702
0,671382 9,110566
1,836358 3,407992
3,364013 4,720325
6,443072 1,167573
0,588200 10,640120
1,698691 9,401821
7,646802 -0,760645
2,251135 3,543603
1,559707 9,955551
0,441145 9,659669
5,680631 0,162939
5,706254 0,250030
2,398876 3,608911
0,016031 8,352590
2,269115 4,742477
1,881221 8,782629
2,169577 4,614741
2,230909 3,716412
5,945441 0,566502
1,985408 4,637943
6,148636 0,495092
7,192384 0,427676
2,061696 3,951549
3,281271 4,983009
0,343473 8,100139
5,222858 1,048868
0,231768 9,006907
7,474932 0,626635
2,526539 3,834794
0,831327 9,882848
2,720495 4,636386
2,378749 4,673207
3,025838 4,253962
0,662100 8,703898
3,011475 4,925484
1,113827 9,446426
5,778697 -0,524879
0,819628 8,821666
7,174722 -0,494861
0,528312 8,962214
6,095039 1,396816
5,576653 0,083962
2,484510 3,157160
6,169728 -0,659264
6,752356 0,226541
-0,150373 7,761232
2,675910 4,912950
2,142489 3,469791
3,875022 3,938173
2,303841 4,478258
5,996210 -0,563858
5,605194 1,097698
-0,330923 10,102193
0,803147 10,143198
3,749320 4,321191
1,278294 9,560845
2,217445 4,780636
6,040155 0,036853
2,969997 4,275475
7,365868 -0,399259
0,728025 8,975788
6,378728 0,758629
5,570775 -0,569872
0,704979 9,116131
0,819995 9,267348
1,062909 10,006640
3,197841 4,124021
1,705068 3,928527
0,216616 9,212464
7,231289 -0,002869
5,985121 0,743063
3,825716 5,046199
0,747045 9,332378
0,247835 9,010625
5,868562 -0,415274
2,774920 3,939878
7,596844 0,405875
0,633181 8,785221
1,777332 10,052499
0,432752 9,129461
1,248414 9,170706
1,857640 2,779877
6,439175 1,063237
1,217949 9,941936
-0,196898 8,767358
3,268076 5,222918
2,851962 4,418684
1,463492 9,702529
0,016648 9,066020
0,881211 8,841724
2,044163 3,428837
2,689315 3,324988
-0,066343 9,043371
0,446680 8,671970
3,219551 3,851459
-0,783387 9,975189
1,711706 8,246615
3,167141 3,937467
6,267422 0,079376
6,228432 0,510728
7,090620 -0,596994
3,297966 5,510262
6,270553 0,066280
7,058296 0,287519
-0,075521 8,983212
3,491380 4,247711
0,786842 9,260306
6,769670 0,284180
0,579813 9,784208
2,105163 5,259475
2,771824 2,880513
2,098190 4,440395
1,405875 5,415909
-0,002169 9,384242
0,331502 8,722977
1,724525 9,554471
5,324907 0,014974
5,888488 0,263394
4,976637 -0,650131
6,100681 0,876567
6,019307 0,481596
2,603275 4,292262
2,346870 3,694586
0,258768 10,076411
0,386370 9,948386
7,160547 0,525070
0,231292 8,758511
6,788733 1,266695
1,630975 4,285881
3,117227 5,016258
4,906115 0,559255
3,242552 4,682805
3,376125 5,524546
3,044776 4,745450
7,378675 0,167194
2,967105 4,882952
0,434145 8,911538
5,360544 0,782163
0,921621 9,531618
0,556559 8,559348
-0,189898 8,781688
5,726826 -0,730005
0,349516 9,239817
6,367677 1,066722
-0,362463 8,037032
3,198954 3,938383
3,882256 4,425951
2,440433 4,242071
0,793506 8,536973
2,877965 4,907160
6,556822 -0,283409
5,672294 0,056697
2,360694 4,750662
3,078243 3,923056
6,435200 0,522339
-0,569342 9,535551
2,413833 3,852136
4,249244 3,727819
2,334225 5,014876
5,398083 -0,549599
2,298580 4,932249
0,148045 8,946115
0,458035 8,944525
0,896432 9,657230
2,998075 4,429021
5,376736 0,134371
6,584390 0,292409
-0,358279 8,002349
3,978707 3,493772
6,730677 0,925660
0,445741 9,539197
0,837810 8,759424
6,057372 1,072978
2,082807 4,301024
2,249978 4,309444
6,483389 -0,315819
5,050932 -0,028986
0,770166 8,308582
1,371272 8,725461
6,066084 0,211212
1,998096 4,755489
2,698112 3,880560
-0,540368 9,224235
7,602998 0,003896
3,138659 5,299868
6,548657 -0,883193
0,287993 9,434022
0,786223 8,974075
2,890227 4,946847
2,681469 4,151398
2,974508 4,033942
6,317105 -0,630954
1,369970 8,289191
-0,512510 8,465954
3,641008 3,622386
0,688019 9,204517
0,258453 9,510762
7,320511 0,352517
0,324459 9,350935
2,594249 3,846093
1,059847 9,414917
2,326581 4,911248
3,273233 4,713847
3,982554 5,344595
-0,440789 8,140023
3,720315 4,792196
0,116199 8,861969
6,391592 0,173355
4,106249 3,181223
7,419913 0,795399
1,602586 4,594906
0,053110 8,197014
6,938522 -0,653803
1,829790 9,919377
2,736313 3,562984
6,797557 -0,589343
5,565018 -0,587908
0,576012 10,369929
3,113526 3,246278
2,055655 5,104787
5,638997 -0,182289
3,146084 4,834319
6,699213 0,532171
5,733110 0,839411
5,568344 0,582587
3,942595 5,406117
3,058013 4,000214
6,479409 0,480383
6,816044 -1,014447
1,369060 10,155337
5,810113 0,200346
5,705914 0,067196
2,978574 4,791151
2,684480 4,286472
3,653344 4,537917
0,976743 8,867164
5,973073 -0,666105
1,042717 9,998534
7,584208 -0,049222
5,886240 -0,935757
2,056125 4,382700
3,916893 5,224954
5,851736 -0,086488
1,135937 9,891544
5,911442 -0,172739
6,130802 0,734320
2,649097 3,512064
3,591056 3,268626
0,508621 8,134550
7,365189 1,232723
-0,200075 9,064076
1,035788 9,701171
2,378163 4,237185
6,367521 0,251963
6,798348 0,935309
1,557208 9,260145
7,178543 -0,290410
5,503360 -0,064122
1,816218 3,797530
2,089927 4,055827
1,428327 9,363767
5,325217 0,164430
2,941022 4,177153
2,723666 4,251864
2,862080 3,895439
3,629874 4,644708
2,166445 5,498900
-0,287541 9,439845
0,383524 7,897250
1,164813 8,549561
2,066122 5,286353
6,758461 -0,368879
0,175794 8,997704
3,461239 3,179487
1,342531 9,789278
6,269156 1,139011
2,479750 4,367543
2,426294 3,972105
6,887723 0,986975
6,748680 0,268868
2,716872 5,058143
2,812308 4,509614
0,904419 9,745487
2,432263 3,822448
6,657794 0,489518
0,824907 8,762455
1,838966 4,927426
5,901523 -1,165402
6,525518 0,676905
3,713147 4,196552
2,603746 4,069578
0,272670 9,634671
-0,340298 9,351446
0,712289 9,888771
0,067098 9,924600
2,311921 3,500363
6,872358 0,378991
-0,356011 10,134368
2,314960 4,733494
2,695504 3,153315
2,515874 5,184767
5,759619 -0,635341
0,315829 8,703426
7,323502 -0,133131
2,745389 5,266249
7,223419 0,458917
5,648690 0,069710
5,383945 -0,164422
6,635732 -0,464967
3,325731 3,040021
-0,089495 8,918131
0,183889 9,225220
6,728330 0,635447
0,544815 9,193714
3,394351 4,583238
1,638441 8,906665
6,328106 -0,727456
2,082746 4,236438
6,179196 0,712961
2,854538 4,056912
1,915702 4,509545
6,276829 -0,187452
1,905866 3,866903
2,553069 4,384099
5,920213 0,010184
0,891934 8,945519
6,914803 1,057159
1,273977 9,321642
2,923146 4,400732
4,189677 4,158975
3,592686 3,390081
0,198451 9,980099
0,959797 8,719455
6,267768 0,551153
3,606260 4,697724
6,562066 -0,797607
3,462373 4,643422
2,834509 4,603073
6,118925 -0,152867
0,501382 10,266676
0,999907 9,125598
7,063709 0,268327
2,677300 4,940678
2,494773 4,060034
3,327316 4,772872
5,740746 -0,868319
5,612584 0,150267
2,481110 4,149028
2,920894 4,455687
5,832947 -0,154454
6,062217 1,047736
0,114869 8,285198
2,087733 4,328573
3,373612 3,794639
6,831133 -0,106654
6,699882 1,174493
-0,091009 8,668348
1,045913 9,539634
1,823532 9,232007
1,737521 3,487945
5,437686 -0,416895
7,093352 0,325122
7,373092 0,237122
5,797899 -0,901533
5,153265 -0,079132
0,128073 9,495060
2,753833 4,494158
7,209365 -0,317799
0,905716 9,166963
1,776463 3,933011
6,676787 0,786438
5,757515 0,040215
3,366585 4,384231
6,415151 0,215029
6,619630 0,786870
3,589736 4,212592
1,867624 8,662169
2,079757 3,551368
3,582080 3,568521
3,186003 4,795128
3,411037 3,581828
6,595519 0,799222
1,262147 9,296641
0,901291 9,412126
1,834249 4,681770
6,223977 0,672457
5,872753 -0,174506
2,731375 3,958291
6,081297 1,092406
0,878284 8,213577
5,941587 0,005305
3,086785 5,362635
7,094082 -0,492074
1,446356 9,377849
1,992722 5,557142
0,145140 9,421221
3,962061 3,147523
2,671466 4,649712
3,790163 4,014572
2,488751 3,775874
6,722047 0,222694
0,175096 8,198817
6,151558 0,504803
2,874895 3,314018
0,623928 9,076675
0,261445 8,692026
0,471180 8,747387
0,568750 9,061184
1,313553 9,829608
2,024013 3,650135
7,421957 -0,128949
2,907427 4,550540
0,165280 9,184196
3,657110 3,623195
0,807045 8,237221
1,156297 8,851977
-0,245287 9,371041
5,630637 -0,405149
6,325974 0,448896
3,134422 4,380621
6,297364 -0,196782
-0,082664 9,321175
6,324898 0,976287
6,279952 0,580194
5,510832 -1,027202
6,828838 0,411022
0,722018 9,804493
0,450556 8,992035
2,704547 4,411747
1,916553 5,117884
1,485737 8,065438
2,200385 4,686257
1,648326 9,826998
0,515926 9,194801
2,357820 4,877135
2,527107 3,285967
6,680436 0,395668
3,377796 5,014241
2,445672 4,521731
2,118431 5,526382
5,654788 -0,468794
3,573963 4,695914
2,497877 3,927028
3,629556 3,984027
3,678917 4,493156
0,408542 9,927507
0,219908 9,435500
6,344658 0,092555
2,505673 4,308038
6,156030 1,008724
6,935811 -0,436055
3,305291 4,286909
5,375286 0,045748
7,003673 0,811986
2,296453 3,917629
2,283758 4,447503
2,840723 3,353329
5,427256 -0,299707
6,533322 0,329943
5,737540 0,778807
6,281979 -0,549989
4,043847 3,215116
6,856896 -0,830162
2,812164 3,921905
1,940695 9,466116
2,284325 4,357424
1,726234 4,803433
0,436623 8,948027
2,788660 5,575251
6,064687 -0,231565
0,112619 10,224246
3,307156 4,081656
7,437204 0,056523
0,871790 8,658925
6,058610 0,555522
5,798015 0,579506
5,829912 -0,507827
3,055803 4,839297
6,758918 -0,046215
6,048153 -0,813517
3,006003 4,686084
1,113894 10,158125
6,347484 0,082339
6,388960 -0,571660
6,534946 -0,047220
4,842889 1,419041
6,218248 0,929528
3,328620 3,550871
5,207485 0,973807
0,838268 8,378394
2,491894 4,055798
2,986473 4,092863
5,748484 0,788901
5,691789 1,096704
6,306921 -0,471642
-0,020866 9,290240
5,824083 -0,409905
6,802789 -0,330861
2,930688 5,119010
3,605885 3,905297
5,645895 0,649833
3,677613 5,135179
3,322233 4,315968
2,229397 4,807374
2,166260 4,767162
1,617827 8,803596
1,238222 9,566612
6,446071 -0,627060
0,997686 9,041273
2,992947 3,818841
6,304384 0,521953
3,100374 3,772829
0,345543 8,431591
6,389512 0,264725
3,322806 4,834074
6,881025 -0,256749
0,410164 9,798573
6,066180 -0,089961
1,160578 9,059772
0,790634 8,717603
6,266976 0,388488
6,053571 0,410247
6,415257 -0,597321
2,744045 5,343661
1,537423 8,312255
0,591671 8,931546
3,827711 4,981687
6,869691 0,856514
0,435500 9,643580
6,931007 0,537442
6,876369 1,192860
0,807067 9,513296
7,177112 -0,817331
3,806801 3,227197
6,159161 1,057954
3,870752 4,560394
2,832976 3,640636
0,236265 10,090132
6,407555 0,696061
0,292142 9,287947
4,915854 0,591499
1,563001 4,472871
2,533561 5,468800
5,994824 -0,148745
2,635670 3,893080
0,023027 8,855517
1,537802 3,841686
6,105096 0,981873
0,779255 9,208258
3,120024 4,548288
0,741472 8,595190
2,047536 4,951757
0,874460 9,441953
0,992634 8,740826
3,499505 3,422528
1,460201 8,320652
3,685054 4,470678
3,994717 4,327562
0,845152 7,824110
0,355020 9,733718
2,291974 3,946859
6,424227 -0,141544
-0,248947 10,067478
3,403253 4,731980
6,877785 0,667518
2,389675 4,159283
-0,280965 8,364613
3,444796 3,996285
0,033362 9,419462
5,860554 0,141843
0,645709 9,768055
1,173359 9,317198
1,323694 9,729592
0,726915 7,992287
3,411523 3,890065
5,788553 -0,265412
0,399605 8,389834
-0,218228 8,830995
3,020778 3,899988
6,783777 0,541188
1,292492 9,630442
6,451149 0,378094
5,916755 -0,203705
0,108229 9,792204
2,519782 2,973428
-0,593939 9,348971
-0,478055 9,943755
5,807432 -0,549016
3,749284 4,553931
3,357443 4,966130
5,382649 0,135099
6,206755 0,825613
1,438846 4,110192
6,021156 0,540912
6,028611 0,509234
6,222573 -1,094043
1,829083 10,001102
0,809000 8,666631
1,301118 10,455488
1,123580 8,952066
0,432831 8,785960
2,253462 4,973013
-0,744366 9,710714
0,146045 9,358969
0,562699 8,488066
1,166797 9,628241
0,420673 8,674000
2,743196 3,816019
3,179093 4,111969
3,074450 5,216174
3,123154 5,096385
0,222893 9,522467
0,246601 9,626373
3,459669 4,683326
3,612080 4,261800
2,060098 3,368240
2,659087 4,659278
5,492416 0,723203
5,877824 0,248270
6,422456 1,120105
6,454686 -0,546532
5,355422 -0,274062
0,493042 8,617222
0,934384 8,598859
6,879173 -0,879591
2,624235 4,122461
0,457209 8,650705
0,181924 9,333169
5,946206 0,268040
5,681405 0,513908
-0,412782 9,205588
5,037690 -0,137410
0,651615 10,279521
3,742485 4,154062
3,988992 5,704118
-0,002255 9,465315
6,004673 0,406004
0,423706 9,696556
5,948720 -0,684069
1,820463 4,783583
7,121517 -0,051085
-0,276184 9,833036
3,153610 3,756590
3,924517 4,589271
5,484058 0,516623
2,690734 3,839447
2,733471 4,531111
7,006270 0,395805
1,125855 8,749543
1,318804 9,657635
7,748241 -0,562114
0,938828 9,171825
-0,492528 8,411254
5,855916 -1,057435
1,945836 3,735466
6,144759 -0,135102
2,663137 4,762860
1,044187 8,900083
2,824854 3,743873
1,319289 8,500512
5,697840 -1,287709
2,449979 4,124667
6,397522 0,205523
2,156889 3,760437
6,591898 0,531681
1,545689 8,078035
-0,006191 9,610326
6,917301 -0,489328
5,140284 0,399546
2,972447 5,603309
1,933087 4,124635
6,279727 0,625016
2,330538 3,366044
2,211911 4,837062
6,157769 1,049459
7,141107 0,328042
0,375492 9,362063
3,244200 5,049203
5,515394 0,843358
5,995796 0,332388
5,522976 0,600281
6,053858 -0,169530
2,322918 4,991957
7,020476 -0,393464
3,854365 4,838632
7,190609 0,719676
0,892347 9,685170
2,676562 4,037087
5,716677 0,154040
2,359350 4,764518
0,624901 8,615692
5,867069 1,320443
6,162966 -0,556537
0,072002 9,577292
6,728527 -0,468684
6,449468 0,775760
6,257721 0,192181
0,723039 10,241810
0,480358 9,441169
2,835699 3,680119
0,943394 9,138933
3,470162 4,397547
0,258280 9,706933
0,905829 9,097136
3,010807 4,246425
2,473402 3,992364
3,974136 4,401374
1,385812 9,389099
0,542010 9,012977
-0,032085 9,531231
0,724508 9,683772
3,698639 3,303914
7,089213 0,369496
-0,134618 9,007341
5,843872 -0,684395
1,713067 9,210474
2,101403 4,697267
0,129407 10,054972
1,376366 8,541829
5,886174 0,785522
5,756265 0,491496
6,449815 0,463565
6,881021 0,236189
1,695842 4,205041
0,229828 10,173358
1,441188 9,758095
2,230826 4,203797
6,647255 0,899390
0,674894 8,805846
0,520706 9,234787
6,007824 1,286562
6,740781 1,036919
1,168628 8,861161
0,870637 9,305398
6,805952 0,157145
1,104527 9,456870
7,536027 1,156114
4,145048 3,445721
1,385237 10,512886
-0,098614 9,402093
7,339141 0,878305
1,067214 8,791377
0,718782 8,734228
2,530061 4,257990
6,606179 -0,253793
6,570968 -0,729091
2,955032 4,014724
4,114609 4,425462
4,077264 4,879689
7,600479 -0,414743
3,410853 4,985119
5,774681 0,923083
2,811468 4,601625
5,620557 -0,096152
0,760710 8,346737
3,472581 4,751962
7,472468 -0,211726
6,195683 0,666227
5,647875 0,009240
6,229641 -0,638951
2,427678 3,636337
7,203436 0,671760
0,505960 8,573712
3,713078 4,158600
3,503054 4,416911
3,320671 3,507408
2,820638 3,347194
6,315742 0,674064
7,173743 0,101900
2,914773 4,649846
1,656457 9,426343
0,469113 9,381812
3,503112 4,024943
-0,054223 8,539841
0,590773 9,149656
1,819436 9,004210
3,721698 4,156631
5,350260 -1,013915
2,559219 4,848389
0,979925 9,139192
2,536873 4,066427
0,092376 9,283127
0,441512 9,732793
6,743268 0,152281
4,054158 5,727074
2,997140 4,892271
2,650565 4,410874
6,376328 -0,586169
2,669214 5,229945
1,088362 9,710494
1,703464 9,592757
0,543828 9,367346
5,549515 1,374008
3,458568 3,408622
2,276225 3,953198
6,569152 0,791487
0,823819 9,525160
4,057584 4,956615
2,936165 4,022433
0,908275 8,730394
7,041600 0,153752
1,112611 9,229453
2,027662 4,707905
5,883041 0,766855
3,074667 3,264319
1,229843 7,964569
2,411779 5,656614
0,599968 8,740183
1,060452 9,800463
1,670159 8,998312
5,681759 1,191007
1,022618 9,082103
3,648438 4,843352
6,959916 0,148880
2,989496 4,434860
7,136344 0,059715
2,138662 3,711497
3,119644 3,276839
5,983174 -0,015650
3,666253 4,324820
2,037006 3,904039
0,701389 8,966423
1,002742 9,371206
0,283970 8,474446
2,758096 4,267461
2,164458 4,914616
0,935868 9,649063
2,531879 3,119600
5,517375 0,291372
2,732519 4,688282
5,581987 1,165632
2,574637 4,545492
3,619106 5,449357
7,208073 0,337942
1,181049 8,992212
5,618711 1,160224
0,238029 9,612291
0,662626 9,527236
1,620417 9,481775
0,161450 8,927307
6,749030 1,205549
7,050355 0,836811
1,589077 7,855691
7,050748 0,814154
3,309998 4,871309
0,055563 9,426608
3,239950 3,718600
2,503108 4,166418
7,362253 -0,932777
3,375600 4,289114
5,016794 -0,368086
6,364483 -0,166493
6,467666 -0,271042
7,226319 1,198824
2,750780 5,172528
2,778578 3,850471
3,268713 4,083736
0,653319 9,363889
5,590705 0,435165
3,690577 4,615185
6,566803 -0,320639
5,471727 -0,944486
3,390246 4,370314
2,357052 4,224416
2,639520 4,156740
-0,222177 8,406587
-0,128643 9,550320
6,349065 0,826434
5,491299 -0,473625
-0,244819 8,027816
1,872621 9,714407
6,344102 0,404563
1,438750 9,187669
1,756195 3,263075
1,515437 4,663237
3,625656 4,984549
2,197296 3,126422
2,476523 4,992270
6,799191 0,327945
1,923789 3,869601
6,363943 0,177927
3,104356 4,804704
7,514278 0,661955
2,584515 4,090326
2,657324 3,077440
5,377498 0,122414
2,625865 4,148981
1,601665 9,037152
2,450183 4,226748
3,692115 4,493956
-0,076468 9,760082
0,785622 9,769268
0,625442 9,168732
2,177052 4,019670
0,740368 9,280598
0,646179 10,624988
2,786888 3,885466
0,433667 9,254885
2,008388 4,560702
7,417558 -1,157920
6,064556 0,170859
1,217942 8,665658
6,250598 -0,162428
2,987803 3,336560
0,184236 8,842642
3,373044 4,200575
1,143758 7,970891
0,693886 8,624024
2,898286 3,226313
6,334574 -0,220257
6,587924 -0,727278
1,666885 9,140812
6,022668 -0,351139
6,606259 -0,543070
5,401934 1,305100
3,360248 3,949174
0,203294 8,652780
1,416234 9,185156
6,556740 1,456529
0,711956 9,127530
0,049785 9,220758
0,763012 7,838651
3,258933 4,266065
5,268380 -0,792967
2,919123 3,810072
5,873931 0,302730
7,036680 0,515948
1,060522 8,817076
6,174510 0,115833
2,987615 4,492531
6,777028 -0,213561
3,354279 4,123250
3,271769 3,793376
3,497928 4,580169
-0,083626 8,793904
1,206570 8,453839
2,934837 4,467943
0,625392 7,994457
4,003602 4,899126
0,695273 8,414192
3,056964 5,006339
-0,286616 8,739325
2,013304 4,007836
3,562357 3,562316
5,428240 -0,076249
5,931279 0,058891
0,785795 8,820416
-0,662999 9,624719
5,593044 1,010655
0,649620 9,760348
0,347489 9,403615
5,764441 0,286631
6,476129 0,899502
3,546166 4,454662
0,623489 9,299232
3,478842 2,947035
5,675123 0,711098
-0,429381 8,370863
6,571304 -0,181545
3,047641 3,420448
1,168803 9,666622
0,369924 9,201398
2,992699 5,221099
5,915040 0,393620
2,263133 3,952498
3,883357 3,626814
0,537992 9,202517
5,777325 0,074696
0,650662 9,205211
5,736040 1,372915
4,130075 4,802489
5,362915 0,861364
6,170355 0,233207
2,739182 5,544295
0,084280 9,347092
0,970572 9,130827
1,001498 9,277096
3,858179 5,555356
0,926249 8,966068
2,686976 4,100694
0,105426 9,492441
6,133370 0,733722
0,643545 9,301628
6,829944 0,522120
3,364651 3,823361
5,934230 1,377911
-0,144076 8,720505
0,650044 9,338373
5,713937 0,577248
4,025716 4,427786
2,292728 4,111147
4,971363 0,408116
0,281456 9,613588
6,613249 -0,446921
2,069497 4,239411
2,958035 4,526488
1,490760 8,974802
2,422651 3,585274
6,823447 0,196605
-0,555385 8,577409
0,063630 9,162549
2,690838 4,068681
6,563258 1,448605
5,778235 -0,276802
0,035031 9,988029
2,887934 5,013257
5,896808 0,558371
1,165119 9,207857
1,469126 8,072721
6,605393 0,482225
0,698076 9,258030
6,794233 0,186760
5,554605 -0,079752
1,961322 5,291027
6,059123 0,574104
1,823661 9,121050
0,515179 10,138481
1,806960 4,125389
-0,152808 8,095291
2,631182 4,531777
1,450325 4,517724
6,120673 -0,297599
1,306797 9,908881
6,999158 0,235057
5,665992 -0,231677
3,296782 4,009660
6,897601 0,149755
2,854779 4,284876
0,462117 8,466429
-0,509320 9,572065
1,753951 4,036907
6,558301 -0,370900
0,359355 9,493343
4,050424 4,224812
0,796812 8,651560
2,584049 4,118516
-0,353634 8,363976
6,171182 0,100512
1,183203 8,849321
5,666912 0,603190
0,594484 9,545917
2,811013 3,622340
0,431084 9,567284
1,981014 4,197609
0,066274 9,421901
1,495786 10,044190
-0,081339 8,015823
3,136919 4,303730
2,855043 4,121378
4,000761 4,296166
6,005382 0,349238
2,770501 5,154960
6,125091 1,308189
3,229697 3,722592
3,305576 4,456944
0,954585 10,502025
5,961854 -0,546123
4,001281 4,229354
3,146289 4,055257
7,216661 -0,745780
0,601670 8,594777
1,967292 4,488178
7,504566 1,068635
2,032054 5,137737
2,620890 4,154463
5,828275 0,669305
7,543603 0,360009
5,656959 0,132688
-0,002794 8,277100
3,432774 3,714079
3,995272 3,627767
2,790623 3,341183
6,965031 0,090269
3,295876 5,304981
7,394189 1,524383
2,855053 3,988372
2,813362 4,406290
-0,670313 9,456002
3,077062 4,018332
2,902298 3,084046
2,904334 4,079906
0,502269 8,649171
3,430848 4,446032
2,787558 3,443232
2,343342 5,543206
5,937682 -1,065643
5,227715 1,348173
5,642290 -0,224101
6,451472 0,281833
4,159860 4,763775
6,882519 1,142327
7,460168 0,004378
5,838206 -0,056669
-0,211379 9,931260
0,544354 8,287677
0,248806 8,789257
1,044052 9,260664
2,621913 4,945174
3,034294 4,098656
2,120036 4,873559
4,177968 3,528460
7,097150 0,754753
6,598111 -0,279139
-0,378974 9,717301
7,322938 -0,504660
1,045775 9,356559
2,844987 4,427746
1,245087 9,482953
5,441042 0,596866
0,263214 9,458917
0,007862 9,034605
4,061526 4,167240
3,246735 4,208539
5,574613 -0,404816
1,029789 9,483333
3,200189 4,039768
2,567229 3,283232
6,050845 -0,128970
5,427604 0,489075
3,863640 3,968361
0,938139 9,413970
3,280682 3,904875
5,020131 0,617317
6,001922 -0,021263
3,315279 4,058038
3,441393 4,023374
1,779568 4,485760
3,148809 5,454313
1,372114 9,971517
1,230990 9,170671
0,078670 10,072992
2,751548 4,839612
2,269580 4,454545
5,996652 0,262921
1,305993 10,381641
6,373759 0,995416
2,951117 3,604917
5,452052 0,632119
6,112033 1,191423
3,037372 4,823260
5,079666 -0,482336
0,542097 8,925435
-0,437423 9,702831
0,930281 9,758263
7,609221 0,237241
7,191460 -0,000796
2,830115 4,123772
0,532162 8,218955
0,572225 8,061268
6,500923 0,930277
1,865491 3,668740
0,537874 8,585870
7,347002 0,221133
6,856237 0,030253
6,321398 0,688584
7,186627 -0,079229
0,851361 9,375595
2,464879 3,511547
-0,380712 9,211858
5,920505 1,172462
1,506178 7,871470
6,015253 0,226583
1,136822 9,394935
7,451297 0,119033
2,798350 4,065385
7,252724 0,457320
5,215252 -0,985391
2,694011 3,395696
3,629023 3,941215
3,598214 4,097897
1,928831 4,629835
6,248156 0,248544
1,923914 4,735512
2,719703 4,666096
1,909588 4,022792
-0,205744 8,321994
3,081269 4,629120
0,027413 9,190763
6,639584 -0,097267
2,099574 4,366268
5,930845 -0,509605
1,392776 5,084997
1,849195 4,832878
6,496463 0,312408
6,496337 -0,685175
2,793770 4,224281
2,005883 4,702035
3,717696 4,259002
3,115483 5,062532
-0,116613 9,407419
0,724001 9,268562
0,000913 10,090780
1,221098 8,356346
0,714581 9,723197
1,493934 9,243483
2,732849 4,543854
7,488145 0,446926
-0,769306 9,935243
0,497529 8,667674
4,113880 3,964052
-0,256611 8,353426
1,924719 4,425314
2,155429 4,382907
0,252379 9,325533
0,121362 9,319487
0,760540 9,557964
5,848348 0,674145
6,464769 -0,690326
2,932535 4,364297
2,743326 3,637627
0,510346 8,263770
6,552451 0,222964
7,338450 -0,829415
0,050274 9,131494
7,284927 0,343515
6,213124 0,500259
1,462432 8,445743
0,735381 9,449995
0,827392 9,331828
5,073267 1,345287
7,082164 -0,264672
2,851248 4,949746
-0,624232 10,098045
0,938962 9,226318
5,806729 0,127555
3,305596 5,302425
1,450396 9,273778
5,684256 0,681227
5,799542 -0,686149
-0,571433 10,176512
1,949118 5,014662
6,955522 0,458144
3,021040 3,955360
6,048063 -0,098841
6,778319 -0,894885
3,129276 5,315660
2,072018 4,134074
5,911564 0,582260
3,354326 5,407105
3,081881 3,162025
2,637885 3,861112
6,531178 0,013713
3,055811 3,825643
7,172456 0,310331
0,809952 9,401202
2,333311 5,141766
2,701655 4,364033
6,380730 -0,527662
4,034338 3,243917
6,465568 0,157568
6,708795 0,468558
2,806613 3,681823
0,771513 7,941255
1,304156 8,637187
2,102407 4,070562
3,093030 4,673491
3,309378 3,155673
0,276586 9,819189
7,707370 -0,014481
0,314758 9,167111
3,313830 4,366831
6,223040 -0,551011
2,349008 4,226307
6,930977 0,849579
3,886682 4,648778
-0,526138 8,436421
4,189843 4,327624
-0,018252 8,357762
2,802086 4,330846
5,854324 -0,294097
0,957625 9,509307
2,232527 3,340599
3,375219 4,453698
2,588513 4,129016
7,075126 0,146959
1,795570 3,065265
0,838355 10,432299
3,069890 4,561550
3,047816 3,882444
4,956781 -0,860630
2,927855 3,491766
6,175042 -0,347256
3,187217 3,409545
6,459726 1,039657
3,197308 3,711100
3,126681 5,475214
1,062874 9,244023
6,328222 -1,018419
1,437315 9,005746
2,947885 3,438893
6,573284 -0,507600
1,027910 8,905497
1,538841 9,176199
0,683677 9,498754
7,570341 -0,068989
3,277993 4,655013
3,039754 4,625238
-0,325869 8,861998
-0,144451 9,531176
7,035591 0,757331
6,225861 -0,938893
0,974092 8,699372
7,251428 -0,285449
0,968495 8,265611
1,241891 9,236513
2,759642 4,019186
6,550734 0,158248
2,725945 4,703875
-0,358614 8,773264
6,721908 -0,246573
6,478032 0,224520
0,469162 9,291253
3,857913 3,256770
2,257216 4,589032
3,114883 5,088234
-0,635966 7,914396
6,693405 0,022834
7,289495 -0,175648
3,273253 4,988604
6,383030 -0,128014
6,229571 -0,068989
3,553696 3,981067
5,334302 0,102212
6,853740 -0,599006
5,175068 1,087115
2,605351 5,027019
2,500580 3,157026
3,891474 3,782863
3,348077 4,726102
5,046256 -0,813611
5,262022 0,467050
6,453717 0,401976
7,653243 -0,537063
0,265976 8,635713
2,839831 4,383855
6,599536 -0,496473
5,471114 0,437737
0,575506 9,037085
2,651860 3,264070
2,422152 4,374049
0,053065 9,697154
1,741029 9,551450
-0,594906 9,077939
7,164190 0,067824
1,050546 7,956006
5,879951 -0,461372
0,458240 9,964159
6,145187 0,054969
2,257490 4,274269
1,900105 9,314252
3,254312 3,407256
2,319438 3,499427
2,960924 5,236915
2,060975 4,292001
3,406307 4,881513
0,932860 8,910722
3,432716 3,582077
0,482231 9,631837
3,339406 5,307248
2,525897 4,146423
6,111035 1,038171
2,422322 3,711523
7,275361 -0,293017
-0,074866 9,011977
6,453554 -0,091624
0,522121 8,925392
3,631558 4,082365
5,805401 1,579664
6,522325 0,786408
0,783981 10,144671
2,958106 3,981629
2,897045 3,960899
6,458490 0,634178
1,273160 9,423882
3,253120 3,692986
-0,040987 10,121346
0,269923 9,683480
0,791982 7,927576
6,048384 0,240861
-0,377989 7,991115
2,745999 4,905549
0,584439 9,063069
3,082690 5,713249
0,185480 9,397132
7,074103 -0,283186
0,407600 8,894016
-0,174146 9,320451
2,943920 3,787873
0,670784 9,322120
0,992432 8,915097
-0,359629 8,726951
3,182342 4,396733
-0,179134 9,071572
6,146439 0,342502
0,303373 9,824969
6,919908 0,754853
3,937696 3,380701
5,937049 0,726334
2,560431 4,597988
6,132280 0,100747
6,024731 1,504952
1,957713 4,517791
3,163077 4,837449
-0,239197 9,497108
1,577127 8,546592
5,917597 -1,003663
7,024339 0,145274
0,281528 8,977771
2,334474 3,385974
5,938564 0,935545
2,093510 4,618236
5,738227 0,875064
2,106330 3,515754
1,079991 9,561553
0,073865 9,276400
2,674426 3,820206
5,599486 0,439551
0,049478 9,252010
0,266200 7,963066
0,379739 9,492219
2,625601 4,391609
-0,157608 8,680582
0,311183 8,572942
2,839231 4,436415
0,416951 8,532755
6,021814 0,959410
-0,715208 9,599072
1,890099 5,227329
-0,030126 9,619534
6,375744 -1,129291
1,543270 8,544978
0,737597 9,141642
2,097670 5,000025
0,032354 8,539675
2,792165 4,522018
0,502803 8,659813
1,096643 9,720691
6,537817 -0,144805
0,830891 9,870328
3,077244 4,138403
0,726166 9,748928
0,202202 9,244273
6,826697 1,058782
2,566607 4,114304
2,298585 5,106545
0,740196 8,509265
6,321067 -0,657129
3,614622 4,762118
-0,709738 9,005029
0,179531 9,248065
2,528521 4,775740
0,014126 8,261882
6,671881 0,067947
6,232512 -0,137720
5,926747 -1,001045
5,543856 -0,482845
7,060130 0,200851
1,496411 9,946606
2,029831 4,454392
6,797639 1,387715
1,121607 9,012306
5,480429 0,938676
5,776302 0,185281
3,634116 4,760249
3,106477 4,592061
5,814509 0,297013
3,385811 4,398602
0,460624 9,539414
6,071785 0,963160
6,885218 -0,529765
2,830423 3,610170
6,127315 -0,071539
7,511729 1,078373
5,630132 0,843318
3,028668 3,805992
1,011317 10,059052
2,248585 3,313388
3,193367 4,672123
1,325302 9,360226
3,461225 5,234555
0,448524 7,944783
0,486189 8,925513
0,116060 9,365754
3,448325 3,989196
5,013857 0,161836
0,065210 10,197580
0,327917 8,737398
6,119882 0,791752
2,485059 4,858244
-0,384276 8,793304
2,452808 4,276133
2,839220 4,324122
3,201634 3,573729
0,785882 9,269310
6,201353 -0,177546
2,924857 4,201993
5,487710 0,538616
1,431109 8,947886
2,823503 3,986270
0,636780 9,965584
1,824651 9,304495
6,183789 0,274734
5,920091 0,810481
1,462934 5,126878
6,176252 0,616963
7,114483 0,993505
0,420604 9,764026
2,348247 3,320584
5,330189 1,473364
2,834106 3,638370
1,012474 9,028385
2,362719 3,110814
2,531222 3,866038
0,156285 8,049175
3,979992 4,230923
0,016746 9,763853
1,314588 9,003412
7,594829 1,021162
1,441031 8,361866
6,996239 -0,169395
3,086295 4,283592
2,887184 4,652306
4,274917 3,976998
1,443201 9,429515
5,329932 0,854678
7,033134 0,585479
5,526000 0,771721
2,694252 4,938297
1,770344 9,367596
2,784582 4,730865
2,749999 4,051080
6,090176 0,145024
2,738859 4,046283
0,416247 10,254161
6,014721 1,166152
6,036410 -0,752930
5,711900 -0,245354
4,084293 3,629674
1,514758 9,364851
5,899580 -0,450648
0,504958 8,600718
5,846516 0,642218
0,156804 8,977632
5,752632 -1,210871
6,146320 0,103206
5,520623 -0,200475
6,778001 0,366291
0,170902 10,374251
5,984318 -0,265127
5,941656 0,250882
6,080651 0,115381
6,888366 0,050332
6,139857 0,445221
0,853904 9,198141
0,114164 9,972382
6,543282 0,954406
1,638485 4,046657
3,162656 3,604082
3,018032 4,792483
1,806627 3,359599
2,431402 5,235106
0,935123 8,778374
2,704949 4,395251
0,987154 9,035886
0,245014 9,624700
6,097490 0,080693
1,176491 9,537717
2,787560 5,303357
6,270438 -0,279060
2,162984 3,303876
6,441148 0,792594
2,705791 4,541234
5,896616 -0,104277
6,247848 -0,094708
1,157643 9,396446
3,419174 4,415401
1,139374 8,069105
0,358366 9,398749
2,451795 4,390653
5,535123 0,537815
-0,399129 8,720189
1,634880 3,958344
2,833073 5,122363
5,785770 0,154461
7,396402 0,000289
3,284842 3,884854
5,597739 0,137370
3,444498 4,932281
6,486236 -0,650457
0,504384 8,760847
5,854589 -0,476507
3,435243 4,656303
7,582161 0,166360
0,372433 8,702285
3,698780 3,799435
6,508989 0,745112
3,282488 4,484435
6,411544 0,351761
3,212471 4,210847
-0,125797 8,894212
1,898059 3,747627
1,492438 8,457198
3,070026 4,205308
1,385919 8,612025
7,208996 -0,522978
1,420920 9,646626
7,554498 0,369838
1,644075 9,182760
3,084336 4,977293
0,866292 8,238053
0,302171 8,635798
2,257551 3,394897
1,274158 10,045092
6,492852 -0,372084
-0,250844 10,070025
-0,021760 8,801847
5,991942 0,762981
5,662255 0,548088
6,549357 0,452283
6,237979 0,921724
-0,323435 9,191871
0,853896 9,160841
6,289225 -0,811686
2,847843 3,873620
-0,018886 8,777317
6,818238 -0,477022
2,430852 3,045767
7,192850 -0,642235
6,089628 1,162026
0,893471 8,667327
0,524728 9,176165
1,247728 8,508221
5,333264 0,169806
6,571647 0,830990
0,273903 8,558897
3,764525 4,287122
5,890320 0,225774
3,252138 4,986829
-0,095185 8,537785
6,639966 0,091705
6,840862 0,191586
-0,412140 9,413897
6,546813 0,092292
1,498565 3,745179
1,789464 3,497314
5,010743 0,835105
6,142765 -0,070181
0,549873 7,829551
2,276102 3,242117
6,064215 0,326449
0,687796 8,365410
5,355395 -0,860278
5,782100 0,757453
6,294346 0,355093
1,174180 9,228818
2,522172 4,377139
-0,382004 9,162174
0,588227 9,304236
7,096063 0,225036
2,082061 3,534180
5,469290 -0,434589
2,382040 4,438292
2,109828 3,761504
6,873433 0,225811
2,593142 3,092910
2,927132 4,012410
-0,077469 10,167941
2,812250 4,129808
2,327526 3,295935
0,239797 8,082296
0,942657 9,253406
1,866882 4,682900
0,439152 8,208023
0,426642 9,380220
3,164947 4,079092
0,282687 9,290884
5,383795 0,251867
6,634679 -0,056510
0,430954 9,463017
6,977880 0,216286
6,120762 -0,627445
5,557139 0,916120
6,136643 0,422509
0,478746 8,872723
2,636936 4,067194
6,870168 -0,518872
1,393688 4,681477
-0,214485 8,998824
6,385086 -0,374256
0,527561 9,690115
3,625776 3,644302
3,186479 3,269689
2,491748 4,765890
2,458362 3,968685
3,264762 4,921832
5,797360 0,645196
6,337404 -0,372241
0,278946 8,679269
6,674683 1,207924
7,262073 0,109033
0,635335 8,944769
6,697717 0,216355
2,399265 3,768387
7,635965 -0,851252
5,424149 -1,066744
3,914402 4,559011
2,289821 4,178511
6,530627 0,078946
3,329083 3,697997
-0,121542 8,663623
0,534251 9,000123
0,970264 9,026858
-0,275630 9,908207
0,871181 9,519921
-0,420610 8,559032
0,884153 9,608268
5,584261 0,429806
-0,289228 9,704839
7,082162 -0,098995
7,103047 -0,455766
5,755374 -0,105148
2,311192 4,566023
6,756236 0,218967
0,588932 10,038028
-0,060958 9,502019
-0,130217 9,914330
1,654392 8,728525
3,750233 4,839819
5,734512 -0,506503
3,379246 4,149077
1,110676 8,193965
1,389073 9,767664
2,270246 4,000299
3,155307 3,744381
6,396408 1,255510
0,575291 9,264795
0,854206 10,183672
2,520844 4,742864
5,930173 0,950979
5,369580 -0,244267
3,243393 4,413833
3,766905 3,500566
3,568500 5,041755
3,606645 4,233535
6,707535 0,390177
3,623342 4,014345
2,525505 3,823794
7,225887 0,301814
7,188609 -0,950873
2,837288 4,183194
-0,230996 9,083251
5,767218 0,806126
0,550737 9,403935
2,836154 4,774803
2,568048 3,753607
0,636911 8,927136
3,056140 4,485069
6,865220 0,902354
1,017492 8,303884
0,606258 7,989648
6,392170 1,252654
6,558104 1,525922
0,757045 9,500574
3,187142 3,561042
1,393920 8,734421
7,597712 0,355467
5,219689 0,720464
1,135273 10,036445
2,927278 3,628810
6,269144 0,682722
0,983696 8,614138
3,269726 5,187514
6,857185 0,185187
6,040358 0,685338
5,228367 -0,041435
6,895683 0,973297
1,215692 10,301874
6,612155 0,541446
0,353946 9,341014
5,528614 0,658544
1,453166 8,138705
0,353155 8,483741
1,173455 8,758309
6,875786 1,278809
3,156480 3,786254
2,094647 4,924546
2,588981 4,383343
0,639604 9,658599
0,818206 8,802570
2,125211 3,889405
0,552280 9,806455
0,541610 8,523659
2,723811 4,818063
0,677599 9,310234
2,306943 3,657415
2,240478 3,984257
0,647818 9,838050
0,405884 9,506218
7,277941 0,671401
0,165637 9,580246
2,796634 3,382499
2,878164 3,386606
1,718963 8,204123
5,588378 -0,841731
7,514347 0,046904
1,647712 9,344030
0,034210 9,045373
2,995672 3,261285
6,884357 -0,157204
2,890459 3,645733
2,658363 4,271347
6,586934 -0,039457
2,615258 4,651125
6,722291 0,768721
7,386438 -0,211064
3,392567 4,876189
0,598741 9,679270
0,817972 9,093042
7,397181 0,134427
0,777342 9,689046
5,900046 -0,923997
0,796397 9,339600
5,758585 0,236427
0,423264 9,409337
7,329920 1,119021
6,944018 0,977736
-0,552541 8,360041
0,450862 9,359740
6,566163 0,503873
2,977675 3,696850
3,446107 3,671317
2,901911 4,847550
0,307360 8,445824
2,150768 3,590184
6,094042 -0,101863
0,623991 9,234876
3,366044 4,432342
5,551204 -0,569933
6,504435 0,111259
1,524180 8,330683
2,613271 3,480992
1,471328 10,061394
-0,405062 10,285500
3,578832 3,604087
2,765490 3,816944
2,532546 4,240032
7,525527 -0,119345
2,226630 3,261317
6,748059 0,780709
1,120618 9,920165
-0,183810 9,546246
0,679744 9,372319
5,645144 -0,722878
2,711724 4,910745
6,616000 1,181972
2,880464 4,179281
6,324717 0,484458
5,479027 0,289704
5,655202 0,683790
0,785576 8,269827
3,296252 4,018873
2,372972 3,180901
2,437135 4,428798
0,081190 9,159277
3,213353 4,330964
5,233461 0,325574
6,784228 -0,388745
4,202103 3,706617
5,764211 1,657644
6,172058 0,127011
2,519743 3,644849
3,629185 4,767465
3,915878 3,909791
0,048734 10,077823
3,769101 3,160035
3,318788 4,938625
1,798674 9,149697
2,316355 5,153532
2,569940 2,851940
3,336466 3,646659
2,726417 5,155489
1,018679 10,487867
2,166336 4,599130
1,789300 4,350093
0,698588 9,885578
3,486901 4,121866
-0,131206 8,480392
3,113428 4,917303
0,528740 8,757515
3,539206 3,955045
0,115805 8,732712
3,074274 3,036952
6,300721 -1,127048
2,885787 3,837705
1,808090 4,247590
0,959214 9,145439
2,767085 5,560243
3,559240 3,676877
-0,564344 9,171443
7,078695 -0,715760
6,350445 0,870881
0,378993 8,311044
1,615583 8,827874
2,572596 3,078885
0,050717 9,050653
6,304083 0,044314
0,348932 10,200032
2,303618 3,587204
0,064451 9,406109
1,053056 8,845003
6,421706 -0,097389
6,494847 -0,221663
3,139656 3,860151
1,384799 9,818142
6,531230 0,470107
3,488421 3,815690
6,286697 -0,455395
1,936933 5,216222
6,173470 -1,063996
0,580227 8,836762
3,557193 4,969812
6,933971 1,113987
6,240551 -0,602232
2,146136 4,460749
3,516469 4,457132
6,764369 0,553544
-0,091413 9,791524
0,383362 8,519139
6,688579 -0,134493
2,418180 3,452647
0,104430 8,707057
3,627496 3,507961
2,569463 5,304234
5,721537 -0,371841
2,569326 5,387168
6,800310 -0,338399
1,434064 9,426127
3,688054 4,494084
2,911071 4,668125
2,633946 5,088981
6,798965 -0,448390
2,564417 3,188883
5,991479 1,140161
2,625986 3,802053
5,606917 -0,141495
2,370813 4,864276
7,550360 0,118813
-0,237287 8,802736
2,805742 4,636386
-0,032459 9,765079
7,137852 -0,381531
2,626182 4,717876
0,389913 9,939343
6,411282 0,026604
1,040183 9,863732
2,603023 3,427318
2,442711 3,549302
5,746178 0,851597
5,069705 0,424018
6,106756 -0,223609
6,316533 -0,206340
0,233634 8,354435
6,284307 0,256305
5,839687 -0,111702
2,313692 4,578569
2,682762 5,184100
2,965301 5,070333
3,722486 4,957287
2,722877 4,500862
6,243270 0,483711
6,021812 -1,027783
6,817217 -0,064831
3,567824 3,978065
6,442261 0,005584
6,294146 -0,432272
0,716073 9,623172
-0,073502 8,063525
6,153513 0,277146
0,869457 9,892124
2,491449 3,690406
0,618416 9,418541
2,623369 4,257025
5,315833 -0,733325
1,312008 9,069570
0,819918 8,831239
-0,070083 8,251421
6,878653 0,773574
0,208471 8,409366
6,399317 -0,177585
2,408044 5,153252
6,684494 -0,375259
7,387198 -0,557460
2,873729 4,348622
2,583810 5,394606
1,788242 3,429236
7,219623 1,287632
-0,015253 9,349982
1,613766 9,415818
5,601593 -0,048035
3,200557 4,165497
6,213888 1,079977
2,162022 4,284546
0,542357 7,999788
3,260184 4,293775
2,955445 4,504394
6,516372 1,196351
1,324890 9,469491
6,726241 -1,073392
0,959246 8,896400
0,716155 9,524272
2,028494 5,038161
6,352925 0,711459
-0,357285 9,187367
5,556501 -0,409089
5,907895 -0,249853
3,072640 4,596393
6,569490 0,305961
2,783577 4,102942
2,710092 3,776556
0,112958 8,403079
7,328828 -0,953128
1,329055 9,307240
2,144032 4,752487
0,667286 8,954824
-0,679666 9,403784
3,464637 4,209019
6,178342 0,180342
6,294115 0,965171
3,693849 5,458210
6,125182 0,076482
2,799699 3,357919
-0,103573 8,951243
1,364755 10,525073
0,940402 9,267504
0,961833 9,177859
7,543639 0,078115
2,890295 3,150377
6,781548 0,479653
6,420858 -0,042575
2,920248 3,906460
3,346231 3,997652
5,986156 -0,301860
6,529659 0,408894
7,240393 -0,792500
1,740193 4,406115
1,488057 9,127094
6,473858 0,638427
3,018736 4,538242
6,137788 0,246787
2,597162 4,770790
3,576689 4,260739
0,650568 9,941179
-0,580488 9,052882
6,305337 -0,620500
2,005997 9,439046
2,816275 3,944428
5,601461 0,384358
7,368360 0,518293
7,513888 0,140198
6,665714 0,091404
6,495165 -0,076403
6,112766 0,704567
2,890935 4,018901
2,447339 4,128596
6,224463 0,478472
1,818121 10,395584
1,475793 8,343148
3,739500 3,995182
3,422802 3,976936
1,242030 8,324159
6,156367 0,198565
-0,379233 9,248219
2,963614 3,556001
2,397956 4,650656
0,700085 8,150627
2,098439 4,737421
5,717592 0,128044
5,062037 -0,675348
5,886849 -0,228275
0,241897 9,720931
0,449874 10,433270
6,851183 -0,134018
2,490913 4,109917
6,669579 0,018924
0,064953 9,258689
3,548979 4,346740
2,222957 4,727800
2,703126 4,487521
0,265662 8,671486
0,573424 10,368811
2,169202 4,295719
0,075792 8,639603
2,724036 3,744428
3,728010 5,289963
-0,129309 8,574572
1,169034 8,780770
0,593842 9,277239
-0,691031 9,510352
6,705940 -0,403279
6,343814 -0,448054
6,370432 -0,143930
6,770625 0,696943
6,933147 0,119387
5,926786 0,174689
0,810922 8,813765
2,265186 3,988426
6,046763 1,552047
0,841909 10,449015
4,008396 3,043590
1,706346 9,565130
2,512597 4,269048
-0,601181 9,207925
0,415028 8,604859
5,633910 -0,584978
0,173346 10,444251
0,223533 9,375491
6,407671 0,329420
6,198840 0,202807
1,075739 8,357282
6,386336 -0,471123
6,422765 -0,131416
4,962371 0,328085
6,275400 0,619056
0,903041 8,394846
1,407941 8,896025
6,245276 0,350705
5,941422 0,423132
2,903132 4,635858
6,722543 1,174639
6,564857 -0,361117
3,061395 5,074974
-0,080998 8,506372
0,307513 9,494504
0,633520 9,353768
1,821246 4,269190
0,324311 8,981594
0,586664 8,737430
6,203827 0,430149
2,968832 3,455708
2,507789 4,313731
1,284337 8,282305
3,882828 4,438803
3,650768 4,683311
3,811629 5,275929
2,371790 4,701568
1,458046 8,030443
3,186527 3,134588
0,010137 8,455357
3,385615 4,450426
3,073220 3,551460
2,768732 4,756455
5,296042 -0,618048
5,799346 0,511330
2,917760 3,564794
0,327768 10,192194
0,715468 8,395254
2,231915 3,541299
5,925553 0,654003
0,636859 10,489163
1,457883 10,403789
6,430545 -0,049107
6,340878 0,861275
5,630699 -0,301748
1,219601 8,492760
6,041170 0,529946
0,470307 9,091419
1,289038 9,195255
6,978405 -0,189593
2,850287 4,279011
6,669776 0,307313
1,157833 9,973502
3,053913 4,651755
2,812157 3,439083
5,176872 -0,064053
5,806033 0,884110
5,736921 -0,499508
2,098347 4,252000
1,351316 9,028609
3,290514 5,121101
0,998762 9,076948
4,140875 4,503991
2,667091 5,012179
6,610557 -0,345694
6,897560 -0,615601
6,041603 -0,617795
6,828017 0,425607
0,193067 8,541146
5,486665 -0,171726
6,623154 0,499388
5,733304 -0,272573
2,288587 3,643809
3,073941 4,080149
6,087308 -0,389711
3,550041 4,140705
3,994090 3,085401
3,645574 3,466845
6,439013 0,452556
0,232182 8,715195
7,117348 0,081123
5,703759 1,194536
1,941799 10,053043
0,599667 9,138338
3,528049 4,741510
3,016530 4,612530
1,256280 9,628031
3,745276 4,487928
2,633412 4,418895
7,353802 0,429698
1,703513 10,383571
5,951479 0,294482
5,226809 0,107078
6,737171 -0,357521
7,061864 -0,694440
6,096774 0,312958
3,755752 4,146449
0,799699 9,317189
4,073042 4,425547
6,180464 0,551555
6,108947 -0,120125
0,702845 8,889044
5,915106 -0,305055
0,380797 9,037195
1,483019 9,307779
6,116325 0,389492
2,675462 4,729729
-0,068343 9,856362
0,992593 9,362330
2,637380 4,285982
6,448894 0,000992
6,726516 0,596751
6,216515 0,423843
0,311833 9,276692
0,611939 9,179693
1,251098 9,538382
0,463945 8,712331
7,330666 -0,341179
6,734133 0,503276
6,352685 0,444659
-0,045397 7,765191
-0,663835 8,997668
2,885804 4,544414
1,852731 4,853759
6,027208 -0,594715
6,406261 0,484637
0,572331 7,983714
3,109316 4,953744
2,917751 5,352053
1,129682 8,307923
1,510469 9,403773
1,214819 9,784802
1,763281 9,464161
1,768800 8,929089
0,663206 9,578329
1,458721 9,228961
-0,292548 8,850383
2,305753 3,650631
6,765987 0,119474
5,888133 -1,219874
3,353836 3,474177
2,737822 4,218029
3,186687 5,360228
7,274968 -0,153653
0,559068 9,585207
6,032536 0,236166
2,447034 4,259960
3,100638 4,090136
0,169001 8,995736
3,701312 4,147519
6,975213 0,159563
-0,009597 10,022952
5,314725 -0,699838
4,279569 5,101007
2,342307 3,268648
6,493962 -0,050047
7,444909 0,755032
6,109474 -0,110768
0,299325 9,351806
3,524193 3,796286
1,741149 10,437063
0,721651 9,162175
6,936166 0,730486
0,849477 10,071320
6,100269 0,458608
2,860618 3,298341
0,662894 8,939884
-0,143687 10,002559
0,127492 8,384741
0,374632 10,019767
6,145005 0,035723
0,231919 8,646749
0,976065 9,621279
1,593468 3,612651
3,915841 4,667218
1,690926 3,891316
2,724612 4,866895
3,467406 3,785092
2,914162 3,149907
7,509403 -0,334466
0,042505 10,237576
2,106786 3,811632
2,171652 3,799951
1,176302 9,491617
6,214591 0,121273
0,878131 8,421507
0,627024 8,981337
0,727674 9,005656
7,488842 -0,069403
0,243672 9,874605
3,368754 5,380412
-0,401820 8,753299
1,719607 9,205789
0,086806 9,172452
6,754649 0,686161
3,082098 5,666730
2,463720 4,782163
7,394597 -0,328719
1,379463 10,078329
5,713917 -0,191016
6,884926 0,044151
6,564026 0,023939
1,788714 3,421676
6,534980 0,201148
1,080080 8,936660
5,701436 0,418079
0,744414 8,329958
2,236954 4,029159
0,672875 9,397689
2,222835 4,157951
0,720725 9,650644
0,700499 9,627640
6,192183 -0,354266
5,638504 0,086710
2,615153 3,729452
-0,254129 9,259159
1,606935 9,703899
1,039918 10,329476
0,109516 9,707383
2,782197 4,014235
2,172799 3,304363
6,238690 -0,987744
1,018908 9,039345
0,856786 8,542687
0,655837 8,909012
0,584692 8,503270
5,347684 0,107148
0,818046 8,672222
0,168665 8,460144
2,948856 4,686211
2,741177 4,225384
4,117277 4,422944
2,030019 4,328002
6,897018 0,093570
6,018352 0,202001
4,158666 4,713489
3,621894 4,394397
6,076017 0,201224
6,246189 -0,499902
6,638254 0,307517
1,442519 9,768239
2,678621 4,114061
-0,095896 8,983373
2,893653 4,052904
1,749896 10,377355
6,002211 -0,030514
0,362935 9,234851
1,749186 10,511119
5,811819 -0,386086
0,166666 8,852685
0,067893 10,060644
1,508889 4,657951
5,158332 0,612674
6,267362 0,451294
6,670270 1,243109
1,057292 9,413364
2,715421 3,490770
6,499134 0,989310
7,302914 -0,023845
2,499963 4,236695
6,860225 -0,243428
3,306628 4,434925
0,301946 10,133120
-0,146216 8,693980
2,727063 4,657269
0,671730 9,452816
3,492602 4,229561
-0,580269 9,031724
1,929318 10,324128
5,024211 0,026639
0,941386 9,653468
6,597664 0,066563
2,022954 4,018257
2,210785 3,859866
2,762461 4,658428
6,238893 0,131518
2,775214 3,287426
1,780206 8,496231
1,853571 9,230326
1,626459 9,219891
-0,474410 9,900052
6,997981 0,183238
3,207301 4,291985
0,584950 8,503631
1,705572 8,946004
2,682623 4,059804
6,132579 0,511646
2,362202 4,163324
0,295468 9,492947
2,832213 4,454304
1,054471 9,376500
-0,155300 8,089089
3,831611 3,375032
2,818726 3,252151
0,265847 8,572190
6,546738 0,109786
6,312648 0,715260
-0,446770 9,759711
1,482693 4,529040
2,137207 4,789641
2,373684 4,519209
6,057416 0,813552
6,145448 0,211537
6,291620 -0,372007
5,748952 0,706018
2,754029 3,567731
2,006220 5,373707
2,149340 4,581562
1,145365 10,571912
1,208242 10,226424
1,285713 10,316875
0,106319 9,283508
0,726807 8,211477
6,948366 0,415780
3,883443 4,646308
2,743215 3,409380
6,386508 0,184466
6,375527 -0,740044
2,844128 5,528195
0,453066 9,108235
3,892959 4,019203
2,184493 4,576711
6,170536 -0,079829
5,958284 1,280550
5,228587 -0,123033
6,831991 0,347286
0,096820 8,451316
3,587688 4,252128
1,621578 9,344489
3,042144 4,380670
5,866844 -0,518920
0,447691 8,924137
6,675942 0,835793
0,861323 8,183970
6,640080 0,452957
1,601260 3,899454
6,571525 0,721389
2,157760 3,290203
2,890474 3,496828
6,602546 0,671890
7,070758 -0,456600
0,952297 8,307565
2,762687 3,358592
1,728713 9,347008
-0,612256 10,009949
0,689202 8,411014
3,502797 5,294229
3,294045 4,540566
5,718330 -0,538565
3,959815 5,385291
3,100097 4,275838
7,043975 0,801464
5,200290 0,405620
2,450744 3,639656
0,260610 9,059360
6,217213 0,630304
2,922730 3,415461
6,033422 -0,926290
5,820043 1,318478
-0,433097 9,251528
-0,218314 9,636648
5,829852 0,835410
6,626006 0,017094
1,689052 8,249050
5,754702 -0,618735
3,590403 4,264790
0,518280 8,934806
3,948945 4,926395
2,315432 4,466285
6,849396 0,407675
3,877388 3,962838
5,814540 0,155953
2,254583 4,827525
0,352377 9,335689
-0,251457 9,510326
0,519073 9,090935
3,898443 5,451029
2,666457 4,628328
5,641249 0,402744
1,700475 8,815430
1,283169 8,779649
6,860751 0,080998
6,369939 1,254659
0,706274 8,481980
2,558850 4,118313
6,987705 -1,058107
2,845236 3,264144
3,240255 4,817116
1,573318 9,291304
2,521296 4,283733
2,736704 4,799624
4,962318 -0,090003
6,904234 0,773018
0,223596 8,592651
0,520097 8,825414
7,299461 0,262398
2,821943 4,881250
3,053002 4,422494
1,365699 9,789137
2,585076 4,147360
