2,267808 1,927492
2,176130 2,374684
-0,306521 -0,669524
2,241788 1,375703
-3,471693 0,951638
-4,035815 0,397210
-1,003039 -0,523186
-3,640294 -0,239008
-3,112888 0,053324
2,888416 1,758206
2,477636 2,400533
-4,170247 -0,123741
-0,443060 -0,662232
-0,457018 -0,513163
4,066489 1,974582
2,781946 2,080485
-1,360938 -0,354031
3,154789 1,746759
-3,213928 0,590930
2,276233 1,393812
3,426456 2,184319
-2,894903 0,665292
-0,623558 -1,393031
-1,305458 -1,153644
-2,966545 0,160801
-3,343115 -0,243012
-0,510306 -0,934918
-3,392791 0,187006
-4,336012 -0,033404
1,829190 1,679460
2,772712 1,877855
-0,338146 -0,674409
2,283907 1,781241
1,896683 2,205635
2,313149 1,769264
-3,744735 0,631251
-3,561147 0,391105
-0,299821 -0,722027
-1,767418 -0,642535
-3,360681 0,666004
-3,486075 0,680898
-3,865352 0,244396
2,688044 1,323449
-0,297285 -1,133695
2,445228 1,655515
2,768974 1,823470
-3,651737 0,188867
-2,792844 0,549955
3,141903 1,706538
-0,208963 -0,588200
-3,405173 0,437433
-2,611691 0,288949
2,980461 1,661389
0,853776 -0,502753
3,233576 1,888517
-1,285845 -1,119193
-3,578269 0,376358
-3,695313 0,081554
-3,763461 0,160752
2,774065 2,067297
-0,301962 -0,650579
2,549434 1,376098
-0,891384 -1,108006
-0,321344 -0,397345
-3,257241 0,233843
2,514881 1,784054
2,577600 2,269684
-0,745480 -0,737551
-3,318751 0,249537
-3,271391 -0,114019
-1,343658 -0,674277
-1,382101 -1,211760
-1,221704 -0,918918
-1,325607 -1,010489
-0,264396 -0,091487
-2,516319 0,890470
-3,629781 0,483233
3,290780 1,774998
-1,531442 -0,753574
-4,425444 0,117982
-2,307120 0,914287
2,594838 1,415121
-0,874206 -1,382985
1,869155 1,457846
-1,192773 -0,441887
-3,670822 0,315674
-2,915789 -0,005323
-3,564053 0,836604
2,306004 1,788886
2,547644 2,205286
3,460838 2,315447
2,509891 2,106548
-2,825445 0,580622
3,672036 1,991831
3,130518 1,887581
2,040166 2,307950
-1,862151 -1,408057
2,571080 1,929888
-0,456047 -0,622830
-3,865494 0,240100
-4,757616 -0,115399
3,171929 1,696104
2,368070 2,142028
0,186246 -0,915239
-2,290140 -1,245640
-1,875394 -1,134144
2,225402 1,585445
2,940255 1,966820
3,585361 2,009104
-3,267908 0,852883
-1,935370 0,546942
2,045949 1,810824
0,622648 -0,634249
-2,244606 0,414823
2,139467 2,140137
-3,803241 0,201741
-3,575669 -0,136959
2,983690 2,275015
-0,722016 -0,791212
-3,480283 0,590706
-0,715230 -1,272866
2,240413 1,830661
-3,157866 0,403390
-3,085808 0,585184
-3,396864 0,487828
-2,967296 -0,320803
1,597481 1,614522
-2,629545 0,911167
-3,922026 0,424344
-1,055402 -1,166289
-1,224186 -1,192843
-3,106308 0,393769
-1,919446 0,866594
2,745229 1,883517
-0,599836 -0,499076
-0,106996 -0,805729
0,026547 -0,533506
-3,384876 0,384109
2,306166 1,552411
-1,503198 -1,492707
-0,708385 -0,421124
-2,720598 0,359064
-1,219150 -1,027510
-0,775077 -0,794324
-0,932224 -0,556387
-3,477285 0,001642
-0,093883 -0,543365
2,765428 1,825849
-4,410724 -0,034399
2,249578 2,111111
-1,790227 -0,893289
-2,618117 0,619647
-0,929755 -0,828121
3,002066 2,112731
3,742943 1,799748
2,312640 2,054729
-3,466364 -0,271160
-3,508304 0,050376
2,669945 1,934046
-1,215833 -1,039997
-3,152721 -0,013861
0,646310 -0,730064
-2,488994 0,335712
-3,794601 0,659323
-1,073551 -1,152301
2,254185 2,467930
0,213176 -0,437345
-0,816818 -0,623311
0,485958 -0,271241
-2,699415 0,523323
-3,690746 1,067229
-4,112038 0,393871
-2,375993 0,598847
0,776778 1,459909
0,273303 -0,560354
-0,875870 -0,775997
-1,514598 -0,662425
-2,375568 -1,071828
-2,540169 0,766258
-1,365617 -1,410246
2,938912 1,539343
3,560955 2,482671
-0,990234 -0,643275
-3,947342 0,429596
3,187830 2,322762
3,154157 2,443809
-0,399171 -0,856056
-2,894211 1,070495
1,915249 1,544392
2,852095 1,250883
-0,654084 -0,293729
-4,149630 0,033668
-3,393811 0,669411
-0,489329 -0,369741
-1,148548 -1,457483
-2,694705 0,311810
2,608957 1,633446
-0,813320 -0,616448
1,906711 1,720451
2,083331 1,674772
-3,688776 0,396269
2,901476 2,115150
-1,451045 -1,194993
-1,380828 -1,265127
2,193649 1,707605
-3,098038 0,515518
2,325263 1,312578
-3,831892 0,240684
-4,398569 0,065905
3,778075 2,406949
0,143564 -0,384306
-0,894634 -0,957579
0,120370 -0,314050
-3,091536 -0,054467
2,472824 1,401092
-0,966988 -0,801310
-1,500536 -0,900118
3,228950 2,322138
1,476888 1,545930
-0,607858 -0,771761
3,179706 1,808789
-0,133200 -0,708769
1,478215 2,041894
-1,424154 -1,257623
-0,398387 -0,669418
2,812844 2,454050
3,794095 2,415209
-4,025111 0,231866
-3,949611 0,298318
2,882441 2,105343
-0,550670 -0,822061
2,393053 2,062726
1,890600 1,695886
-0,576740 -1,413800
-3,866697 -0,044660
2,811410 1,396952
-2,340137 0,819572
-2,200394 0,695902
-3,016236 0,758478
-1,211972 -0,833025
-3,004424 0,347403
2,267368 2,086446
2,778801 2,052697
-2,400002 0,761483
-0,626395 -0,589459
-1,511626 -0,377946
-0,409656 -1,191257
-2,613498 0,528639
-3,551413 0,353340
2,600149 1,612040
-2,796723 0,191902
-3,343955 0,884664
-2,829164 0,451833
-3,494126 1,077633
-1,185412 -1,521604
-0,875400 -1,153900
-2,678233 0,519381
-3,555963 0,277022
1,525750 1,998434
-3,939009 0,756424
-0,684762 -0,885246
2,835590 2,128390
-4,152300 0,459315
3,907691 2,285447
-0,355073 -1,030551
-1,068305 -1,370702
-0,551890 -0,321472
-0,890467 -0,758425
-0,219292 -0,792732
-0,899707 -1,115542
-3,854010 0,272515
-0,682961 -0,463013
-0,709646 -0,766237
-2,838092 0,634409
2,548796 1,751410
-2,872611 0,637485
-1,240194 -0,672323
-1,156052 -1,054550
3,225805 1,738199
2,430403 2,225002
-2,614452 0,955972
-1,053745 -0,501061
-3,853476 0,414829
-1,429278 -1,014632
3,200322 2,045015
3,759119 1,930993
-3,993682 -0,196693
1,317539 1,695003
3,601012 1,937224
-0,107549 -0,520894
2,018185 1,711713
-4,106082 0,011497
-1,112258 -0,874536
2,034118 1,909561
-0,992060 -0,692415
-2,840485 -0,016156
-0,949420 -0,720570
-3,597295 0,756971
-0,572935 -1,114506
2,176997 1,804406
2,570956 1,691705
-0,341901 -0,617947
-1,089863 -0,857356
-3,656755 0,476564
0,199738 -0,755312
2,432901 1,403814
1,937687 1,675013
2,524373 1,096219
2,500953 1,705135
-2,798177 0,812577
-0,794975 -0,570982
-0,446474 -0,695241
2,512885 1,876583
-1,043386 -0,779769
-4,128156 0,233634
-4,490542 -0,224687
-0,563342 -0,908822
0,823799 -0,331660
-1,319259 -0,798158
2,659449 2,773312
-3,073255 0,222846
-3,808681 0,502492
-3,481023 1,087312
-3,190663 0,044309
-2,358447 0,897640
0,533611 -0,264064
-5,024283 -0,075400
-1,628532 -0,782099
-2,589706 0,345864
2,190391 2,076824
1,915977 1,238813
3,206283 2,029456
3,546985 2,255802
-2,810074 0,538050
-3,198150 0,397441
-2,681663 0,652809
-3,317335 0,563632
-2,785362 0,826661
-3,183177 0,406014
-0,565664 -0,361415
2,028480 1,412434
3,007088 1,359981
-1,102605 -1,106566
-2,338621 0,618185
-1,239910 -0,926948
-2,867086 0,366887
-3,071299 0,174549
-3,570625 0,054851
-3,826663 0,074982
3,528870 2,073957
-0,639933 -0,881594
-3,896565 0,418477
-1,152892 -1,313431
2,119480 1,947163
1,444449 1,767605
2,560066 1,209647
-0,481126 -0,974497
-0,910397 -0,388495
-3,990937 0,634365
-1,191844 -1,149466
-3,025784 0,643300
-4,495986 0,039632
-0,843738 -1,215525
-1,555570 -0,955515
-0,708602 -0,484101
-0,572494 -0,554130
2,918787 1,522488
-2,292584 0,482836
3,200577 2,225049
-0,620392 -1,089992
-2,385970 0,441586
-2,666503 0,453497
-1,875678 -0,950166
-4,442413 0,109208
-2,266244 0,198248
3,048922 2,154267
-1,993926 -1,027880
2,380486 1,640850
3,040506 2,290748
2,433838 1,804703
-3,454909 0,214391
-4,498851 0,209697
-0,471759 -0,650370
-3,022386 0,278396
0,382487 -0,920121
-0,530091 -0,806466
-1,918473 0,864004
1,547016 1,866880
2,664826 2,050930
2,108690 1,230122
3,578351 1,827666
2,551005 1,870904
-0,989370 -0,855234
-1,147003 -0,500956
0,460709 -0,331723
2,723983 1,692222
-4,522571 -0,040915
0,655171 -0,451983
1,963276 1,404183
-0,707086 -0,687759
1,898907 1,964505
-1,445320 -0,909244
-0,733538 -1,165971
2,233259 1,877378
-3,901397 0,019651
-0,678599 -0,910878
-3,484636 0,432260
2,523062 1,802580
-3,212886 1,114531
3,199851 2,027549
-3,535708 0,428047
-2,451638 -1,229308
-4,472958 0,300609
1,971509 2,218408
-0,797477 -1,102444
-0,538483 -0,645890
-3,688635 0,526318
-4,350378 0,130726
-3,936909 -0,242219
2,060246 1,805594
-3,911624 0,318500
-4,165199 -0,258931
0,079595 -0,272378
2,210809 1,768306
2,031211 2,014787
2,299370 2,173511
0,142168 -0,374561
-1,713835 0,790017
-0,338006 0,062937
-1,564282 -0,486298
3,011000 1,882655
-0,599811 -1,403455
2,501951 2,027949
-1,660358 -0,835349
0,312620 -0,457333
-0,621428 -0,584768
2,729579 2,409846
-3,884914 0,611641
-1,180056 -1,466933
-1,599427 -0,451224
3,261083 1,622034
2,006000 1,475435
2,812395 2,142972
-0,084617 -0,366282
-3,135049 0,078036
-0,671735 -0,468850
-3,464860 -0,447191
-0,507824 -0,345662
-2,477353 0,418050
2,906731 1,471550
2,481646 2,139944
2,113829 1,521563
3,133468 2,253307
-2,768337 0,711094
-3,415096 0,509068
3,154923 2,491865
-4,001443 0,259330
2,041100 1,527869
-2,794739 0,570643
3,878724 2,116554
-2,672654 0,617838
-1,851024 -1,088143
2,389828 1,726392
-2,141431 0,768760
-0,651310 -0,976917
-0,181434 -0,755302
-2,095619 -1,177647
-3,721784 0,098219
-1,389765 -0,456493
-0,641256 -0,532717
-0,843615 -1,674671
1,662222 1,655635
2,283655 1,776402
-0,636005 -0,902461
2,196394 2,144654
-4,052380 0,449962
-3,397874 0,461038
-1,341140 -0,955417
-0,920268 -1,463847
-0,269895 -0,838790
-3,352792 0,319472
-1,268002 -0,432428
-2,701527 0,949937
3,183345 1,796029
-0,097023 -0,270860
-2,052612 -1,349684
-2,614419 0,480618
-3,250525 0,689222
-3,154069 0,219303
3,982847 1,894815
-1,608916 -1,085477
2,739223 1,369278
1,896956 1,517707
-1,725578 -1,187942
-2,101345 0,769779
0,709131 -0,512759
-3,099902 0,306931
-1,673010 -1,475462
-0,515830 -0,481785
-2,183326 0,471732
-3,339680 0,761808
1,598061 1,696428
3,600976 2,165734
-3,803122 0,087619
3,249955 1,837273
3,100966 1,989410
3,727824 1,894680
0,091526 -1,087325
-3,736564 0,476347
-0,003756 -1,181710
-0,813543 -0,496203
2,553529 1,280870
2,079391 1,854537
-3,582017 0,197975
2,032243 1,265600
2,510061 2,220838
2,978296 1,990345
0,503857 -0,525438
2,493974 1,800891
3,347956 2,322571
2,356774 2,111647
-0,470588 -0,966056
-0,808519 -0,561850
-3,627273 0,675872
-0,931745 -0,863235
-2,416449 0,411756
-2,504357 0,611626
-4,337193 0,412121
-2,119241 0,733031
-1,189900 -1,019887
-1,674094 -1,388772
-2,221963 0,431427
-1,310722 -1,114748
-2,111824 -1,325761
-0,627255 -0,666835
-2,430164 1,046456
3,475400 1,579926
-0,783305 -0,786249
-2,859968 0,573851
3,109501 2,341159
-3,637767 -0,091416
-4,084630 0,410109
-3,121578 -0,051203
-1,008757 -0,696848
3,231454 1,684294
-1,026746 -0,851974
-0,641413 -0,367734
-3,794701 -0,009998
1,896028 1,755397
-0,025267 -0,718218
-4,915720 0,193736
-1,620576 -0,703392
2,320014 1,771674
3,885204 2,344323
-0,414724 -1,139129
2,521878 1,443797
-1,836554 -0,690722
-3,053178 0,578006
-1,252097 -0,834153
-1,307966 -0,808102
-1,255626 -0,882203
0,179305 -0,831826
-0,269687 -0,742538
-4,316695 0,463774
-2,960047 0,496388
3,110056 2,684524
-2,801669 0,084428
-3,800232 -0,042589
-2,121000 0,532545
-3,020372 0,729086
3,188652 2,096243
-3,484390 0,304706
-0,932572 -1,069615
-0,757923 -0,980070
-4,513834 0,372780
-1,686879 -0,885151
-0,109029 -0,364824
-3,369850 0,069671
-3,271234 0,263258
-1,161632 -0,783243
-1,294096 -1,128419
-0,138225 -0,636565
2,324228 2,287400
1,841735 1,896209
3,038316 2,649308
2,780281 2,306569
-3,082373 0,987742
-1,035334 -0,674206
-0,923441 -0,833092
0,073486 -0,267061
-3,061323 0,588910
-0,500274 -0,474775
-0,892834 -0,555125
-0,507963 -0,683346
2,897501 1,942765
2,790132 1,642830
-2,354120 0,764640
-0,304403 -0,884286
-0,853616 -0,792743
-1,012084 -1,292813
2,020538 2,137233
-3,981516 0,082295
-1,151925 -0,919914
1,628796 1,524586
-3,217569 0,413895
1,338830 1,750077
2,663526 2,076869
-1,227527 -0,529839
-0,283553 -1,108666
3,572295 1,627471
2,241123 1,647590
-2,642997 0,609314
-2,954798 0,822012
-2,877853 0,302640
-0,618735 -0,919934
-1,806779 0,624105
2,847352 1,887692
2,184994 1,812555
-2,522596 0,364909
-0,790464 -0,934695
-1,943111 -0,688023
0,090052 -0,826963
1,740005 1,555226
-1,098555 -0,978125
-1,509425 -0,285232
-0,454712 -0,396251
-0,484238 -1,258740
3,447631 1,494577
3,307635 2,099728
1,853406 1,234109
-0,348835 -1,309724
-1,202071 -1,365391
-4,930151 -0,115579
-2,580215 0,966991
-4,623204 -0,010934
3,030420 1,391101
2,369461 1,915665
3,602226 1,838896
-3,676895 0,536645
-3,916467 0,029286
0,051122 -0,377568
-4,388715 -0,243597
-2,663254 0,000825
-3,242888 0,445308
-3,847619 0,332149
2,392579 1,738337
2,947655 1,712292
-3,569238 0,354543
2,034255 1,661255
-1,688444 -1,130044
1,539589 1,562428
-0,235676 -0,874151
3,161449 1,753462
-3,301771 0,316267
-3,473817 0,514934
-1,353774 -0,690584
2,955061 1,808658
-1,186859 -0,636628
-1,769608 -1,226566
-0,456551 -0,302982
-1,844799 -0,831711
1,980758 2,080882
-1,116224 -0,542729
-2,547801 0,263983
-0,629004 -1,222112
-1,124100 -0,994554
-0,396749 -0,441855
2,836255 2,450441
-3,502160 -0,275285
3,015840 1,658456
2,070749 1,728993
1,753499 2,049660
-3,923210 -0,167577
-2,403446 0,786530
2,456932 2,328151
2,081275 1,159415
-0,789597 -0,086306
2,191409 1,660230
1,765616 1,395731
-0,351815 -0,878784
-4,698597 -0,042266
-0,735724 -1,280717
-1,128919 -1,404819
3,068891 1,887001
2,820684 2,137127
-3,464690 0,741779
-0,472662 -0,089497
-2,671415 1,064311
2,062033 1,154432
2,767835 2,164878
-3,343268 0,309182
1,346595 1,342541
3,097591 1,746840
-3,526749 0,867576
2,848529 1,750104
-4,308709 0,079301
2,330956 1,559482
1,248501 1,384086
-0,713887 -0,547569
-1,694841 -0,803018
2,913718 1,544088
-1,294767 -0,994957
-2,875987 0,288165
-1,285910 -0,653110
-3,657565 0,154873
-3,075536 0,666002
3,517634 1,699117
1,958898 1,476004
1,515755 1,808201
-1,588012 -0,834947
-0,439208 -0,530940
2,112256 1,660200
2,976493 1,178015
-2,267867 0,909492
-1,144713 -0,652330
3,976431 2,265155
3,044951 1,876296
-0,834255 -0,715147
2,828542 2,194354
2,370275 2,575973
-0,747394 -0,796294
-3,789094 0,083752
4,128690 2,373228
2,969448 2,095623
1,782525 1,327618
1,979863 1,612983
-3,581877 0,374972
2,458582 1,429050
3,435090 2,457350
1,971791 2,188354
2,438414 1,556007
3,022948 2,058992
3,449370 2,026202
1,933622 1,766546
-2,158090 0,891545
-3,220919 0,375439
-3,407657 0,337589
-0,549565 -0,958910
-3,210382 0,482934
-4,082966 0,294853
2,161306 1,646359
-2,287299 0,682391
-0,933212 -1,565815
3,134954 1,835551
-3,172107 0,699110
-2,072155 0,843059
0,747848 1,567877
-1,564476 -1,257561
-3,543813 0,675793
2,782422 1,684393
2,048967 1,781479
-0,182702 -0,784076
-1,606461 -0,998186
3,128502 2,417210
2,968710 1,822248
-3,141357 0,408305
-1,216451 -1,288433
2,569625 2,199411
1,706956 1,453267
-0,597224 -1,346207
-1,087712 -1,384233
3,199743 1,972350
-0,796631 -0,508398
-0,538233 -0,727085
1,665383 1,559891
-1,695049 -0,578605
-1,317029 -0,568778
3,318100 2,154899
-2,281809 -0,958211
2,075381 1,478933
-1,049160 -0,708654
3,255678 1,916774
-0,955975 -1,574918
2,381420 2,099761
-2,036242 -1,275866
2,810913 1,800548
2,678405 2,028331
-2,391763 -1,018742
2,664201 2,090412
-2,444643 0,188947
2,021550 1,865755
-3,326140 0,784329
3,215291 2,408654
-0,782842 -0,324159
-0,489193 -0,697012
-0,762586 -0,961151
-1,524924 -1,187838
3,875654 2,154636
-1,193884 -0,809193
-2,976242 0,911657
2,524827 1,646484
-3,299546 0,370975
-2,909939 0,022184
-1,335387 -0,977356
1,235382 1,527009
-4,047801 0,117342
1,855920 1,712055
-1,217219 -1,151529
-1,912414 -0,833741
-3,781426 0,456114
-1,528480 -0,525009
-0,259797 -0,894151
-2,910973 0,707516
2,829164 2,596149
-1,375405 -0,219388
2,841811 1,407067
-0,031585 -0,974466
-0,227629 -0,341777
-3,128362 0,880137
-1,503595 -0,723643
-3,372930 0,689629
-1,382112 -1,033219
-3,929795 0,425516
-1,104184 -0,782771
2,337406 2,460114
3,426757 2,145825
2,843345 1,514209
-3,278873 0,470440
-1,368185 -0,836750
-2,745982 0,596810
2,271635 1,315192
3,448519 1,671080
3,179851 2,415238
-1,099308 -0,516200
1,735841 2,090985
-3,327141 0,062552
-1,292142 -0,710343
-0,541522 -0,162365
-4,094774 0,347843
-3,073762 0,132741
-3,262809 0,436973
-3,940499 0,364805
-1,699094 -0,826559
3,435846 1,770371
-0,873849 -0,945695
-0,407122 -1,244478
0,106804 -0,529692
3,772434 2,262899
-2,386075 0,990413
3,363152 2,106270
3,980622 1,938920
0,360711 -0,487183
-3,199697 0,567856
-4,243570 0,468438
-3,583322 -0,009852
2,055715 1,387164
-2,079477 -0,891924
-0,227325 -0,408973
-2,848632 0,109548
-0,887238 -0,977386
3,370157 1,724821
2,327218 1,865312
2,543198 2,529910
2,693645 1,231322
2,434368 2,255722
-1,059054 -0,270373
-0,159019 -0,370389
-2,979710 0,273431
3,003881 1,946723
3,222764 2,388296
3,334632 1,665984
2,245435 2,188388
-3,476258 -0,360480
-0,756302 -1,410819
-3,094695 0,844079
-1,578907 -0,736099
-2,698542 0,916674
1,624284 1,704853
-3,068271 0,045361
-1,624880 -1,245762
2,434389 1,786499
1,188016 1,863345
-2,074680 0,511799
2,907116 2,533959
-1,387111 -1,181249
-3,987773 0,208770
-2,869110 -0,024849
-4,371328 0,316109
2,187854 1,875981
-3,529494 0,861746
-0,436426 -0,773111
-2,768748 0,817190
-0,487568 -1,174946
3,607768 2,234969
-3,612541 0,117032
-3,023309 0,583402
2,875759 1,773066
2,011624 1,479811
3,096108 1,922137
2,257087 1,883551
-1,614369 -0,761535
-4,095616 0,329742
-1,262165 -0,303707
-3,157754 0,115862
3,349183 2,091268
1,831745 2,147836
3,684175 2,465584
2,754563 1,177028
-3,518110 -0,084778
-3,216266 0,382227
-2,554613 0,869028
-1,142524 -1,076938
2,224480 1,703926
-4,279618 0,468194
-2,914314 0,579101
3,127760 2,114006
-0,283039 -1,196457
-2,521213 1,003848
-0,017655 -1,017806
-0,095561 -0,312766
-1,642990 -1,258274
2,756941 1,901920
-4,104792 -0,071028
-5,086586 -0,106661
-3,152774 0,592943
-3,146868 0,117698
2,672876 1,706407
-3,108956 0,629290
-2,022952 -0,861315
3,522583 2,429156
-1,578866 -1,111774
-4,444859 0,048627
2,971730 1,163571
-0,146423 -0,413582
-1,044221 -1,059177
-3,290735 0,230192
-0,757142 -0,966898
-0,374850 -0,612095
-3,549697 0,132720
-2,090189 -0,914393
2,054756 1,489525
2,091452 1,487838
-1,476857 -1,335231
-1,017054 -1,121549
-3,486523 0,182271
-0,328218 -0,555133
2,979599 1,845908
-2,055846 -1,121934
-0,410391 -0,492662
2,912781 2,132239
-0,141741 -0,934434
-4,120537 0,365911
-2,316073 0,481477
-4,166433 -0,000408
-2,927346 0,080615
-3,169721 0,302590
-0,240332 -1,340112
-0,376515 -1,083528
-0,496438 -0,082372
-1,646802 -1,245221
2,578172 1,780922
-0,371055 -0,727427
-3,417062 0,629891
-1,374186 -0,216525
-3,222654 0,848569
-3,503477 0,386969
-1,038558 -1,017412
-2,515917 0,793777
-3,343702 0,403200
-0,995253 -0,437801
-3,129875 0,433299
-1,459182 -1,125621
-1,072073 -0,664739
-4,573531 -0,059541
-0,447950 -1,022085
-3,689757 0,584290
-2,793159 0,341565
-1,034148 -0,236164
-1,009207 -0,845917
-1,976632 -1,031989
-0,317782 -0,716087
-1,233469 -0,666593
-1,256686 -1,285136
3,326021 2,340647
-2,293112 0,998951
-3,602036 0,595999
-3,806425 0,264598
-1,478166 -1,003345
-2,585890 0,344098
-2,382465 -1,237465
-3,778519 -0,101304
-1,512756 -0,863688
2,917855 2,184461
2,225517 2,000534
-1,209469 -0,683032
-0,696623 -1,154089
3,438509 1,985969
-3,037131 0,613075
4,246184 2,119418
-0,610443 -0,291734
-1,132734 -1,162775
3,570343 1,623884
-0,038097 -1,121171
-1,129962 -0,225608
-4,254246 0,683782
-0,770638 -0,700764
0,579835 -0,580850
-3,285140 0,406337
-4,133762 0,414758
-3,096990 0,808009
-0,866995 -0,684633
-0,662704 -0,680745
-3,084319 0,475946
-1,617688 -0,611132
-2,644597 0,973545
-1,581160 -0,982331
-2,504530 0,698668
-2,779005 0,065933
-3,329862 0,566612
-1,155549 -0,513015
-1,548362 -0,899518
3,655709 2,159698
-2,398065 0,678755
2,779248 1,478545
-1,448524 -0,916670
2,355045 2,053894
2,611733 1,843769
-3,454362 0,585441
-4,063772 0,589535
0,127105 -0,470187
2,056161 2,101825
2,965499 2,026558
-2,079499 -1,235287
-2,765627 -0,141451
-1,470305 -0,881195
-2,112751 0,837769
-0,064736 -0,179177
-1,580045 -1,192772
2,818624 2,135856
2,504316 2,298203
-1,259773 -1,054818
-0,119495 -0,708953
-1,426335 -0,814317
2,786070 2,262346
2,732316 2,309208
-1,064014 -0,378752
-2,914394 0,310421
2,362979 1,476299
1,881099 1,478810
-0,302548 -0,758685
-0,152376 -0,529220
-3,411266 0,260558
-2,358802 0,567301
3,367574 2,031418
-1,648437 -1,187787
-0,416261 -0,227074
0,329441 -0,784528
-3,758579 0,207293
0,120571 -0,726384
3,279440 2,304376
2,647364 1,949290
-1,169708 -0,950371
-2,151871 0,300631
-3,711279 0,281674
-3,809350 0,355599
2,302002 1,408962
3,548978 1,711507
-1,082363 -0,874763
-2,841568 0,600671
2,532231 1,722814
3,773213 1,961637
-3,248876 -0,221487
3,072750 2,311236
2,347015 2,106328
-4,325899 -0,165807
-1,097996 -0,797765
-0,503081 -1,208283
-0,707533 -0,376083
2,732556 2,006121
-2,492590 0,380493
3,778949 1,980263
-2,175353 0,651928
1,590339 1,517495
-0,815210 -0,609988
2,808567 2,313070
-2,758881 0,000803
-3,099677 0,524238
-2,872289 0,241850
-1,901313 -1,133236
0,646924 -0,681029
-1,229408 -0,493632
-1,672638 0,549594
3,186604 2,159034
-0,648004 -0,457877
0,532075 -0,428483
3,458121 1,998797
1,830125 1,835488
-3,225799 0,025727
1,516282 1,438507
-4,223100 -0,303749
-0,909475 -0,534565
-0,375627 -1,080347
-0,945436 -0,691304
2,637159 2,007460
-3,342794 -0,160545
-2,900404 0,004132
-2,927770 0,301703
2,483269 1,629941
2,118861 1,652574
-3,173342 0,807922
2,539845 2,241325
2,094622 1,638375
2,848152 1,598982
2,092715 1,394408
-2,559412 0,382672
3,638726 2,016258
-2,511577 0,213602
1,881198 1,566057
0,675474 -0,304711
-2,368829 0,547372
-4,399490 0,154620
1,548577 1,524101
-3,570855 0,224327
-4,152961 0,391376
-2,252463 0,616515
-3,721412 0,739410
2,128810 1,808252
-3,066847 0,463115
-4,006368 0,055979
-0,995755 -0,811716
2,388309 1,987619
-2,894992 0,409902
-1,327815 -0,816098
-0,847468 -1,073610
2,637594 2,239454
-2,849897 -0,040818
2,805788 1,932219
3,081897 1,860050
2,517782 2,080475
-3,509396 0,788754
2,241393 2,022582
2,428089 1,245389
1,893457 1,376031
3,102690 1,559423
-3,406292 0,495338
2,014672 1,777757
-3,150810 0,427854
-2,471977 0,456357
-3,894071 0,415418
-3,162973 0,071462
2,315211 1,393561
-1,725387 -0,744916
-1,213639 -0,939565
3,182911 1,586367
-0,892734 -0,706490
-3,122715 0,121317
-3,133974 0,609424
-0,700577 -0,840641
-0,831028 -0,758197
-1,182878 -1,017308
2,417695 2,257552
2,299833 1,093394
3,201326 2,196358
-0,876474 -0,924968
-0,138994 -0,372402
0,195821 -0,644553
2,480361 1,363823
1,794708 1,149673
-0,185982 -0,577596
2,852220 1,939082
-0,842076 -0,918442
-1,066886 -0,998156
-2,896569 0,501420
2,400290 1,820365
-2,624476 0,373541
-3,019026 0,533399
-2,217689 0,629034
2,345514 1,836557
-2,197404 -1,423022
2,821488 1,658417
-3,729434 0,152183
-1,269080 -0,736178
1,686179 1,892705
2,130815 2,219827
-2,211187 0,865420
2,882033 2,528263
-0,497878 -1,074345
-2,823719 -0,065618
-0,746382 -0,711632
-0,452541 -1,156182
0,410944 -0,194683
-1,023280 -0,065343
2,783924 1,627587
1,219491 1,519837
-2,777577 0,339935
-0,233100 -1,021587
-1,302524 -0,981752
3,573280 1,772963
-4,325763 0,097284
-4,284404 0,773188
-2,391611 -0,992748
-3,114051 0,701842
-1,373935 -0,747061
1,885408 1,945421
-4,179028 0,030093
1,043553 1,522281
2,842632 2,077128
-1,845225 -1,116115
-2,591602 0,824744
-0,650097 -1,066946
3,263590 2,117631
-0,357135 -0,439639
2,051996 1,326885
-3,015227 0,484090
-2,713524 0,363619
2,310095 1,779548
2,652363 1,996700
2,304744 1,826675
-1,172994 -0,582159
1,952780 1,433246
-3,964682 -0,083318
-1,853944 -0,848142
2,345382 1,802892
2,975729 1,991698
0,013831 -0,528550
-0,718162 -1,224070
-3,268512 0,019854
-1,429066 -0,508653
-2,857763 0,050611
-3,101815 0,268301
-2,241507 0,974206
-0,561602 -1,475527
-0,636969 -0,571846
-0,651547 -0,971068
2,037786 1,651314
1,993775 1,943373
-1,804680 -0,753829
-3,810533 0,281275
1,682424 2,071552
-2,644374 0,472932
-3,597246 0,305257
-3,021350 0,201797
1,554226 1,813261
-0,597509 -0,602758
3,173396 1,914090
-0,339073 -1,171839
-0,304283 -0,797145
1,732558 1,564792
2,337361 1,833904
-0,696103 -0,977133
-3,351900 0,211723
-2,911679 1,076602
1,579807 1,796170
-4,452729 0,540698
-2,801382 0,459187
-1,712944 -0,538156
-3,901759 0,606650
2,546767 1,029067
-0,644176 -1,143282
1,957911 1,739139
-2,870169 1,007907
1,411281 1,967022
1,869781 1,487985
-3,116812 0,255896
-1,711235 -1,166438
-1,139832 -0,850709
-3,567672 -0,210712
-3,742925 0,650507
3,101752 2,018043
-3,987877 0,001321
3,266728 1,780281
-3,784321 0,396161
-3,613849 -0,095884
3,176570 1,770906
2,436479 1,667016
-3,454123 -0,256822
0,088699 -0,555240
-0,700608 -1,009100
1,414377 1,239808
-0,395296 -0,281495
-0,878291 -0,476189
-1,161199 -0,999970
-0,887335 -0,873954
-0,218783 -0,343220
-2,814741 0,245183
-3,578997 0,233994
2,004242 1,696136
-1,218573 -1,169608
-3,553335 0,711359
-1,903283 -0,915377
-0,969833 -0,766662
1,362165 1,546370
-3,406931 0,808547
2,307187 2,531809
2,651889 1,656758
-3,494842 0,421484
-0,249772 -0,655386
-1,433319 -1,123066
0,685316 -0,406292
-3,077095 0,516880
1,859388 1,925602
-1,504129 -0,930928
-3,671307 0,216417
-2,102148 0,782997
-3,934198 0,607993
3,539803 1,812222
2,374997 1,399913
-4,057023 0,621666
2,389231 2,477135
3,250830 2,468799
-4,604904 0,437858
-3,029738 0,759022
-1,069457 -0,973362
-3,986455 0,294375
-3,182802 0,540498
-0,129046 -0,223055
-3,242807 0,224457
1,484807 1,494819
3,550093 2,233379
0,446403 -0,478688
2,611160 1,889392
2,725321 2,003612
-1,518321 -0,827122
-1,541707 -0,627371
-0,877937 -0,866813
3,775882 2,396028
-0,959222 -0,730812
-3,508560 0,468453
2,436305 2,260637
0,038856 -0,959843
-4,109656 0,469375
-0,635947 -1,187291
-3,260943 0,967470
2,361977 2,195517
-1,332557 -0,682866
-0,116440 -0,528120
-3,943589 0,210927
2,186468 2,210785
-2,221612 0,414320
-1,237377 -1,212139
2,407490 2,423689
-0,394780 -1,029122
2,313158 1,735868
-3,354742 -0,419551
-0,354682 -0,663707
-4,102477 0,684659
-0,531664 -0,391512
-0,817769 -0,674505
3,341224 1,744923
1,503353 2,069672
3,109593 1,920670
-2,892109 0,686568
1,512362 1,374683
-3,631725 0,955440
2,344218 1,470743
-1,703210 -1,243384
-0,979840 -1,229258
-3,329334 0,465564
1,899040 1,828372
1,721317 1,737703
-3,279758 -0,169380
2,688597 2,274853
0,055484 -0,303136
-2,884972 0,746928
-3,311202 0,043097
-0,196566 -0,001686
-0,779264 -0,564665
-3,280314 0,286952
3,045786 1,736508
-3,210631 1,012720
-1,964084 -1,034153
2,699699 2,133574
-1,233245 -1,009366
-3,161959 0,234435
2,962214 2,068084
-1,779426 -0,911477
2,394692 2,060902
2,439403 2,203904
-3,148199 0,105728
-1,455101 -0,762341
-1,130734 -0,890634
-0,971410 -0,657732
-2,268109 -0,853954
-3,693241 0,382703
3,234626 1,688581
2,580782 2,391443
-4,718777 0,297844
-3,738976 0,272190
-0,577674 -0,914140
-3,595465 -0,166889
2,406025 2,415197
-0,880750 -1,179559
-1,045909 -0,602034
-1,243461 -0,957246
-0,893134 -1,062640
3,372553 2,298596
-0,743236 -0,874172
3,556188 2,258016
-2,533730 0,625380
-2,613409 0,670791
2,677138 2,072107
-3,106656 0,322640
-1,560328 -1,332990
-2,458319 0,920213
-0,963912 -0,320969
1,872613 1,622935
2,752010 1,885312
-0,124296 0,018498
-2,426859 1,019173
-0,274998 -0,427413
2,961662 2,186361
3,100004 1,598264
-3,914972 -0,056270
-0,399468 -1,072039
-3,531631 0,680604
-0,865808 -0,925165
-4,102425 -0,043141
-3,469667 1,037681
-4,488041 0,388461
-1,343587 -0,762971
-1,687907 -1,337528
-0,819238 -0,642322
-3,022265 0,379906
1,108350 1,619564
-0,219014 -0,477708
-1,638055 -0,968515
-1,381389 -1,043246
-3,000331 0,991401
1,952126 1,179405
-1,352752 -0,503540
-1,307399 -0,585276
-3,043609 0,479465
1,325354 1,978934
3,389090 1,906025
2,913722 1,824534
-1,416976 -0,940709
-0,839617 -0,868951
-4,248414 -0,088325
-4,400333 -0,196790
-1,101701 -1,054252
2,695835 1,103783
0,266949 -0,699130
2,968961 2,279103
-0,074739 -0,349834
3,068270 2,413311
1,935773 1,961126
-0,796049 -0,877663
-0,158285 -1,056791
-0,457490 -0,537586
3,067867 1,980044
-1,231482 -0,962534
2,140564 1,638557
1,648183 1,518136
-0,816906 -0,752961
-1,004740 -0,525539
-3,931125 0,480810
-4,228746 0,619607
-0,270520 -0,538685
-1,139336 -0,042632
-0,756499 -0,651006
3,089603 1,644400
-2,034557 -1,210608
-1,904353 -1,133901
0,182724 -0,549528
-1,795964 -0,971125
-2,992940 0,374247
2,187537 2,028724
-3,639221 -0,428475
3,243886 1,854030
-3,799543 0,718695
3,191169 1,848761
3,212582 2,200336
1,964328 1,640214
-3,063125 1,207139
2,894599 2,174303
-3,676776 0,261761
1,971572 1,347449
2,783943 1,328803
-4,366768 0,158677
-3,557765 0,215188
-1,523381 -0,513844
-1,459904 -0,856488
2,472525 2,008476
3,493899 2,409194
2,901161 1,546035
-0,600777 -1,084345
-0,450874 -0,395824
-3,046334 0,532882
-3,063178 -0,158361
-4,668156 0,385524
-0,841629 -0,524238
-1,509431 -0,835998
-2,665759 0,393155
-3,383048 0,734878
2,625550 2,166018
-3,858135 0,295038
-0,455125 -0,748147
-3,046949 0,481529
-0,535738 -0,410027
-3,680646 0,535889
-3,048198 0,448451
-3,768833 0,538898
-3,458976 0,904359
2,447108 1,935382
-1,480806 -0,825242
-0,423938 -0,947588
3,380821 2,216061
3,106214 2,174768
-0,512629 -0,693433
-3,195838 0,339393
-1,102924 -1,228445
-3,358411 0,293683
3,559628 1,762000
-0,617961 -0,921738
-0,874659 -1,177725
-1,107329 -0,737313
2,671772 2,321020
-3,625664 0,556200
-3,477653 0,152104
-2,392545 0,754707
-3,449092 0,542710
-1,638978 -1,120848
3,303353 2,248383
2,390758 2,580314
1,995232 2,200168
3,589351 2,402526
-0,640306 -0,659090
-3,118563 0,104655
2,179377 1,837749
-0,852498 -1,027573
2,105007 2,075605
-0,601153 -0,847852
1,113276 1,645622
0,377590 -0,784823
3,346445 2,191313
-1,556417 -0,871775
-3,087743 0,024926
2,241284 2,292268
-1,328615 -0,964361
2,327976 2,020411
-0,436663 -0,074475
2,214086 1,976681
3,833590 2,173694
1,337578 1,934480
-3,262457 0,383602
1,585496 1,804941
-3,819629 0,104825
-3,902883 0,266268
-0,832149 -1,004138
-0,878718 -0,173401
-4,253652 0,116993
-3,788044 -0,356857
-0,200883 -0,410515
-4,288658 0,181125
-0,745880 -1,064469
-4,330754 0,413283
-3,489342 0,433296
-3,461914 0,486803
-2,874392 0,888079
2,533783 1,325054
2,173655 1,494329
-1,432062 -0,439890
-0,599436 -0,986915
-3,139473 0,982641
-2,831543 0,519554
-0,915385 -0,911079
2,485696 1,373669
-2,849614 0,425727
2,688374 1,897415
-1,396046 -0,367693
-2,723418 0,159522
-4,332870 0,313999
1,884858 1,496707
-1,070475 -0,984409
2,335002 1,408738
3,077184 1,759204
2,129008 2,086797
-3,243791 0,989719
-4,125389 0,609102
-2,231160 0,717002
2,602352 1,478025
-2,897728 0,082666
-4,177230 0,188043
-3,008454 0,392779
2,425163 2,304416
3,540956 2,037381
-1,287147 -1,291819
-2,358442 0,504892
-3,586822 0,514027
-4,059649 0,254584
2,634414 2,316150
2,487147 1,517725
-0,742464 -0,800998
2,232960 1,938039
2,327790 2,045331
-3,556983 0,158465
2,853766 1,832405
-1,188905 -0,280214
-0,671066 -0,614180
2,027704 1,930193
-2,169448 0,283891
1,280707 1,516481
3,183041 1,338755
-0,481604 -0,418297
-3,602681 -0,144579
3,596339 1,747085
3,265918 2,303313
2,084042 1,158514
2,550893 1,526939
-3,040349 -0,216633
-2,275590 0,506365
3,141960 1,956441
-2,810998 0,381528
2,743521 2,013261
2,574236 1,846654
-1,239150 -1,232009
-0,781111 -1,146516
-3,103068 0,521697
-0,498597 -0,899540
-0,969525 -0,988491
-3,563492 -0,420917
-3,083157 0,046959
-4,314125 0,255411
-0,405027 -0,842476
2,408716 1,388341
-1,033914 -1,322125
-0,460104 -0,852567
2,322889 2,285936
-2,944387 -0,125560
-3,577416 0,218035
2,906063 2,492182
2,386400 2,372306
-4,648511 0,066525
-0,524164 -1,562509
2,743487 2,463458
-1,220199 -0,523858
-2,642940 0,302875
-3,764428 0,527556
-4,247281 -0,180267
2,170539 1,670193
-3,940632 0,378072
-1,213519 -1,261545
-3,216214 0,310022
-4,413373 0,200404
-3,693158 0,920497
-3,283062 0,297595
-2,870962 0,767843
-1,176459 -0,737542
-0,917879 -0,965961
3,496394 2,024906
1,659435 2,051273
3,554881 1,643040
-1,091178 -1,208841
-1,482403 -0,402198
-0,840099 -0,597006
-0,054699 -0,626742
1,791606 1,958699
2,531823 2,100010
-3,398606 0,343735
2,926765 1,946513
1,338918 1,587449
-0,345883 -0,562699
-0,502178 -0,796914
-3,268410 0,081923
2,373101 1,290574
2,468759 1,696795
-0,100718 -0,952680
2,499657 1,938266
1,451080 1,803739
-2,845885 0,279138
-3,207070 0,537400
2,606154 1,546745
-1,622138 -0,472632
-2,241681 0,528067
-3,720294 0,003008
2,473305 1,605520
-3,599569 -0,250137
-0,293478 -0,416000
-1,428947 -0,863693
2,148089 1,971048
-3,373871 0,556818
-2,921249 0,341872
-2,554010 0,485266
-2,213777 0,405278
0,030039 -0,889886
-0,399359 -0,943353
3,154091 1,636514
2,047044 2,090394
-2,462686 0,269171
0,617276 -0,659747
-4,137098 0,595153
-2,877450 0,229520
-1,548514 -1,074990
-0,647692 -0,528174
-3,762172 0,300336
-1,133664 -1,218089
-0,449559 -0,983050
-3,740051 0,034358
-3,210707 -0,012801
2,538943 1,292315
-0,151300 -0,965167
-3,887122 0,744452
-4,571263 0,182896
-1,085239 -1,038896
-0,851401 -0,321869
0,405483 -0,736353
-0,625314 -1,213190
-0,984851 -0,870564
-0,425584 -0,730724
-4,370076 0,200029
-1,402481 -0,975931
3,295248 2,091998
-3,823702 -0,099942
-0,166456 -1,175787
-1,321074 -0,910554
-1,062923 -1,068615
-1,069736 -1,115165
-1,759551 0,679164
-0,852941 -0,921597
2,060027 1,372617
-3,758564 0,204682
-1,109970 -1,151949
-0,077225 -0,922057
-0,872143 -1,054892
3,220548 1,769790
-1,686159 -1,049896
-1,671651 -0,818839
-3,505040 0,663892
-2,928456 0,441328
2,282547 1,348644
-2,339116 0,740402
3,512205 2,128192
-3,036155 0,755321
-1,663309 -1,420618
2,565630 1,721462
-0,309121 -1,023594
3,021901 2,005996
-4,027368 0,784799
-3,800861 0,281304
-2,807077 0,215827
-0,650890 -0,856282
-2,381801 1,026158
-3,125091 -0,323578
-3,730577 0,173198
-1,328495 -0,891931
-1,018718 -0,466708
2,804950 2,061852
-0,672116 -0,343485
0,226403 -0,713983
-3,349288 0,239557
-2,061661 0,631018
-4,906560 0,125945
-1,941114 0,445046
1,900054 1,500073
3,147115 1,895558
1,682562 1,830100
0,708281 -0,425382
-0,956219 -0,772714
3,127650 1,813596
-0,251654 -0,630255
2,613164 1,871476
2,310796 1,844712
3,420785 2,301345
-0,942928 -1,203663
2,669711 2,061709
-4,195107 -0,253305
3,069793 1,831174
-1,109876 -1,136579
-1,104627 -0,657541
2,572583 1,373646
3,830439 2,241780
-2,440821 0,817301
1,429573 1,619887
2,533943 1,952434
-0,043167 -0,364008
-1,150557 -0,569111
3,354749 2,528152
-1,225297 -1,247620
-1,792326 -1,328691
-2,619312 0,877335
-0,939905 -1,323248
-1,881176 0,520880
2,070313 2,506325
-2,710057 0,401540
-3,274538 -0,382749
-3,755737 0,168204
-2,235590 -1,164843
2,307269 2,366650
-2,643051 0,337032
2,426079 2,455740
-3,867712 0,227040
-0,134745 -0,406011
-3,075172 0,965909
-1,578261 -1,066338
-3,200048 0,295909
-4,011186 0,276174
-2,993831 0,433299
-1,564340 -0,824836
-4,348951 0,322661
3,658899 2,035006
-4,645589 0,401319
3,063506 1,259260
-2,507829 0,886568
1,949361 1,681423
2,450686 1,245581
-4,027045 0,678014
2,391519 1,893875
-1,904350 -1,240986
2,555542 2,013649
-2,048260 0,543370
-0,297522 -1,195629
-4,284206 0,309927
-1,434410 -0,359856
3,730999 2,142875
2,344967 1,200421
2,307138 1,759103
-3,765837 0,648831
-1,372252 -1,149030
1,553542 1,712557
-0,963953 -0,975264
-1,316200 -0,657286
3,029275 1,617407
0,223412 -0,383167
-1,033192 -1,257753
-3,358158 0,513865
2,012607 2,116440
2,499240 1,289186
1,877023 1,722167
-2,773880 0,458476
-4,073054 -0,190378
-0,817861 -0,416458
-3,919977 0,488192
2,711885 1,151072
-0,690597 -0,820539
1,776955 2,176404
2,574154 1,469750
-4,669759 0,491751
-2,883385 0,206257
2,605951 2,309116
3,310940 1,765330
-1,218895 -0,653925
0,351778 -0,820763
3,030051 1,962274
-1,434933 -1,438048
2,406852 2,552796
-2,834681 0,446360
3,174495 1,868091
-1,710465 -1,571629
2,013680 1,442108
2,251048 2,182628
3,182298 1,881998
-0,601024 -0,316056
2,280518 2,198800
-3,154101 0,538931
2,928535 1,511878
-0,896387 -0,826122
-0,420506 -0,630366
-1,542117 -0,668515
-2,808059 0,536881
2,771105 2,207088
-3,287409 0,532176
2,856304 1,837238
-2,671213 0,502545
3,109518 2,102013
0,421584 -0,895889
0,219417 -0,417695
-0,351202 -0,698425
2,813764 2,001043
-4,088126 -0,204221
-3,528645 0,333201
2,672686 1,818011
-2,788693 0,918565
2,283969 1,693502
-3,450342 -0,372079
2,561558 1,711614
2,452684 1,623690
0,401475 -0,721314
-3,536876 0,278077
-2,378845 -1,048926
-4,989419 -0,062145
1,981584 1,927725
3,003323 1,859951
-3,827784 0,381511
2,382981 1,373125
2,305858 1,525359
-4,101514 0,089898
2,977781 2,548680
-1,452345 -0,883306
-3,432901 0,956465
1,966223 1,963680
-3,023766 0,743041
2,570024 1,779992
-3,121989 0,052165
-3,287621 0,145524
3,106190 1,628779
-3,501401 0,238592
3,222927 1,921597
-2,135884 -1,331472
1,878431 2,141433
1,790016 1,777961
-0,809460 -0,744588
2,022880 1,842289
-0,568290 -0,445638
2,043494 1,575935
1,711716 1,387448
2,173390 1,307658
-2,679544 0,869130
3,251448 2,333333
-1,578124 -0,864383
2,222462 2,540754
-4,234120 0,479843
-1,564806 -0,840849
-0,925961 -0,463781
-0,525746 -0,929169
-1,081661 -0,799776
-3,672604 0,305901
-0,672116 -0,368975
-1,300858 -1,054156
-1,095427 -1,440348
-3,804021 -0,134215
1,928967 1,504502
-1,562473 -1,369523
1,531643 1,563257
-3,540118 -0,343206
2,308965 1,827312
-1,152020 -0,589467
-3,159270 0,591493
-0,820865 -0,703843
3,463709 1,582062
-0,484820 -0,772462
-0,215911 -0,974771
-2,675567 0,158317
-1,682742 -0,627158
-2,496051 0,722368
-2,490983 0,174842
-3,821022 -0,059846
-3,018103 0,082026
3,703318 2,346043
2,039171 1,623949
1,522085 1,955392
-2,357552 1,118482
-1,849799 -1,200720
-3,546649 0,650036
-1,552628 -1,342071
1,853331 1,490377
-0,635075 -0,772221
-2,455658 0,758891
-2,748799 0,179581
0,711187 -0,691730
-3,836652 0,826184
-1,542976 -0,931993
3,150452 1,829662
1,268239 1,239658
3,268698 1,649529
-3,881042 -0,024534
-3,845007 -0,306292
-1,273700 -0,981457
3,238196 2,201504
-0,859460 -0,682089
2,693441 2,236062
2,581366 1,983428
-4,076263 0,232590
-3,995757 0,255368
-4,010676 0,238364
-1,080247 -0,917331
-0,364091 -0,503546
2,845985 1,900173
-4,239004 0,601010
-1,343926 -0,615275
-2,655662 0,668049
-0,495946 0,011592
-4,451409 0,128548
2,387073 2,150725
2,311975 1,753044
-0,194459 -0,522174
-0,643378 -1,010769
2,496924 2,101631
-3,275314 0,633077
2,691514 1,170327
2,555248 1,953458
1,233285 1,730213
-1,982966 -1,110452
-3,565755 1,032318
0,109142 -0,513881
-4,099754 0,014321
3,719258 2,322391
1,653499 1,572715
-1,318657 -0,604653
-4,365364 0,299006
2,020485 1,581295
1,941451 1,498503
-4,245946 0,668482
-0,875122 -0,448468
-0,575585 -0,567012
2,383715 1,571064
-3,087325 0,076021
-0,303544 -0,855644
-3,453703 0,457672
-0,667480 -0,351745
-2,275635 0,885825
-1,246198 -1,565939
-2,991676 0,221503
2,244656 1,605855
3,225023 1,526394
-2,689149 0,481726
2,463351 1,499002
-1,932962 -0,838082
3,594408 2,513489
-0,683820 -1,210050
-1,971116 0,855817
-3,412265 0,287639
-0,703702 -1,362978
-1,206235 -1,030854
3,685536 1,914218
-2,913985 0,752388
-2,489680 1,006796
2,748624 2,274526
0,580167 -0,598397
-1,726366 -0,839224
-1,490379 -0,793874
2,306424 2,145379
2,041482 1,788473
-2,586158 0,765486
-3,935306 0,224099
1,764248 2,010125
-3,403872 0,521899
-0,273211 -0,920307
-3,765811 0,082925
2,479007 1,639432
2,601502 2,304762
-4,349566 0,277897
-0,463277 -0,297108
-3,201450 0,138563
-0,642417 -0,602248
-0,905645 -0,893642
-0,779510 -1,228837
2,865821 2,279760
0,145058 -0,468465
-3,105628 0,262793
-2,595793 0,600848
-1,300253 -0,776562
-3,482243 0,432575
2,643688 1,916656
-3,473895 0,818986
3,258177 2,492168
2,533337 1,335327
1,990533 2,153033
2,879002 1,885879
-0,333608 -0,916769
-1,198257 -1,206988
3,164101 2,154969
-2,884970 0,790280
3,076173 1,452695
0,139479 -0,151160
3,158682 1,468579
-2,514003 0,411353
-0,551449 -0,316970
3,132307 2,235765
-1,937231 -1,066740
-3,012525 0,268625
-1,133721 -1,295033
-3,875055 -0,065915
2,793210 1,179245
0,918022 1,443063
-1,056033 -0,627325
-0,992382 -0,887011
2,679802 1,872533
-3,366846 0,622567
3,018087 1,963323
2,515274 1,842836
-3,280512 0,404213
-1,877542 -1,416028
3,783720 1,677370
2,370742 2,453478
0,370660 -0,400339
-0,450635 -0,670478
1,586689 1,976985
-0,446717 -0,399557
2,678415 1,811234
-0,713928 -0,583585
-0,130547 -1,003553
-3,670265 0,387546
-2,791588 0,616386
3,002489 1,902344
2,360241 1,620322
-3,407115 0,180631
0,168056 -0,771642
0,118097 -0,666831
0,674296 -0,303695
-0,181607 -0,152558
3,304413 1,980363
3,512601 1,759859
-2,783299 -0,058831
-1,950439 -1,396141
1,783913 1,862057
-3,454201 0,260155
2,176455 1,874220
2,118752 2,264096
-4,339307 0,223179
-2,431186 0,522880
3,412792 2,394144
-3,162909 0,253654
-3,426229 0,786442
-1,165545 -0,821189
-2,154683 -1,229210
-3,927941 0,583555
-0,754167 -0,955794
-4,137581 0,176540
2,329010 1,781646
-2,622372 0,445333
-0,639408 -0,847391
-3,238073 0,199252
-4,219675 -0,107048
2,136457 1,947577
-2,505281 0,642387
-3,180661 0,158781
-1,286862 -0,524696
-3,059734 0,829146
-1,245328 -1,025916
0,013516 -0,201875
-2,995927 1,163907
-0,356275 -0,859954
3,025248 1,884908
-2,232635 0,392269
-1,539147 -1,095390
-3,435233 0,183008
-1,340311 -0,921399
-3,374682 0,102567
-2,099389 -0,877847
-0,618757 -1,271719
-3,739410 0,556676
-3,764235 0,281472
-0,558318 -0,979138
-1,586425 -1,303378
-1,560805 -1,129215
-3,385272 0,764440
-0,118351 -0,356962
-1,132643 -0,741805
-3,665647 0,100850
-3,022051 0,173926
-3,349640 0,266314
-1,255915 -0,782933
2,580260 2,397323
2,080295 1,599118
-2,227884 0,549198
-2,010945 -1,080725
-1,337298 -0,713019
3,162640 2,561587
-2,579827 0,928173
-0,825776 -0,440922
-2,679300 0,886986
-4,969632 0,185700
-2,103669 0,616122
-4,240913 0,229204
-2,895946 0,446114
-0,451161 -0,674034
-3,706440 0,015406
-3,313535 0,651165
2,187400 2,115353
-3,004956 0,361531
3,221444 2,289092
2,677644 2,704435
-3,518502 -0,160853
-3,631101 0,680691
1,801701 1,838644
-1,946652 0,591832
-3,376879 0,387706
-4,035464 0,108349
2,939197 1,701273
-3,820805 0,191753
3,280604 1,992002
0,371660 -0,753265
2,138626 1,785281
-3,914864 -0,026405
1,454764 1,956362
-0,609968 -0,826862
-1,974453 0,847009
2,028457 1,946165
2,692433 1,633382
-4,551291 -0,015728
2,944321 1,507214
1,722156 1,738117
-3,417526 0,558323
-2,546096 0,813924
-4,293028 -0,035648
-0,552769 -0,634387
-1,198424 -0,546033
-0,121408 -0,911721
-3,188573 0,385028
3,013478 1,548705
-3,150755 0,297663
2,508938 1,468807
-0,880536 -0,984653
-3,364119 0,491850
-3,321480 0,783330
3,638488 2,491715
-1,667725 -1,379664
1,949145 1,911350
2,111268 2,061158
2,608540 1,883657
-4,056259 0,489547
-1,277067 -1,205045
-4,010490 0,421575
-0,989957 -0,853661
2,312044 1,724085
-0,835511 -0,874083
1,436499 1,356574
-4,227152 0,333927
-3,523736 0,248796
-3,216280 0,326482
3,057511 1,644971
-0,800706 -0,854627
2,299240 1,874338
-1,242490 -0,444325
-1,491326 -1,137134
-3,992135 0,352964
-4,233846 0,209361
-1,450781 -1,517482
-2,847969 0,359616
2,077055 2,170868
-0,789813 -0,844924
-1,921703 -1,405639
3,168273 2,352656
-2,476283 0,357703
1,879535 1,464921
1,865568 1,714796
3,439100 1,595915
-1,598980 -0,734957
-2,756658 0,359443
-0,131039 -0,026577
1,942870 1,723348
2,984078 2,143650
2,405760 2,250720
1,718623 1,842385
1,996473 1,898603
-1,114497 -1,327557
-3,007332 -0,108851
2,436685 1,736920
3,409834 1,633537
-2,554909 0,994739
-1,027375 -0,892253
-0,855146 -0,802256
-0,518306 -0,240848
-0,442469 -0,916494
2,694122 1,449126
-0,653807 -0,925243
2,519823 2,065259
-0,755454 -0,834478
-2,809763 0,654901
1,985375 1,720226
-0,819801 -0,165005
-0,762530 0,061668
-3,870636 -0,394624
-0,962860 -1,360147
3,370991 2,322490
2,014269 1,496557
-2,339222 0,904348
0,242127 -0,602196
-1,723305 -1,352473
-2,547660 1,031527
1,696632 1,732088
-0,384569 -1,248710
-3,324904 0,067214
1,695223 1,826037
-0,661207 -0,389376
-1,881265 -1,119152
-0,583990 -0,597624
-0,939239 -0,103875
-1,117823 -1,245244
-0,922849 -0,678510
-1,683767 -1,138271
3,133284 2,111870
-1,645566 -1,358626
-1,432064 -1,060929
-3,267811 0,307095
-2,758589 0,182075
-2,537266 0,635994
1,892684 1,622490
-3,669309 0,589950
-3,518016 -0,039582
1,626615 1,683857
-2,681247 0,401385
-3,124098 0,099846
3,245929 1,635082
2,591039 1,774416
2,867566 1,567606
-0,584518 -0,594206
-2,216632 0,947877
0,093606 -0,764586
-3,041193 0,521995
-2,824679 0,139917
2,515028 1,627665
-1,540799 -0,664663
3,414926 2,131096
3,092518 1,491181
3,703892 1,832007
-1,168368 -1,255346
2,441042 1,947597
-1,690868 -0,969826
-1,321550 -1,385834
-3,110700 0,398715
2,311228 1,245185
-3,439735 0,914487
2,127102 1,880445
-2,807621 0,927393
-1,776816 -0,502029
2,956138 1,479052
-0,578450 -0,895289
-3,684521 0,472270
1,575683 1,631747
-0,257053 -1,030963
1,998929 1,144922
1,555446 1,724833
2,229405 1,845622
-1,461049 -0,713571
-3,082404 0,245680
0,048703 -0,761445
-0,459942 -0,545943
-0,756329 -0,327561
-1,611456 -0,692938
-2,233440 0,922145
-2,113366 0,617982
2,716191 2,064412
-3,149934 0,478928
0,242544 -0,790051
-0,679835 -0,491067
-3,520184 0,187222
2,063649 1,719245
-0,309217 -0,787663
-2,326044 0,504127
-2,994387 0,362874
-3,826183 0,325176
-0,397550 -0,827654
-4,560239 0,354278
-0,288177 -1,194859
0,451143 -0,716875
1,013429 1,685392
-4,357996 0,662862
-3,910348 0,246081
-2,863533 0,751699
-3,823128 0,721144
-3,709971 1,067136
-0,223980 -0,554527
-0,254746 -0,956385
2,767906 2,121834
-3,362172 -0,099050
-4,075226 -0,386084
2,722901 1,895323
1,814873 1,817241
-3,536142 0,093840
-1,913401 -1,224649
1,584424 1,978886
-0,813392 -0,100371
-4,378027 -0,175535
-3,678472 1,103376
-2,857964 0,564747
-3,475888 0,886999
2,408630 1,614834
-3,295210 0,051177
-1,970326 0,860436
1,961041 1,524229
0,733595 -0,459127
3,569108 1,895247
-2,880403 0,604993
-1,776012 -0,872765
-4,055290 0,161164
-0,219272 -0,449282
2,872677 1,748515
-3,231315 1,094438
-3,282752 0,439625
-0,677477 -0,172353
2,861378 2,166781
2,457737 1,974076
2,783157 1,531432
3,461690 1,672340
-0,887109 -0,418523
-1,214603 -0,639134
-3,070847 0,619558
0,260081 -0,297784
-3,260083 0,387571
-1,119342 -0,967177
-3,762349 0,357488
2,391696 2,048886
2,956046 2,629661
-3,752383 0,502483
-2,751809 0,286424
-4,194547 0,653954
2,766902 1,974151
-2,315737 0,951830
1,977114 1,765687
3,237219 2,198237
2,563519 1,798165
-3,246599 0,331521
-0,993403 -1,477781
3,865538 2,348334
2,419435 1,656597
-0,925644 -0,601401
-2,027949 0,610244
-3,966595 0,874839
-1,855845 0,714293
-3,688319 0,078184
-0,638892 -1,005400
1,882343 1,961163
-1,742193 -1,363118
-0,388036 -0,413653
2,195486 2,115049
2,385862 1,781746
3,100188 2,507090
1,567164 1,526274
1,316735 1,542584
2,333515 2,026825
-3,541517 0,063538
3,096279 2,546157
1,922093 1,651070
-3,733347 0,628295
0,261380 -0,643817
2,409794 2,046176
-1,460056 -0,408390
-0,795790 -0,674906
-0,961482 -1,649345
2,711338 1,608695
-3,179364 0,802220
-0,444783 -0,116699
3,184553 2,051203
2,220703 1,836201
2,524217 2,432845
-0,942014 -0,151367
-1,103087 -1,042928
-3,762935 0,759098
-3,128920 0,415208
-2,888442 0,998185
2,713969 1,715578
-4,170353 0,377547
-1,006166 -1,292921
2,844899 1,623790
-3,224457 0,831899
3,365177 2,245608
-0,304979 -0,373738
0,095649 -1,043175
0,094512 -0,863143
-3,754510 -0,064758
2,297278 2,255137
-0,395904 -0,807838
3,086134 2,606019
-2,932566 0,187317
-3,158343 0,395545
2,337706 1,829998
2,432814 1,665546
-3,508787 0,380343
-4,159979 0,620274
3,917738 1,887048
3,227725 2,237844
-3,516514 0,482374
3,417831 1,975073
2,647020 1,805633
-2,879204 0,525375
3,332519 1,838682
-3,001962 0,957502
2,167702 1,098482
-3,356169 -0,070390
3,335241 1,836817
-0,486396 -0,411904
-4,117069 0,665244
-3,784174 -0,014036
-0,730884 -0,310482
-2,777363 0,341351
-4,667750 -0,156562
3,381556 2,500428
3,669764 1,974072
3,289526 2,017135
-1,930029 -1,200555
-2,967443 -0,088485
1,385818 1,895555
-4,087827 0,264560
-3,092468 0,279773
-1,585158 -0,877381
-2,339654 0,865638
3,153240 2,272035
-0,664889 -0,217697
3,406567 2,126593
-0,946503 -1,050484
3,473744 2,192022
-3,324921 0,163502
3,513463 1,856965
-3,541258 0,974404
-3,472183 0,400957
2,537317 1,373181
-0,067292 -1,114025
2,734171 1,776749
-3,665478 0,196201
-3,249329 0,106026
3,155213 2,034031
-0,090467 -0,939186
-1,190965 -1,102317
-3,326926 -0,094490
0,341690 -0,882685
2,542221 1,438444
-0,575600 -1,498330
3,189539 2,164994
-4,217913 -0,012652
-1,190609 -0,986804
-3,290117 -0,128003
-1,258017 -0,886014
2,899013 1,454653
-0,960494 -0,614957
2,776101 2,240256
2,467847 2,018578
-4,035522 -0,207939
2,987134 2,181537
-0,925758 -1,297232
-1,299604 -1,543298
3,247026 1,641703
-2,953231 1,168474
2,622714 2,188477
-3,195890 0,260828
-0,598285 -0,863125
-3,288577 -0,122457
2,953181 2,379028
-1,984739 -1,281047
3,764234 1,830484
-2,785347 0,689796
-1,858618 -1,377828
0,185088 -0,406660
-3,683307 0,891038
-1,401855 -1,056805
-1,180090 -0,755593
1,908536 1,887297
-0,898188 -0,904301
2,386659 1,867949
0,231198 -0,190046
-2,934307 0,412115
-1,444680 -0,859677
-2,449431 0,470832
-1,097658 -0,637917
2,725407 1,545945
-3,474769 0,636938
2,530117 1,806869
3,183860 2,111647
3,646083 2,594360
-0,243974 -0,386904
1,720123 1,633465
-3,365700 0,661821
-3,988370 0,208772
-0,783959 -1,167257
-0,907851 -0,717917
-4,021885 -0,115127
-0,103964 -0,500088
2,873686 1,962506
-3,964309 0,530254
2,887705 2,437250
1,453692 1,446122
-0,707087 -0,405820
-1,098939 -1,151689
-3,089011 0,686286
-4,375437 -0,220680
2,979582 2,374602
-2,213873 -1,067267
-1,406095 -0,674557
-2,193454 0,576958
-3,385594 0,006219
-0,862950 -0,860833
1,924174 1,433918
-3,308833 -0,143112
-3,462415 0,472059
-0,664496 -0,686598
-4,524700 -0,109558
-0,118246 -0,311607
-1,404791 -0,724936
-1,194368 -0,699943
-3,736189 0,119813
-3,814249 -0,110826
-1,167089 -1,108331
2,052082 1,988607
3,256436 1,888740
1,935542 1,489911
-2,404037 0,202415
-0,501998 -0,829644
2,477676 2,089103
2,637434 1,336889
-0,082710 -0,777512
1,901310 1,996412
-3,958967 0,281842
-3,422772 0,251917
2,495407 1,794929
-2,460851 0,562812
2,319076 2,066029
2,162426 1,110053
-1,074563 -0,074909
-1,974423 0,725428
-3,587067 -0,231091
-1,152587 -0,351762
-1,100209 -0,976234
2,253306 1,823577
-3,987260 0,311735
-1,019168 -1,085249
2,247557 1,669092
-0,647552 -1,196178
-4,783425 0,146818
1,777671 1,708704
-0,713757 -1,253625
-0,583692 -0,441277
-0,333801 -0,325761
-0,980190 -0,939828
-1,068408 -0,453125
3,048960 2,232971
-3,229605 0,543014
-0,951417 -0,938178
-3,745466 0,269023
0,374675 -0,392241
-2,731373 0,247062
-0,655782 -1,084514
-3,730398 0,515285
-3,397830 0,614719
1,852260 1,606795
-3,351191 -0,244079
2,640577 2,248059
-3,806937 0,364386
-0,540095 -0,502473
-1,264841 -1,367404
0,099661 -0,892357
3,867947 1,994110
-3,488594 0,316691
2,821532 2,353954
2,347638 1,965457
2,017362 1,465448
-1,142747 -0,740840
-0,032851 -0,923799
2,635138 1,747922
-0,771676 -0,967726
-2,238575 -1,266866
3,181256 2,079277
-3,783924 0,390380
-0,990594 -0,916654
-0,734233 -0,677592
3,921664 2,320094
-3,290773 0,505784
3,321647 2,184937
-1,435329 -1,285554
-1,387796 -1,476292
-3,932435 -0,398041
-1,727728 -1,069194
-4,070254 0,402055
-1,154261 -0,596071
2,628624 1,836205
-3,145268 0,615700
-2,450305 0,707304
0,606987 -0,820215
2,061243 1,454720
-1,286682 -1,216130
2,660505 1,786431
-0,171503 -1,093393
-4,019436 0,251481
-2,894548 0,671929
2,320404 1,500887
1,917630 1,847215
1,755938 1,592661
2,676363 2,591440
-3,327812 0,289545
3,379873 2,609673
-1,210419 -0,938289
3,847503 1,877904
-2,207164 -0,829012
-0,825800 -1,063555
-0,035665 -0,180642
-0,982668 -0,429926
-0,101219 -1,065908
-0,750014 -1,145748
3,413393 1,857452
-4,117509 0,544766
2,361318 1,757570
0,291481 -0,798054
2,998739 2,136087
-4,111047 0,171666
-0,146587 -0,072846
-1,163999 -1,647067
-3,481966 0,758794
2,549564 1,695584
-3,002182 0,691050
-0,917457 -1,111330
2,525479 1,895267
-4,153941 0,026990
2,464064 1,935102
-4,701780 0,243556
-1,965572 0,886746
-2,937479 0,697699
-3,207664 0,614447
-0,987189 -1,140960
1,647470 1,816808
2,476080 1,616411
-2,342354 -0,869922
-3,317093 0,638348
-1,077887 -1,059201
-1,015769 -0,653519
-0,389368 -0,394958
1,743256 1,786787
2,061259 2,073055
3,172571 1,686637
-1,140575 -1,510358
-0,954064 -1,033731
2,776080 2,382918
1,807873 1,675973
-1,018178 -0,593329
3,018294 2,122397
-4,015481 0,332108
-1,863491 -1,131369
2,773850 1,775496
2,807863 1,698990
-1,242668 -0,667722
-3,007350 -0,001629
1,820385 2,037310
-3,036675 0,751145
2,482988 1,929077
1,836057 1,359728
2,968484 1,821697
-0,391577 -0,813425
2,517982 1,571315
1,548455 1,436272
2,138392 1,540850
2,517593 2,284028
-0,862432 -0,837488
-3,201645 0,177348
1,904487 1,505302
-0,624736 -0,659843
-1,643966 -1,494080
1,485577 1,893774
-3,632854 0,269501
-2,756890 0,462667
2,024738 1,428903
-3,713914 0,027173
-3,122460 0,152104
-0,967474 -0,273855
-0,929596 -1,277873
-0,602819 -1,163954
2,334606 1,248994
1,813735 1,614925
2,173113 1,391115
-0,826723 -0,631749
-4,464423 0,142610
-3,390146 0,446305
-1,539056 -0,595893
-3,194228 0,484791
2,100568 1,148388
2,419627 1,717153
-3,036224 0,410195
2,877792 1,728690
2,767816 1,262556
-2,867203 0,638561
-0,685056 -1,066243
3,695170 2,282831
3,552389 2,003092
2,132517 1,837644
-3,509903 -0,111809
2,741754 1,545487
-2,529345 0,193576
2,784613 1,621316
-0,676749 -0,794450
3,485026 2,025068
-2,660735 0,252777
2,286405 1,808261
-0,393654 -0,611299
-2,116773 -0,929054
-3,883313 -0,491992
2,895059 2,045475
-1,354653 -1,208601
-0,445452 -0,394823
2,522764 1,856106
-3,952892 0,116354
2,921695 1,934187
-4,358248 0,176548
1,438576 1,582933
2,185268 2,007766
-2,516470 0,593862
2,626062 1,994639
2,431508 1,711684
-2,243086 0,516130
-2,656234 0,591046
-0,524654 -0,661021
-1,326299 -1,019593
-3,132236 1,230698
1,785842 1,417770
-3,259389 0,818543
-3,074035 0,954845
-1,192413 -1,102253
3,652002 2,492599
3,330483 1,841775
-3,737041 0,470795
-1,336512 -1,162286
-3,316581 0,456328
1,483789 1,427751
2,534694 2,363528
-0,406124 -0,454885
-4,418684 -0,136449
-0,681804 -1,539232
-0,304394 -0,650490
-2,835098 0,357068
-0,958423 -0,859924
2,756504 2,095339
-0,703606 -0,743899
-2,419783 0,544609
2,731095 1,462799
-0,039072 -0,656519
-4,664538 0,052717
-1,804664 -0,570754
-3,148621 0,190218
-1,415422 -0,834470
3,019772 2,335235
-3,078744 0,647549
-2,923940 0,751363
-4,215610 0,113896
-1,125229 -0,837223
-4,082234 0,368723
2,112119 2,449296
2,969712 1,930532
-4,499374 0,011615
2,246626 1,390916
2,031023 1,939888
-3,074791 0,285063
-2,088821 0,860845
3,059725 2,208889
-1,126773 -0,939992
-0,238165 -0,627459
2,608202 1,692558
-0,392171 -1,107046
3,213064 2,149316
-0,023926 -0,546720
-1,280206 -1,010595
-0,920460 -0,824719
1,833491 1,607991
2,093659 1,343821
-0,897651 -0,930790
-0,624349 -0,864358
-1,377483 -0,886385
-4,381939 -0,075412
-0,829625 -1,382644
3,011524 2,632512
-1,019807 -1,579453
-3,068651 0,491060
3,470800 2,252840
2,717494 1,914430
2,497108 1,560954
3,418417 2,064618
-2,516750 0,737872
-4,252522 0,433390
-3,133351 0,252176
-0,417107 -0,571734
-0,766632 -0,712624
2,204994 1,783535
-1,933390 -0,800702
2,327586 1,822862
-3,006415 1,222654
-0,111826 -0,391450
-3,082082 0,368596
2,347439 1,551725
2,503891 2,136638
-4,106790 -0,045878
0,067724 -0,272335
2,506508 2,014692
-4,638308 0,350472
-1,755948 0,495592
-3,387155 -0,024381
3,182687 2,329942
2,723482 1,768893
-4,411422 -0,120459
-2,663668 0,591621
-0,748993 -0,464026
-2,615015 0,659543
2,464841 2,320824
2,950283 2,552048
0,092646 -0,355552
-3,582444 0,306732
3,059606 2,246397
-0,423528 -0,834343
1,574658 1,675507
-1,465576 -1,243856
-4,685131 0,081169
-0,433610 -1,012119
-4,166231 0,159326
-2,963042 0,227159
3,210567 2,251430
1,295712 1,620744
2,622775 1,550646
-1,306603 -1,530940
-2,810753 0,541042
1,755357 1,413987
2,341426 1,660907
3,099026 1,993441
2,661608 2,182557
-1,034587 -0,735632
1,488913 1,321176
0,120628 -0,369813
2,650480 1,745631
-3,227654 0,465432
-2,583614 0,326256
-0,207142 -0,777433
2,948134 1,610274
3,454459 2,058224
1,777742 1,783184
2,253810 1,687677
3,158415 2,532012
-2,778364 0,461047
-3,163792 -0,098667
2,801720 1,850645
-1,079653 -0,800983
-2,487600 0,730539
-0,741266 -0,678316
-3,727203 0,489053
-2,634902 0,639206
-3,265733 1,253856
-0,653892 -0,442658
-3,306947 0,114453
2,444295 1,256720
-0,660867 -0,692995
-2,740827 0,427568
-1,719120 -1,406447
3,098924 1,780502
3,438729 2,286653
-0,794721 -1,078339
-4,366579 0,368657
-3,404958 0,020354
2,411689 1,805752
1,908718 2,005959
-2,653809 0,473356
-0,739432 -0,970431
0,347116 -0,802745
-3,295314 0,305626
2,138820 1,642113
-2,900167 1,044217
2,739168 1,981141
-0,373035 -0,513763
2,436089 1,149736
-3,249366 0,867749
-3,390276 1,023412
-3,556869 0,143931
-1,020244 -0,867602
2,270871 2,489189
3,776021 2,113161
1,637877 1,327464
0,214869 -0,649832
3,643687 2,265903
-3,357487 0,307621
-3,578154 0,233371
-3,267669 0,095522
-0,748870 -0,766903
3,502002 2,512297
-0,018588 -0,451166
2,866409 1,767324
-0,588694 -0,859594
-1,887578 -1,058770
-2,248368 0,739628
2,365152 2,079135
-2,813851 0,798137
-0,607627 -1,047899
-1,146590 -0,991277
-4,403284 0,097094
-2,807257 0,175124
0,274911 -0,854809
-3,400338 0,979008
-3,349947 0,348141
-3,166024 0,360498
-0,796065 -0,606282
-0,168633 -0,311301
2,844473 2,043119
3,248382 1,600373
0,366894 -0,540539
3,077752 2,261245
1,439356 1,485649
0,145344 -0,241151
1,883709 1,395635
-0,909600 -1,171106
3,372198 2,117533
2,687300 2,059677
-0,570760 -0,959669
-2,925616 0,332404
-1,111106 -0,426779
3,058812 2,331452
2,077193 1,275981
-0,789341 -0,732833
-1,149754 -0,948031
-1,554149 -1,138223
-4,105064 0,322804
-3,096456 0,500665
2,738584 1,524775
2,846305 2,337177
1,744794 1,944628
-1,655941 -0,832657
2,750944 1,623697
2,522397 1,813944
2,642946 2,003628
2,932179 1,731701
2,806092 2,417358
2,573070 1,358061
-1,373023 -0,248552
-0,652744 -0,840156
2,826078 1,992828
3,486684 2,605425
-3,685536 0,618424
-0,734255 -0,931182
-0,450807 -0,831760
3,634019 2,317160
2,638145 2,145178
1,982979 1,892845
3,225949 1,800642
1,559461 1,861100
2,279217 2,078172
-1,241614 -1,289295
2,937877 2,043601
4,077646 2,028498
-0,330139 -0,472688
2,025163 1,709401
-3,483998 0,637545
-2,779936 0,795441
2,933769 2,235959
-0,446330 -1,255322
-0,516521 -0,635712
-1,339924 -1,023785
2,884265 1,884250
-2,232700 0,208992
-0,768274 -0,147772
2,769106 2,205594
-3,535465 0,172465
-1,130761 -1,216818
-3,231478 0,140152
-3,606787 0,383620
-0,444617 -0,858650
-2,562217 0,664733
-3,513692 0,425491
-2,865205 0,567822
1,597525 1,889401
-2,156326 0,709155
3,218703 2,274415
-3,062705 0,410953
-3,239318 0,439676
3,546648 1,984131
1,364186 1,248436
2,491239 1,906832
2,794794 1,775640
-1,260661 -1,168432
2,420481 1,938547
-2,803842 0,441447
2,842148 1,558924
2,629605 1,783186
-3,629011 0,722206
2,675413 2,820236
-2,476761 0,735928
-2,406682 0,405901
-1,211312 -0,886550
-4,724406 0,103849
-3,611195 0,276948
-0,474841 -1,306243
-1,370597 -0,746457
-4,018225 -0,001474
-3,159612 0,822743
-1,554052 -1,067620
-0,608387 -0,740060
2,091980 1,491332
-1,248004 -0,821637
-3,722513 -0,028300
-3,728266 0,151141
-1,020182 -0,717143
-0,180538 -0,474878
3,170894 1,830054
-3,518154 0,748682
-4,020407 0,285835
-0,086359 -0,758477
2,097098 2,207539
2,116138 1,299674
-0,891752 -0,753480
-3,347459 -0,337709
2,162650 1,243824
-3,290475 0,571928
-0,492173 -0,632803
-0,528226 -0,929558
2,726066 1,786174
3,014237 1,631890
-0,491086 -0,909187
-0,448337 -0,788601
-1,334032 -0,667763
-0,961644 -0,901902
0,173737 -0,401029
-0,605574 -0,385940
-2,572578 0,853068
-0,818750 -1,079558
-2,068013 0,372953
3,074388 2,197022
2,376416 1,690985
-2,919043 0,626324
2,404424 1,884126
2,479318 1,762258
-1,858319 0,738802
-2,537761 0,504356
-3,063259 0,074465
2,107246 2,229143
-2,278864 0,352332
-3,154534 0,397247
-0,871600 -0,778622
-0,930282 -0,918894
-3,389249 -0,057216
-3,687387 0,221911
-1,453391 -0,539100
-3,483641 0,277207
-1,773923 -1,256995
-1,437288 -0,844658
-0,010466 -1,101686
3,925786 1,858568
-2,833963 0,488312
1,254535 1,592670
2,037093 1,455623
-0,926827 -1,034439
2,683825 1,520187
-3,389094 0,501006
-3,375155 0,129942
-0,278060 -1,165445
-2,671247 0,638802
-1,495310 -0,773084
3,037255 2,129388
-4,464433 0,236896
-0,457444 -0,802841
-3,493528 0,755222
-2,174986 0,775443
-1,211822 -1,143797
2,454933 1,834685
-0,954834 -1,015529
2,249775 2,266999
-0,359000 -0,809457
3,043331 1,765808
-3,084959 0,254038
-3,475179 0,300563
-3,882519 0,032465
2,291201 1,881830
2,353111 1,846342
-0,752805 -0,576785
2,889601 1,502985
-3,259906 0,275515
-0,519187 0,103731
0,626313 -0,641216
2,268172 1,601997
-0,052675 -1,184693
2,606982 1,924953
2,413998 2,009066
-3,864707 0,808208
-2,851352 1,007856
-0,443584 -0,380752
2,265566 2,324127
-2,547681 -0,041980
0,013682 -0,598753
-3,091892 0,654199
-0,458481 -0,470390
-3,229224 0,507775
-3,085951 -0,146352
-0,565178 -0,598217
-1,401537 -0,718449
2,741503 1,175841
-1,125182 -1,532107
-1,227810 -1,230338
-2,657321 0,274158
-0,928455 -0,375986
0,086586 -0,347958
3,229490 2,265536
-3,408292 0,637552
-0,451278 -1,221743
-3,217206 0,805792
-1,336675 -0,973188
-0,449530 -0,292989
2,078371 2,048740
1,272538 1,880997
-3,093271 0,060620
-1,038453 -0,901446
-0,691503 -1,021070
2,895762 1,964197
2,588168 1,806104
-1,266784 -1,556659
-0,126256 -1,048730
2,933283 1,902913
3,289871 2,289892
-1,021166 -0,524864
-1,342376 -0,267652
-0,220055 -0,920291
1,676117 1,990534
2,028848 1,251297
3,031495 1,968974
-3,785329 0,062122
-3,695733 0,412774
-1,713048 -1,337058
1,400864 1,880733
2,295038 1,564845
-3,108112 1,301748
-3,964287 -0,001218
-0,795158 -0,817127
2,510026 2,211236
-3,054345 0,525594
0,044076 -0,599643
2,577695 1,364996
-2,950791 0,522273
-2,371083 0,473297
2,951345 1,939671
1,656723 1,549976
1,745271 1,715383
2,238464 2,115015
2,794469 1,168323
2,085435 1,369528
-2,052687 0,724240
-0,887779 -0,284945
-2,425782 0,258376
-3,721188 0,570341
3,574203 2,068263
-0,202229 -0,781385
-4,224865 -0,077692
-1,710169 -1,398544
1,260647 1,821040
-1,220137 -1,363801
-3,376303 0,481496
-0,449731 -0,824791
2,328589 1,969389
-1,666317 -1,037696
-0,272706 -0,888771
-1,651485 -0,480602
-1,636705 -1,439726
-3,163474 0,215754
2,223575 2,260552
0,350903 -0,176002
-4,254823 0,649752
0,108498 -0,272395
-3,152411 0,686379
-1,224652 -0,722307
-1,065998 -1,026218
0,044022 -0,799298
-2,230893 0,611170
-1,590710 -0,552677
-3,305060 0,410493
-3,693558 0,563148
-0,490283 -0,800024
-1,253435 -1,487070
2,558370 2,063745
3,672104 1,860187
-0,597494 -0,810369
2,405770 1,682155
-3,135627 0,357446
-1,693343 -0,853304
2,597910 2,139967
0,233093 -0,452916
-0,756652 -0,950870
-4,177916 0,328968
-0,811485 -0,682081
0,031074 -0,350612
-2,149670 -0,731813
-2,713944 -0,013031
-1,426544 -0,338197
3,161921 1,872583
-2,440195 0,279496
1,954689 1,720505
1,993795 1,874043
2,916923 2,054903
2,132964 1,754953
-0,961551 -0,422535
-4,128681 0,160417
-0,746491 -1,502107
2,184096 1,502727
-2,784962 0,409848
-3,723800 -0,305955
-2,699564 0,685964
-2,538098 0,498376
-2,797521 0,218544
-3,503754 0,255517
2,778077 2,493078
-0,703775 -0,637610
-3,618292 0,853751
-1,366155 -0,754808
-3,295123 0,265148
-0,073313 -0,515634
-1,207120 -0,987334
-3,464843 0,210151
-0,718096 -0,796938
-1,135839 -0,202155
3,481878 1,999363
-1,492112 -0,787926
2,878085 2,280680
3,308854 2,058125
1,879417 1,754301
0,513090 -0,547343
-1,001159 -1,128895
-0,354178 -1,018940
-2,890917 0,367825
-3,480537 0,363360
-0,293872 -0,258485
-4,625627 0,029719
2,028406 1,299396
-1,406382 -0,702020
0,172338 -0,625856
-0,162690 -0,688883
-0,076617 -0,612166
-3,713531 0,712270
-1,080339 -1,149520
0,207916 -0,552997
-0,811527 -0,676310
-3,074203 0,742435
2,404721 1,720934
3,380971 2,104767
-2,479849 0,571656
1,720957 1,396737
-1,226379 -0,952908
-3,378953 0,890073
-3,561570 0,135547
-3,684825 0,442919
3,692906 1,806139
-0,276696 -0,402140
-4,342904 0,427649
-0,016608 -0,779889
-0,181914 -0,189071
-0,904470 -0,945601
-0,793780 -0,240416
3,171558 1,616204
-0,192407 -1,374283
-0,591346 -0,682793
0,101769 -0,681395
2,417941 1,756639
-1,771912 -0,679619
2,955028 2,160998
-2,548734 0,620874
1,446836 1,368669
0,093189 -0,671031
-0,828958 -0,290132
1,358678 1,869923
-3,324670 -0,039541
-3,518859 0,173266
-3,931245 0,088128
-0,836614 -1,126803
-2,580792 0,957732
2,111200 1,466192
-3,551831 0,157862
-3,037483 0,610379
-0,044513 -0,412250
-0,434551 -0,465929
-1,390938 -0,631057
-1,462075 -0,940933
-1,730426 0,785744
3,392671 2,208589
-3,042587 0,672043
3,329770 1,785437
-0,970370 -0,123197
-0,639838 -0,648319
-4,672369 -0,017221
2,988829 1,456057
3,113168 1,967670
-3,423131 0,321545
2,656383 1,580659
-0,632005 -0,680470
-1,196319 -0,517041
0,076316 -0,587985
3,099198 2,160105
-3,568565 0,974801
2,376828 1,618697
-0,504438 -0,128828
-1,285071 -0,996331
2,118381 1,977588
-3,305787 0,563371
2,605468 1,297971
-0,023012 -0,128616
2,804313 2,198737
1,530038 1,789619
-0,515505 -0,887092
3,044036 2,159458
0,010313 -0,445965
2,866877 1,562352
1,996848 2,177361
2,375397 2,078699
-3,046243 0,202540
1,697855 2,099205
-1,876152 -1,089293
3,008285 1,977555
2,236487 1,609755
-3,692002 0,267567
-1,133216 -0,541105
-1,270475 -1,156968
-0,967741 -1,050467
-2,704923 0,354939
-0,959662 -1,128676
3,912201 2,434618
-0,988032 -0,845425
-0,311362 -0,780634
1,616330 1,782375
-3,115524 0,494906
-3,770734 -0,100608
-3,009326 0,442871
3,695255 1,740205
-0,945544 -0,666948
-4,252547 0,479168
-1,713958 -0,518839
-3,399547 0,081008
-0,860579 -0,825914
2,059450 1,501222
-3,655499 -0,001085
-2,879938 0,510336
-3,386330 0,438616
1,472790 1,731431
-2,250152 0,491492
-3,854125 0,302735
-3,544422 0,251682
0,071640 -1,054499
-3,223648 0,353037
-0,896526 -1,454648
3,152760 1,857561
-1,597603 -1,236502
3,410504 2,187445
2,864727 1,783650
-1,654561 -0,494788
2,537733 1,534672
-0,142283 -0,309700
2,954672 1,726403
-0,723338 -0,862413
-3,132208 0,035504
2,810542 1,985642
2,841320 1,970491
-4,057251 0,475875
2,608211 2,471872
-1,677256 -0,709442
-2,753339 0,462032
2,619460 2,134886
-0,804285 -0,844447
-1,398367 -0,797139
-4,217383 0,724676
2,171222 1,196432
3,133257 2,114921
-4,113513 0,173544
3,027740 1,449925
2,323645 2,014930
2,115868 1,826537
2,347731 2,266082
-4,028081 0,173039
-2,968173 0,614837
-3,730765 -0,055696
2,692736 2,184212
-0,107679 -0,390847
2,899581 1,413189
2,649966 1,793247
-2,793146 0,339543
-0,823385 -1,024119
-0,569019 -1,279674
-0,972678 -1,254642
-2,999786 0,569725
-1,005058 -0,641987
-0,589915 -0,859547
-0,125260 -1,199194
2,918676 1,931838
-0,343010 -0,345268
1,782527 2,055262
-0,147470 -1,192692
1,953374 2,353535
2,892644 2,194803
-3,044061 0,008806
2,581449 2,390059
2,995836 2,517370
-2,828739 0,206596
1,862894 1,409351
3,388452 2,619367
-3,272757 0,594517
-4,001392 0,136914
0,166294 -0,838585
-0,411816 -0,886107
-0,276115 -0,906050
1,916442 1,490838
-3,134839 0,586339
-1,221803 -0,684650
2,182151 1,986315
-0,300844 -0,798232
3,389518 2,166407
-0,589481 -0,533595
-1,433765 -1,103651
-3,799518 0,453723
3,009844 1,925519
-3,169670 0,062746
-0,101293 -0,553311
-2,896428 0,256700
2,064552 2,006053
-0,679407 -0,927888
-3,926059 0,167530
-0,796324 -1,509065
-0,445153 -0,161858
-3,942111 0,437864
-1,387465 -0,708980
-1,304950 -0,827542
-2,792537 0,536524
-2,244434 0,924663
3,676859 1,914995
1,230651 1,672430
2,888515 1,422020
-1,879074 0,628873
3,001731 1,988346
-3,514883 0,583343
-2,504143 1,063697
-0,036410 -0,578829
2,956471 2,101549
1,942477 2,219796
-1,597713 -1,376096
3,318630 1,941995
3,920264 2,174268
2,549561 1,903094
-1,567940 -1,143675
-1,164898 -0,597000
-2,736166 0,270647
-2,946045 0,292862
-4,373816 0,204803
-1,541203 -0,793431
-4,310666 -0,006928
2,508408 2,497531
-2,876006 -0,061057
2,261710 1,745588
-0,700138 -0,994872
-4,115086 0,205449
2,656205 1,829883
-3,453431 0,213274
-1,645259 -0,885521
0,708865 -0,412722
-2,347409 -1,045108
-3,531580 0,360502
3,733541 2,390634
2,395454 1,823122
2,598904 1,503672
-3,464930 0,219438
2,918589 2,411544
2,162520 1,613024
1,699415 1,409694
-0,421024 -0,942402
-3,661408 0,337570
-3,212773 0,087530
-3,712706 0,949103
-1,897417 -0,717459
2,802963 1,093238
-0,507950 -0,667702
-2,871512 0,266878
-3,365592 0,232620
-3,646583 0,307502
-3,348113 0,409727
-2,242800 0,938012
-0,649634 -0,451671
1,864349 1,296101
1,838086 1,686422
2,366258 2,035670
-0,892700 -0,687457
-2,407740 0,247937
-3,114403 0,695145
3,147515 1,906059
2,831968 1,560233
1,970157 1,326559
2,274092 2,106893
-3,794069 0,563679
-2,601400 0,349940
-2,801788 0,719991
-3,112700 0,296602
-1,429474 -0,591536
-0,466052 -0,574448
-0,157598 -0,650963
1,794058 1,406791
-3,722585 0,351884
0,060732 -0,524023
-0,135132 -0,869264
-0,417001 -0,919273
-2,022903 -0,817595
-3,262639 0,657849
-0,602373 -0,688007
-3,494076 0,104766
-0,220041 -0,287380
1,758675 1,880503
-3,132031 -0,081662
-0,560910 -0,533370
-3,347092 0,426655
-3,083493 0,681953
2,291712 1,702342
-0,657374 -0,765046
1,069053 1,518747
0,223045 -0,291345
2,116661 1,460704
2,004045 1,916544
-4,556966 0,032493
-1,312176 -1,255750
-0,989203 -0,539158
1,661306 1,771435
-2,824622 0,611189
2,371023 2,017186
2,715768 1,598661
-0,325444 -1,323907
-3,017097 0,407061
-3,253746 0,632590
-0,550648 -0,696098
-2,910872 0,949634
2,227070 2,341359
-3,111684 0,303973
2,363306 2,428379
-3,714422 0,442944
-3,900993 -0,329090
-0,627716 -0,535244
3,076470 1,266741
-4,376755 0,310257
-1,132532 -0,777584
-0,834264 -0,793195
-0,961533 -1,293435
-0,759626 -0,799966
2,809555 1,778488
-1,078486 -1,045583
-3,154661 -0,292092
3,010161 2,073192
-0,385809 -1,086166
-0,523966 -0,832066
-4,024276 0,264482
-3,120135 0,422794
-2,860576 0,807728
-2,866076 1,137110
-0,778589 -1,278980
3,153269 1,801329
2,110794 2,350313
1,754772 2,048048
-1,003032 -0,615654
-1,369644 -0,764096
-4,118953 0,172095
-0,612307 -0,808717
2,469236 2,099501
2,235760 1,527603
0,208757 -0,450694
1,954036 2,046080
-3,853414 0,509994
-3,918798 0,598030
2,695387 1,828582
2,558488 1,276285
3,654110 1,947794
2,359142 2,236285
1,822515 1,568372
-0,490772 -0,336314
1,666221 1,244709
2,349087 1,999026
-3,276288 0,603838
-1,220201 -0,790937
-0,594924 -0,796232
3,312128 2,015304
-3,108677 0,585844
-3,338266 0,531364
-1,060318 -0,727093
-0,498352 -1,300610
-3,729061 -0,057743
3,372113 1,827102
-3,916897 0,147840
1,932141 1,898062
2,526244 2,136175
-1,536382 -1,228118
-1,193842 -0,987432
2,312533 2,108915
-3,638610 0,382450
3,187141 2,504717
-2,995580 0,477010
-1,267757 -0,676465
2,684191 1,946168
-2,226763 0,310564
-3,410168 -0,084035
-1,425886 -1,544157
-2,646314 0,197522
-0,235892 -1,211697
-0,739308 -0,769850
-2,672017 0,668841
2,734639 2,071879
-1,223640 -1,021489
1,974340 1,359452
-0,751393 -0,282889
2,673912 2,165263
-1,106009 -0,780790
-2,134031 -0,748721
-2,081783 -1,103618
-1,428715 -0,680332
-3,356925 0,713540
2,347704 1,916407
-1,314616 -1,064477
3,100977 1,909341
-1,857997 -1,254788
-3,730649 1,147336
-3,365552 0,020185
-1,142262 -1,294965
2,537995 1,599505
2,529587 1,820351
2,374345 1,888227
-3,192918 0,518840
2,836601 1,469270
2,868545 2,330597
1,679381 1,641089
-1,544591 -0,396149
-3,210866 0,286963
-1,485240 -0,622518
-0,184503 -0,939485
2,537217 1,705369
-1,522440 -0,583370
-2,908208 0,268724
-3,827063 0,022282
-3,453299 0,506423
0,516803 -0,423446
2,479584 1,931358
2,681922 2,021049
2,053550 1,915482
-4,003134 0,173396
-4,046563 0,389411
-1,918292 0,429987
-4,277617 0,491841
-3,059347 1,047550
-3,325859 0,510082
-1,025532 -0,710617
-0,554359 -0,636879
-3,680628 -0,286348
2,194176 1,459773
2,490403 1,622765
-0,729117 -1,139401
-1,473966 -0,698703
-2,981012 1,186863
3,522633 1,780496
2,125342 1,980646
-0,819076 -0,743651
-4,219332 0,351050
2,869468 2,131440
3,949707 2,425680
-1,922994 -0,957484
-1,807976 0,829660
2,134038 1,784080
1,963374 2,200545
-0,014757 -0,315760
2,688248 2,192519
1,535979 1,524354
-0,059588 -0,617913
2,390467 2,603589
-3,990083 -0,110772
-0,824079 -0,665755
-3,235621 0,575993
-3,317830 0,055500
2,270614 2,511439
-3,969480 0,633582
-0,376524 -0,513127
2,733588 1,604807
-3,002006 0,260192
-0,020895 -1,056319
2,395389 1,869696
-4,458363 0,185628
-0,962703 -1,405244
-3,076181 -0,178381
-3,114093 0,415894
1,596505 1,753283
0,479969 -0,741030
-2,751225 0,397819
2,247430 1,973751
-3,259288 0,311728
-0,108667 -0,246913
-0,923459 -0,328818
-3,272541 0,053507
-1,888806 -1,168297
3,555589 1,846034
-0,882985 -0,935502
3,072414 2,173971
-2,251693 -1,130596
-3,566743 0,382468
-3,793749 0,253032
-3,174350 1,031737
-3,668372 0,326745
3,052909 2,100816
-3,507273 0,268811
-0,261864 -1,115972
-4,568093 0,228595
3,428354 2,299425
0,074104 -0,718566
-4,589707 -0,006075
1,888712 2,020048
2,635894 1,840675
-0,897115 -0,722334
1,951442 1,324002
-1,062911 -0,745030
1,481210 1,675456
-3,139190 0,414724
2,008191 1,463265
-1,446710 -0,921160
-3,423811 0,392771
-3,265490 0,428569
-0,054175 -1,248923
-0,914235 -1,168842
2,163253 2,444091
-0,341794 -0,689567
0,200633 -0,639138
-1,701970 -1,143218
-0,131361 -0,447549
-1,070519 -1,207305
2,087022 1,941093
-3,013430 0,374132
-0,743970 -1,051432
1,905620 2,084119
1,033782 -0,391725
-3,064348 0,034431
-0,541408 -0,865657
-4,327463 0,123430
-2,733535 0,564366
-1,268341 -1,150715
-3,623715 0,711803
-3,651117 -0,254762
2,132555 1,524864
-0,447227 -0,703258
-4,309995 -0,052941
-3,452087 0,423820
-0,688451 -0,898680
2,013940 2,165382
-2,749260 0,252078
3,069663 2,045579
0,572649 -0,504095
-1,721103 -1,015385
2,927759 1,752986
-0,544557 -0,888880
2,694180 1,895938
-1,338783 -1,235709
-2,615635 0,756147
-3,133160 -0,092473
2,879933 1,252460
3,505657 2,353728
-0,909462 -0,937416
-3,834707 0,305333
2,231683 1,465148
2,282811 1,653221
-2,764891 1,015221
-0,767479 -0,857412
-0,738269 -0,773965
0,068168 -0,656383
3,207586 1,333454
2,692286 1,768992
-4,216344 0,456742
-0,418894 -0,741815
2,365787 1,295119
0,294030 -0,699848
2,468811 1,496565
-3,038108 0,850326
-0,826336 -1,571568
2,747070 1,924409
-1,467952 -1,352856
2,304104 1,260811
2,309885 2,104460
1,834643 1,875050
-3,219419 0,613992
-0,580896 -0,905998
-1,764455 -1,043644
-4,605581 0,160601
1,134840 1,549951
-3,633660 0,254017
-2,295581 0,201617
-3,864679 0,542129
3,095694 1,732813
-3,503449 -0,055936
-3,607159 0,998205
2,148495 1,714036
3,266853 1,546939
2,098208 1,656717
-2,827672 0,828926
-1,385217 -0,242576
-0,501568 -0,689793
-0,296498 -0,954438
-1,850363 -1,195380
-3,219202 0,575510
1,982130 1,431035
-0,514044 -0,662336
-0,765613 -0,965281
-1,310156 -1,288959
2,661950 1,872474
-3,940033 -0,150138
-0,749309 -0,545725
-0,949609 -0,413493
-2,781350 0,463603
-0,193822 -0,685553
-3,399782 0,574834
-3,469292 0,335458
2,061141 1,852783
-3,145935 0,686633
-2,460259 0,977960
-3,873249 0,507864
3,149654 2,654530
3,122761 2,065288
2,550132 1,889291
2,187415 1,381243
-1,090329 -0,829826
2,876034 2,231218
0,932917 -0,551665
-3,313402 0,928941
-2,691097 0,319098
3,431509 2,076856
-1,584781 -0,963650
1,050328 -0,305886
-0,497636 -0,593305
-0,479633 -1,404934
-4,035054 0,612651
-2,883857 1,006565
-0,847751 -0,891647
1,233704 1,643969
-3,845844 0,699364
-3,651304 0,666153
0,075073 -0,306274
-3,075116 0,143363
3,890515 2,338033
2,027117 2,271699
-1,381736 -0,723097
-0,292325 -0,575196
-0,133593 -0,669709
2,937267 2,315590
-1,894165 -0,889461
-3,450552 0,138574
-2,905374 1,029964
-2,517535 0,957826
-3,132342 -0,010488
-2,326972 0,696693
-1,007431 -1,155399
3,144492 2,310089
-0,477310 -0,451784
-0,797730 -0,464307
2,392794 2,458937
-0,762244 -0,968633
1,804355 1,662862
-3,316265 0,417787
-2,497067 0,888177
-2,661714 0,570935
-4,297074 0,155640
-3,416582 0,207929
3,001430 2,115474
-3,695211 0,377848
-3,748982 1,046089
-3,511636 0,630786
-0,539311 -0,547033
-0,547641 0,001491
-3,338823 -0,343384
-1,825613 -0,787482
-3,670050 0,537207
3,071014 1,825757
3,520615 1,674858
-2,843255 0,573251
-3,719631 -0,051505
-1,009226 -1,496872
2,279532 1,212249
-3,087125 0,550518
-0,615404 -1,143421
2,454112 2,021780
-3,213688 0,930959
0,320283 -0,214902
-1,730591 -0,824951
-0,873302 -0,785982
-3,077240 0,148328
-2,536537 0,246744
-3,411564 -0,231885
-3,125465 0,021145
-3,019034 0,970776
-0,158311 -0,806961
-4,094608 0,034564
-3,418381 0,205806
-2,839822 0,677741
2,945653 2,467499
-0,287376 -0,465310
-1,790570 -1,466088
2,233382 2,555067
-4,363905 0,156963
-0,635658 -0,769983
0,170480 -0,725674
2,234321 1,812417
-2,575169 0,312628
3,482626 1,940556
2,537025 2,378611
-4,494424 -0,013180
-3,013812 0,903190
2,409467 2,085948
3,142957 1,304471
3,364088 2,400026
-1,102855 -1,294890
-2,485254 0,689923
-2,219817 0,453936
-0,042506 -0,123509
-2,919226 0,452961
-0,016013 -0,888393
0,567249 -0,498710
0,113571 -0,746224
-2,905951 0,769697
-2,126335 0,855982
2,655152 2,519702
2,655636 1,647290
2,299612 1,763029
-2,391535 0,792308
-1,172107 -0,763170
-0,477900 -0,878305
-3,709114 0,067952
0,253238 -0,429773
2,989399 2,419096
-1,980737 -1,406508
-3,427399 -0,093774
-0,417745 -0,999594
-0,951592 -1,303498
-2,918854 0,695900
-4,468916 0,252923
2,771721 2,106120
0,090467 -0,435045
-1,196218 -1,227619
1,843883 1,752924
-1,570061 -1,466403
-2,732327 0,729108
-3,081577 1,029339
2,103624 1,885979
-0,780167 -0,684750
-2,163762 0,894752
2,640474 2,034975
-3,647924 0,192462
-2,430420 0,316319
-0,581839 -0,346455
-1,221506 -1,261578
2,656697 1,493101
-1,909274 -0,960188
-0,466101 -0,135923
3,105423 1,968854
1,978048 1,724606
2,329413 1,983763
-2,892171 0,165046
2,305425 1,881716
-1,034355 -0,475881
-3,803241 0,719004
2,560881 2,266305
1,503592 1,642790
2,424039 1,674803
-3,378669 0,749937
-3,388143 0,587955
-2,517151 0,392805
3,054733 1,554429
2,504059 2,363758
-2,055680 -0,764511
3,282982 1,770993
0,326616 -0,632378
-0,826787 -0,265921
-1,317374 -0,334393
-2,452268 0,971695
2,841453 1,906525
-3,795903 -0,005022
-0,010935 -0,689770
1,289491 1,885040
2,752126 1,961062
-2,161020 0,596144
-0,978970 -0,729757
1,854686 1,475831
1,771824 1,424085
2,728873 1,997277
-3,022213 0,133060
-1,334573 -0,768571
-1,855395 -0,866096
-2,872746 0,247469
-1,034032 -1,019183
-3,068772 0,464916
-0,100186 -0,371086
2,765341 2,134282
-2,423965 0,151721
-3,535583 0,561570
2,939188 2,028770
-0,556240 -1,031258
-3,570599 0,467071
2,718341 2,456961
-1,097767 -0,920806
-3,104836 0,468731
-4,041515 0,272461
-0,160519 -1,060539
-3,149583 -0,196826
-0,803865 -0,745202
-1,107820 -0,134869
2,018958 2,076724
-2,968735 0,474486
-0,740433 -0,867388
-1,039097 -1,120279
2,272779 1,136268
2,593182 2,282011
2,969104 2,088858
-1,160165 -0,833489
-1,313220 -0,918886
-1,194703 -0,780584
-4,212330 -0,301983
-1,253231 -1,095928
-0,263686 -0,830031
0,390247 -0,762024
-3,598429 -0,185057
2,319893 1,693383
3,040697 1,519486
2,608633 1,746798
2,006788 1,672303
-4,489641 -0,001827
3,388512 1,496318
-1,202730 -1,445261
-4,543837 0,131402
-0,633494 -0,783752
-0,958730 -0,692707
3,453485 1,822474
-0,441749 -0,768872
-0,443963 -0,487465
2,283827 1,712565
-0,568791 -1,086339
2,718565 1,658805
2,512266 2,013353
2,525131 1,861611
-0,712917 -0,521152
0,968009 1,515856
-0,425828 -0,803186
-2,530328 0,240549
-3,281024 -0,171497
-3,738657 -0,204615
-0,746288 -0,788749
-1,186722 -0,639690
2,631590 1,932131
2,673486 2,068781
3,085031 2,118142
-0,809637 -0,232276
0,383237 -0,785179
0,215673 -0,157305
-0,923520 -1,347162
-3,672161 0,144103
-1,797077 -0,964704
-0,295218 -0,337603
3,827650 2,210145
0,306828 -0,469348
2,248844 2,202553
-2,190329 0,980214
-0,797902 -0,725791
-2,105761 0,446300
-0,807880 -0,445907
-1,009081 -0,908806
-0,412394 -0,622578
1,956324 1,926986
-2,688125 0,439687
3,460047 2,446231
-3,548662 0,131212
1,509298 1,659898
-3,481539 0,372337
0,125725 -0,433954
2,227853 2,048254
3,239908 2,230103
-0,497418 -0,961747
-3,544812 0,551537
-0,271356 -0,236001
1,238251 1,501188
-4,483489 -0,024829
-4,290553 -0,297048
-1,141566 -0,344499
-3,460954 0,457799
-1,043133 -1,218971
-0,038012 -0,579796
1,471013 1,979348
1,614769 1,664253
-3,104890 0,446801
-1,434628 -0,896677
2,187999 1,640372
-2,743194 0,573359
-0,714817 -0,693162
-0,913912 -0,606614
2,276652 2,125104
-3,505192 0,583936
2,381778 1,809580
-3,057751 0,952183
-3,419216 0,407468
-2,529158 0,271881
-1,448895 -0,451927
-0,540090 -0,477670
2,543612 1,878149
2,747285 2,246178
-3,356911 -0,356568
-2,816156 0,717541
2,665219 1,937219
-2,366411 -1,258200
-0,442391 -0,643647
3,682252 2,018256
-3,094720 0,219928
0,671098 -0,588486
1,752086 1,461743
-0,533367 -1,004869
2,649500 1,874973
-1,374246 -0,668929
2,484729 2,314350
-4,014337 -0,069697
2,966930 2,281931
-2,715020 0,245760
0,299479 -0,106114
-3,827019 0,207987
2,412403 1,933381
-1,209799 -1,481856
-2,692866 0,710374
2,823527 1,280190
-2,308395 0,405714
-2,941142 0,328431
-1,573515 -0,735429
-1,030653 -0,786917
-3,761466 0,225141
-3,850679 0,130292
2,468202 1,574090
2,712926 1,379918
-3,512736 0,157338
-1,360455 -0,993655
-3,481632 0,389806
-1,295017 -1,025002
-2,093152 0,751473
-3,392950 0,658558
3,609528 1,758713
2,659807 1,672733
3,190133 2,594678
-0,438796 -0,716202
-1,241775 -1,125972
-1,284758 -0,689693
3,162381 1,474986
3,534162 2,172563
-1,262679 -0,627740
1,985409 1,933792
-0,584113 -0,734901
2,909050 1,545185
-2,343872 0,802659
-3,159671 0,577850
0,859077 -0,341731
1,863064 1,300764
3,029731 1,847497
-0,423104 -0,491547
3,452473 2,583087
-2,334048 -1,234368
-2,709254 0,603489
-0,497725 -0,600042
3,224369 2,125620
2,248858 1,854662
2,645594 1,788430
-0,968038 -0,765064
-1,769350 -0,976417
-1,039731 -0,736511
-3,125708 0,215078
-3,548439 0,865510
-3,193303 0,660081
2,826885 1,813583
2,635505 1,500256
3,014376 1,788990
-3,188626 0,298642
-0,986081 -0,889685
2,506381 1,808094
-0,593989 -0,757170
0,301345 -0,648814
-0,719821 -0,548086
1,926179 2,051020
-0,666963 -0,412759
-1,680242 -0,445487
-3,267380 0,638763
-3,998007 -0,142126
-3,710467 -0,196753
-1,112205 -0,477721
2,277471 1,669323
-1,193192 -0,814397
3,071707 1,946566
-0,688356 -1,029443
0,068144 -0,135246
-2,534931 0,368448
-3,619373 0,455175
0,494962 -0,515406
-2,277647 -0,976239
2,742770 2,378098
-3,714781 0,191365
-1,492746 -0,551197
-4,185990 0,477453
-4,850500 -0,045258
3,203151 1,558522
-1,517624 -0,464251
2,503073 1,262165
2,021281 2,018474
-4,748725 0,087887
-2,073054 0,842284
-3,519354 0,386023
1,609522 1,391739
-3,078070 0,234631
2,688221 1,604188
-0,918642 -0,786980
2,869098 1,959809
-3,398370 0,363615
-1,853906 -0,940172
-0,091806 -0,822378
-3,125173 0,185655
3,569897 1,708952
-3,347177 0,232938
-1,844826 -1,305366
-3,931252 -0,115207
-1,016744 -0,723181
-3,799902 0,437934
1,842074 1,302754
2,311162 1,196933
2,459989 1,525960
3,092611 1,732917
3,003691 2,024651
-2,899433 0,866212
0,218095 -0,463909
-3,323602 0,561790
3,749941 1,810229
-1,251448 -1,226121
-3,481694 0,161153
-3,431301 0,106676
-0,856876 -0,201606
-1,148163 -1,176467
-3,356339 0,067814
2,921263 1,920261
1,938742 1,913469
0,066805 -0,117746
2,154703 2,247363
-2,964864 0,489333
3,249422 2,088123
-2,313089 0,972099
2,401535 2,048081
-2,811361 0,374484
-1,533035 -0,414232
3,427225 1,902859
-1,932947 0,606148
3,167319 2,195264
-4,125830 0,062949
-1,153454 -0,819481
-2,983862 0,828332
2,837685 1,803830
2,670657 1,545902
0,198107 -0,510118
-1,390407 -0,614429
3,640373 1,864594
-3,396073 0,591971
-0,970602 -0,541640
3,163012 2,498432
-0,540443 -0,414149
-3,587860 0,904270
-0,565841 -0,539297
-1,078385 -1,528335
3,351570 2,107178
-3,243324 0,499394
-1,049794 -0,582463
2,070715 1,689705
-0,399020 -0,619284
3,001299 1,773298
2,611695 1,995186
-2,518996 -1,204105
-1,099220 -0,040346
-2,419530 0,730639
-3,055066 0,829361
2,081969 1,961953
-3,830691 0,744081
-0,658145 -0,884683
-4,062572 0,143901
2,900862 2,196836
-2,771269 0,282271
-4,012763 -0,062749
-4,146112 0,401019
-0,122643 -1,018432
-1,247220 -1,363955
-1,616797 -0,999023
-0,901667 -1,402844
-4,056004 -0,058440
3,533478 2,021769
-2,592373 0,036568
-4,043306 -0,347801
-0,590833 -1,057310
2,119955 1,126174
-0,099735 -0,344852
1,947216 1,414054
-1,795748 -0,923649
-1,103799 -1,151622
2,028586 1,898325
-1,369337 -0,946147
-1,115556 -0,917371
3,052873 1,334042
-3,062204 0,622356
-3,586896 0,780631
-3,546462 0,259953
-0,469201 -0,314519
-0,927970 -0,732900
-0,929243 -0,395327
3,049061 1,741660
-3,218070 -0,146218
-3,202535 0,091685
-0,625615 -0,768577
-3,234683 1,079814
-3,876760 0,105759
-0,657810 -0,671202
2,737996 1,923861
-3,644909 0,246474
-2,750027 0,734604
3,160562 2,075873
1,742592 2,200686
-2,064556 -0,989257
3,373726 2,079406
-2,716340 0,668628
-1,170437 -0,906091
-0,880351 -0,240905
-3,344288 0,772992
-2,467763 -1,260754
-2,572046 0,784093
-2,873148 0,329526
-3,442826 0,065137
3,659532 1,823125
1,854989 1,694670
2,889893 1,224234
-0,703091 -0,283615
2,432749 1,902180
2,405527 1,506767
3,952699 2,029710
-4,036300 0,142529
-1,474482 -1,478051
2,524748 2,148634
-0,918363 -0,737985
2,672943 1,483828
-0,815948 -0,215438
2,260814 1,363382
-3,733876 0,360591
-0,163234 -0,163193
-0,776515 -1,059467
-3,859083 0,029344
-0,273973 -0,600809
3,433005 1,843573
-1,188977 -1,235257
-0,849665 -0,550230
2,091051 1,891622
-3,429484 0,086186
2,133674 1,914536
-3,100224 0,850286
-0,337614 -0,566037
2,989555 2,318293
2,027016 1,337465
-0,507932 -1,081472
-1,549980 -0,884970
-1,215053 -0,855734
3,562912 1,848841
-0,765126 -0,721535
-0,124070 -0,845434
2,929666 2,257053
-1,634747 -0,814617
2,741019 1,814387
3,650308 2,046665
2,670241 1,767574
-0,755596 -0,606130
-1,542511 -1,321020
-3,758347 0,343508
-3,431931 -0,269806
-3,611124 0,472925
2,534334 1,944840
-2,307973 0,573550
1,573152 1,922910
-3,358657 1,143019
-1,065176 -1,121001
2,002597 1,693922
-3,927200 0,062612
2,423422 2,189290
-2,028487 0,279390
2,938066 1,650991
-3,461320 0,475304
3,853756 1,982520
-3,008371 0,109077
-1,077934 -0,403891
-3,347943 0,780949
-0,876173 -0,823392
-4,033231 0,570090
0,040159 -0,989867
-0,872534 -1,426852
-1,840966 -1,277745
3,161326 1,511208
-1,526718 -1,057893
2,621742 1,995106
-1,037754 -0,597080
-0,433921 -0,826576
-1,780073 -1,435279
-4,060082 0,498150
2,458383 1,608534
-0,638436 -0,273237
-1,339224 -1,424437
-0,451022 -0,960613
2,939550 1,724262
-0,539801 -0,311939
2,920188 2,258400
1,917879 1,592050
-2,758053 0,206670
3,740173 1,989453
2,476876 1,953795
-3,522513 -0,029389
3,112862 1,980485
-1,152406 -0,683593
3,457077 2,037636
-4,006609 0,080093
-1,042822 -1,631183
3,164700 2,483449
2,915320 1,922141
3,408957 2,024397
1,898407 1,806121
-1,729790 -1,246008
3,396118 1,816230
-0,024100 -0,425164
2,721879 1,851798
-1,528769 -0,490554
3,395505 1,851731
-0,586294 -0,535182
-3,540383 0,623044
-0,497357 -0,857219
2,510763 2,251704
-3,463009 0,576763
3,094948 2,573498
-2,035213 0,337277
2,835682 1,420779
-1,033576 -0,546038
-3,818183 0,397521
-1,869727 -0,840115
2,947783 2,017999
-1,722293 -1,521905
2,368225 1,592115
2,840137 1,654591
-3,241844 -0,240681
2,401838 1,523162
-1,086172 -1,082057
-1,639616 -1,157526
-0,446725 -0,538827
3,345195 1,458926
-0,324410 -0,086685
-3,995842 -0,290993
-1,025489 -0,829262
-0,187128 0,021692
-2,565069 0,263937
-0,452549 -0,621832
-1,573901 -1,415256
3,104512 1,725366
-1,078659 -1,443971
-0,461371 -0,412058
-0,725640 -0,853106
-4,035524 -0,301314
-1,351864 -0,707551
2,412072 1,877373
2,338110 1,930861
-1,480504 -1,280984
-0,359140 -0,599993
-0,965298 -0,380318
3,594149 2,405018
1,728669 1,441220
3,204691 2,693627
3,757827 1,908030
-1,062773 -0,819032
2,837193 1,821728
2,533773 1,891290
-0,103657 -0,381411
2,214061 2,026913
2,780388 2,344705
-3,429491 0,549965
-0,348822 -0,511136
1,704286 1,260281
2,943178 2,118446
-0,917516 -0,510145
-0,458402 -0,488473
-1,629545 -1,118328
0,248237 -0,467788
2,831060 2,374583
-4,200316 0,724709
2,321105 1,781323
-1,410387 -1,072415
-4,506570 0,324643
-0,388042 -0,207076
-2,573336 0,445957
-0,439545 -0,937562
2,847676 1,911901
-3,596525 0,192341
-3,567845 -0,310138
-0,230908 -0,266076
-4,303942 0,008491
2,032482 1,622462
-0,895462 -0,448953
2,716421 1,553212
3,281436 2,025950
-0,968348 -0,502128
-3,614995 -0,098810
-3,205589 0,056726
-0,508690 -1,444185
-0,749937 -1,569575
-4,064958 0,033327
2,732354 1,302092
3,137724 2,393516
-0,899723 -0,592974
-0,081706 -0,753061
-4,094503 -0,315615
2,672505 2,227280
0,999950 1,429428
-1,382990 -0,465187
-3,936744 0,511406
-3,354432 -0,344120
-1,502916 -0,910883
-0,991607 -0,540983
-4,339593 0,038779
-1,410214 -0,896491
-0,597842 -0,311162
-1,178295 -1,341089
-1,484455 -0,872442
-0,444572 -0,882199
2,003191 1,957047
-3,117106 0,740718
-1,487454 -0,568101
-4,264306 -0,145583
-1,539221 -1,044384
-1,115838 -0,847920
3,005201 1,889841
2,632373 2,446205
0,019469 -0,770391
-1,397338 -1,232838
-2,721119 0,554673
-0,731854 -0,531879
-3,011832 0,636313
-2,593285 0,562632
-1,159358 -0,645360
1,910629 1,501401
-0,769879 -0,520848
3,683380 2,339780
3,504708 2,199765
-1,011507 -0,775251
-4,032175 0,860826
1,544670 1,790153
-0,790878 -0,864534
3,517441 2,082411
-0,086221 -0,519119
-3,435057 -0,038130
2,640885 2,138820
-3,498868 0,409204
2,383746 1,921692
3,767483 2,280441
-4,176943 0,142974
-0,338957 -0,703541
-0,437060 -0,769347
-3,206355 0,341278
-1,289306 -1,274699
0,106434 -0,984915
-2,613743 -0,016751
3,634911 1,634054
-0,566202 -0,756651
1,984066 1,487689
2,630682 2,148441
-3,293951 0,258804
3,878821 1,938282
-3,144262 -0,072215
4,186059 2,060966
-1,168872 -1,232735
-0,935950 -0,825191
-0,025772 -0,983065
-3,482328 0,265726
-3,603038 0,224883
-0,276625 -0,263777
-0,836864 0,031819
-0,966922 -0,780504
3,477866 2,458776
2,291111 1,575656
-1,001078 -0,722076
-3,319110 -0,259349
-1,037471 -1,020039
-1,486200 -1,347675
-2,646188 0,721123
-0,906731 -0,579290
-3,122897 0,471201
2,298513 2,186649
0,419739 -0,857218
-0,202791 -0,954296
-3,980088 0,048759
-2,815828 0,359261
-2,953131 0,687108
-0,524310 -0,653870
0,137400 -1,065152
-1,622601 -0,768736
-0,632111 -1,418605
3,295721 2,099020
-4,453915 0,039525
0,224341 -0,622462
-1,139462 -0,751420
-2,682403 0,355641
-0,697385 -0,974787
2,542002 2,409254
-2,624282 -1,058157
2,548846 1,910225
-4,493479 -0,092453
2,818889 1,523957
-2,165759 0,629314
2,996600 1,892009
-1,707874 -0,988288
-0,350732 -0,835960
-0,855088 -0,555765
-4,167585 0,612137
-2,598108 0,665210
-1,156234 -1,096156
3,021994 1,544157
-3,849387 0,049943
2,274349 2,359672
-1,188841 -1,110361
-4,737138 -0,185944
-1,067098 -0,598245
2,111407 1,572522
-0,420534 -0,136588
3,310745 1,516612
-0,380202 -0,429518
-3,119248 0,405687
-0,327386 -0,926297
3,120527 1,918620
-1,688467 -1,071648
1,671688 1,339272
-3,600585 -0,089305
-1,012307 -1,409547
1,844566 1,547492
3,082300 2,333167
-4,099655 -0,004610
2,966509 1,771924
-0,958763 -0,803641
-0,636234 -1,246779
-3,339240 0,231370
1,964502 2,282968
-0,174466 -0,378863
-3,592267 0,781048
-0,152300 -0,652379
-0,516364 -0,720873
0,488961 -0,677165
-3,830313 0,162211
3,496063 1,590144
2,590448 1,421476
1,618292 1,484296
-0,944548 -0,390400
0,328567 -0,456260
-3,231341 0,841969
-0,961829 -0,595457
-4,456874 0,283543
1,693020 1,355509
-3,424483 0,351623
3,020981 2,141559
-0,239752 -0,958412
-1,256183 -1,308855
-0,958400 -0,878458
-1,264848 -1,112270
-1,114314 -0,378692
-3,384739 0,487601
-2,241990 0,318547
-0,069730 -0,711454
-2,852028 1,071778
2,901014 1,594171
-3,167571 0,163833
-3,982970 0,653860
-2,879325 1,048590
-0,268336 -0,812863
1,797981 1,856478
3,005537 1,803916
-0,489387 -1,352388
-3,612686 0,442413
-1,510410 -1,306690
0,068320 -0,368668
-3,199307 -0,075635
-3,350517 -0,383215
-2,757451 0,816142
-2,015693 -1,268214
-0,484250 -1,449972
-4,294799 0,160195
-2,854098 0,063388
3,568893 2,202836
-1,470950 -1,463632
2,038158 2,205998
1,761729 2,088168
1,785104 1,315001
2,461193 1,793202
-2,512749 0,812558
1,714707 1,370598
-0,481471 -0,909030
-0,827053 -0,259086
-0,596163 -0,703397
-3,188932 0,133151
3,920646 2,136328
3,587576 2,082741
3,149809 1,659385
-2,159564 0,751825
-3,672966 0,461637
-0,835030 -0,464390
-0,913685 -0,631331
-0,671300 -0,255311
-4,077008 0,123141
-1,264489 -1,217166
3,152918 2,186341
1,635818 1,803912
-4,399800 0,420178
-2,059946 -0,853356
-2,538658 0,765586
2,692408 1,880688
-0,355330 -0,286748
1,994220 1,760772
2,740924 1,747290
3,070940 1,274745
-4,064616 0,650924
2,280759 1,639238
-0,020315 -0,227333
-2,668520 0,508402
-0,732006 -0,892965
-0,769805 -1,205293
-2,229214 -0,945483
-1,148559 -0,904038
-3,232966 0,561357
-2,275086 0,746992
1,287090 1,345447
-2,230469 0,634813
2,771073 1,785337
-0,877344 -0,871783
-3,654441 0,370869
2,815924 2,453132
0,003544 -0,202993
-1,233845 -1,251979
-1,892309 -1,112571
-3,424017 0,137782
-1,206326 -0,881904
-3,083513 1,282324
-0,927417 -0,965839
4,341024 2,168903
2,797576 1,162000
-0,563097 -0,364974
-2,701170 0,657472
-2,387266 0,508783
-1,375503 -1,111392
-3,089590 0,631499
-1,707243 0,903741
0,027117 -0,549462
-1,532802 -1,431506
-3,927489 0,215336
-0,749098 -0,822287
-3,435097 -0,036867
-3,012397 0,963812
3,065536 1,504291
2,472143 1,470867
-1,271868 -0,893080
-3,205746 0,151987
-3,984654 0,308785
-0,983761 -0,863781
3,133143 2,027426
2,524994 1,890234
-1,382664 -0,635230
-0,525098 -0,887771
0,816335 1,534271
3,637237 2,324638
-0,489640 -0,243293
-0,471247 -0,860547
2,063153 2,089848
-3,792376 0,010631
2,490165 2,184072
2,570519 1,601563
1,728498 1,531573
-0,260890 -0,507417
2,154950 1,707995
3,040016 1,731259
-1,158669 -1,390033
-2,457920 0,359328
-0,356556 -1,178373
-2,913947 0,620253
-3,701637 0,943259
4,333277 2,186156
2,743907 1,727062
-0,379923 -0,259091
-3,190178 0,459386
-0,823643 -0,559920
1,649503 1,923887
3,156820 2,445708
1,747561 1,111532
2,468705 1,116204
-0,811128 -0,613882
2,922416 1,620630
-3,090980 -0,217750
-3,784762 -0,152442
-1,387377 -0,190177
3,699003 2,149506
-0,496624 -0,600684
-4,492058 -0,090488
-4,092666 0,075696
2,418895 2,292120
-0,847373 -0,502863
-3,327809 0,438358
0,006164 -1,147833
-0,136312 -0,739104
0,443438 -0,562776
3,163456 2,087614
2,355840 1,543024
-0,506139 -0,896904
-2,530735 0,517605
-0,951146 -0,693519
2,088326 1,685439
-3,573896 0,348270
-3,011738 -0,033038
-3,220789 0,568011
-4,655405 0,318143
-0,230686 -0,132410
-0,390749 -0,848250
2,827129 1,836393
-3,684714 0,998970
0,925362 -0,542824
-4,513805 0,370059
-3,862115 0,417846
-2,519028 -1,083618
-2,647000 0,511749
-2,195973 0,404668
-0,654411 -1,657002
-0,615789 -0,730246
2,362570 1,887872
2,012149 2,356731
3,081083 2,131310
-0,273534 -0,453226
-4,433460 0,000195
-3,843837 0,134030
2,118838 1,551345
-0,015371 -0,699942
2,700556 2,043467
2,927272 1,697816
3,040004 1,770864
-2,923371 0,303600
2,051579 2,122301
2,947760 1,428531
-2,922386 0,511880
-0,760637 -1,022868
2,662700 2,285480
2,207653 1,999986
2,566815 2,839877
-0,825465 -1,298192
-2,206984 0,429877
-4,608359 0,397412
3,795770 2,157962
2,123005 1,671320
-3,665823 0,506263
-1,284287 -1,163720
-1,193922 -1,383997
2,933602 1,868357
-4,524681 0,236280
-1,815143 0,609173
-0,279572 -0,280233
0,036453 -0,628650
-4,140648 -0,179661
1,849036 1,697802
3,081427 1,948635
-3,987197 0,864733
-3,264182 0,678251
1,917583 1,320375
-0,712122 -0,821366
-0,115530 -0,749409
-1,148934 -1,375117
2,246898 1,549947
2,895531 2,545105
-2,873152 0,362631
-1,363375 -1,289229
-3,451142 0,588814
-0,915816 -0,910826
2,419932 1,581704
-3,484764 -0,093347
0,158945 -0,311499
-3,092923 0,488408
-3,770704 -0,011389
1,263630 1,453537
-3,318832 1,080838
-3,246636 0,085886
-2,729879 0,966183
-2,882896 0,443780
3,879876 2,248356
-1,240821 -0,967925
2,899872 1,617775
-0,585756 -0,779967
-2,998176 0,231620
-2,075608 -1,083040
-3,588049 0,070814
1,931529 2,321964
-0,214739 -1,133676
-4,264142 0,458971
3,666802 2,279370
-0,335566 -0,508929
-2,459753 0,272941
0,364087 -0,501373
-2,939638 0,710938
-0,652153 -1,204648
-4,453145 0,270261
-2,033009 -0,824797
-0,798825 -1,261212
-3,357570 -0,177551
-3,593317 0,235306
-3,693184 0,169963
-0,266893 -0,729158
-0,663311 -0,349292
0,570477 -0,528581
2,357135 1,504112
-2,207980 0,650089
2,858571 1,655826
3,806186 2,146877
2,695030 2,147630
3,429616 1,778009
-4,712100 0,231657
-2,955730 0,116730
-2,956196 0,031796
-0,824442 -1,166809
-2,780800 0,760616
-3,203538 0,618675
-2,975950 0,414936
0,132334 -0,510288
0,257022 -0,446338
1,348202 1,645068
-0,157257 -0,249925
-4,076305 0,277521
-2,952964 0,477830
1,534003 1,464971
2,222588 1,920484
-0,608445 -0,751539
-3,013661 0,292241
-1,194426 -0,428100
3,070358 2,060332
3,439054 2,218260
-1,347603 -0,761950
-4,152446 0,687689
-1,330825 -0,580663
-4,319734 0,177063
-4,251402 0,108958
2,585388 1,718860
3,741664 2,037357
-2,022768 -1,086224
3,639580 1,960344
-0,389154 -0,473588
-3,058931 1,239852
2,365983 2,069085
-0,391485 -0,517542
3,583924 1,768306
-3,498134 0,777268
-4,394996 -0,111590
2,640986 1,675010
2,321948 1,420558
-1,509700 -0,428272
-2,276444 1,013468
-2,491483 0,674478
-2,682272 0,224125
-3,615377 0,830294
-2,153729 -0,775643
-2,029154 -1,376939
-4,799234 0,129226
-3,915180 0,149672
2,148364 1,878842
-3,420807 0,089099
-0,778906 -1,178179
-3,103569 0,285845
-1,049384 -1,385064
2,786702 2,004798
-1,332692 -1,224193
-0,765286 -0,835866
-4,526086 -0,141771
-1,166753 -0,281870
-3,564928 -0,327522
-3,793909 0,695398
3,089280 2,220392
-1,218798 -0,962864
-4,259424 0,090533
-0,771792 -0,712334
-1,916899 -1,214814
-1,738342 -1,055862
-4,230713 0,443733
-3,437613 0,319736
-2,937630 0,674936
3,309241 1,868447
-0,744965 -0,955380
-0,652157 -0,899949
-1,059530 -0,560253
-1,157133 -1,200109
0,117853 -0,741954
-2,980140 0,615973
-3,111225 -0,395293
-2,471488 0,381715
-1,353917 -1,470958
2,493362 1,940893
2,277488 1,892584
-0,361687 -1,061338
-3,949029 0,231582
-0,135576 -0,733494
-0,458102 -0,990582
2,734582 1,639883
-1,120922 -0,935101
2,703159 1,768150
-1,072605 -0,268890
-0,525300 -0,320854
-0,467182 -0,602292
-2,791496 0,365209
2,863514 1,585966
-0,282602 -0,434927
-0,809239 -0,575119
-1,815392 -1,346610
-2,718752 0,592435
2,043386 1,928734
3,144388 1,607960
-1,118897 -0,772836
0,181373 -0,477025
-1,463164 -1,243050
-0,854807 -1,114982
-2,151401 0,664446
-3,335991 0,557068
-3,437999 0,349077
-3,791765 0,171581
-1,441711 -0,304738
3,635686 2,105801
2,244186 2,330755
-1,523680 -0,974704
2,282834 1,958963
1,571511 1,624684
3,154516 1,961875
-4,541331 0,164504
2,294302 2,017577
-1,149676 -1,174070
-3,660138 0,358656
-3,262178 0,525453
1,885098 1,059943
-3,417342 -0,037191
1,827510 1,211532
-3,489327 0,265888
-3,456204 0,565541
3,053735 1,989013
-1,580773 -1,300932
1,600385 1,863735
1,795807 2,032923
-3,687374 0,399759
2,006939 1,920676
0,015000 -1,176143
2,331922 1,979113
-3,122276 0,229339
-1,113176 -1,057658
0,048264 -0,436731
-0,784138 -0,657933
1,418066 1,463662
-3,028327 0,619094
0,327714 -0,637754
1,497029 1,428519
-1,076752 -0,697844
1,769586 1,665212
3,377541 2,505003
2,880706 1,632446
1,665809 1,406141
-3,079986 0,158907
-0,493551 -1,110113
-0,143736 -0,829718
-3,489087 0,360823
-2,203286 0,735365
-4,107581 0,385831
2,663120 2,161936
-0,348720 -0,402683
-1,123847 -0,707035
2,646556 2,241061
3,286260 2,218371
2,006763 1,549891
-1,534888 -1,128688
-1,031177 -0,867228
2,101910 1,708346
-0,857266 -0,646997
-0,604143 -1,254795
-0,910479 -0,770395
-0,031198 -0,510143
-1,528533 -0,375123
-4,007983 0,689692
-0,646874 -0,322700
-0,211208 -0,416678
2,414493 1,879155
-1,482863 -0,580590
-1,185972 -1,081010
-3,919536 0,223508
3,422246 2,627127
2,109142 1,603184
-3,566527 0,572391
3,109330 2,256565
0,030436 -0,875307
-0,014966 -0,956621
3,120988 2,185935
-4,033373 0,730694
2,901431 1,672597
-0,490082 -0,301037
-1,770579 -1,158711
-2,744068 0,772073
-0,251239 -0,957453
-0,531710 -0,563568
-1,327707 -1,067341
-0,755947 -0,679077
-4,013997 0,257574
2,235337 2,110111
-3,780748 0,364756
-3,979270 0,490525
2,722426 1,571570
3,757109 2,378318
-4,803020 0,024624
-0,865567 -1,307381
-2,910549 0,366037
2,071893 1,940959
-1,323191 -0,669883
3,308456 2,381901
2,389667 1,716553
2,278325 2,020089
3,426358 2,447884
1,165964 1,325543
-2,937614 0,709622
-1,730414 0,717159
-1,203754 -0,745791
-3,532652 0,326174
2,922759 1,744757
-3,771994 0,561502
2,953787 1,707825
2,300527 1,549324
1,858135 1,650470
1,970338 2,125452
-3,707888 0,247276
-3,295932 -0,222404
-2,848437 0,900680
-3,992419 -0,006344
2,623013 1,762479
2,668305 1,769258
3,019393 2,174001
1,583523 1,350886
-0,782093 -0,519510
-2,205898 -0,906087
-0,858717 -0,559299
-0,217764 -1,002414
-3,404055 0,533673
4,134734 2,203598
-1,064991 -0,837461
3,589068 1,848994
-2,419446 0,266707
-0,727535 -0,443649
-1,280728 -1,068067
-3,222392 0,433255
-2,176679 -1,077880
3,087310 1,944910
-0,921252 -1,126105
-3,175834 0,097749
2,310449 1,572512
2,508304 1,922519
-3,679044 0,769758
-1,449462 -0,664874
1,328165 1,400548
2,809655 1,593404
-2,498933 0,448790
-4,296592 0,464087
2,062214 1,881798
-0,965965 -1,068870
0,310855 -0,492867
2,086639 2,097506
-3,176245 -0,299799
1,741233 1,777470
3,017172 2,067087
-0,603906 -1,351893
2,288098 1,339977
-3,495395 0,334929
-3,880568 0,134469
-0,493577 -0,613021
3,051944 1,997997
0,122781 -1,007467
2,206892 1,843861
-2,686537 0,882552
-3,860966 0,503627
3,200970 2,335697
-1,577180 -1,304755
3,543237 1,622518
2,790567 1,936260
-3,656053 0,166486
-1,927370 -1,021012
3,057396 1,868809
-0,998670 -0,783623
-0,257933 -0,534505
-0,689667 -0,440580
-3,089183 0,671865
2,584498 1,600164
-3,485032 0,376910
-4,704192 0,020209
-3,433738 0,662729
-0,140764 -0,283034
2,668533 1,908435
2,427703 2,127611
-0,605415 -0,950790
2,722004 2,302488
2,143000 2,071963
-2,965817 -0,240278
2,592752 1,729765
-1,164637 -0,599362
-3,533518 0,287821
3,227421 2,157447
2,568087 1,918898
0,160348 -0,684080
-3,719477 -0,039299
-2,755301 0,418947
-0,652890 -0,050730
-3,466767 0,044430
-3,598522 0,697027
-2,681869 0,989797
-1,140556 -1,042217
-2,998949 0,496820
3,017358 1,568899
-2,604053 0,821450
1,747993 2,143123
-0,990708 -0,795329
-2,930201 0,395753
-1,276601 -0,667455
-0,619094 -0,247631
-0,878760 -0,708198
-1,916132 -1,145244
-3,237479 0,808070
2,246457 1,978036
0,333696 -0,879605
3,012860 1,683313
1,925774 1,892900
-1,818622 -1,168279
-2,606753 0,420740
2,269709 1,946796
2,828321 2,258706
-1,101162 -1,161740
2,022863 1,641299
1,756620 1,524776
2,311162 2,227121
-1,696432 -0,785704
-3,484876 0,382275
-0,205989 -1,152234
-2,882141 0,520590
2,367663 2,173124
-3,738179 0,680444
-1,025506 -0,800812
-1,319045 -0,564797
-2,925326 0,528832
-4,029209 0,195721
-3,803679 0,284160
2,467043 1,958753
-2,498080 0,647865
-3,479374 0,115533
-3,624377 0,678871
-0,433432 -1,044934
3,365691 1,882405
2,555679 2,213005
-0,017641 -0,962494
2,890381 2,084613
2,400044 1,486978
-3,214210 0,786481
3,820025 1,941379
-2,775110 0,262346
-1,380760 -0,411159
-3,573873 0,269977
-2,915264 0,339572
2,752537 1,816451
-3,966788 0,660730
2,110659 1,847379
-3,003145 0,904868
-1,387913 -1,327542
-2,272721 0,337600
3,548830 1,727776
-4,111903 -0,008394
-2,213502 -1,353923
-1,753055 -0,964788
3,045142 1,964949
2,029231 1,863616
0,543646 -0,781483
-4,109054 0,192967
-2,627163 0,846972
-0,649590 -0,986162
-0,902946 -1,307259
-2,229703 -1,188589
-0,874061 -0,924821
1,790111 1,980891
-1,587971 -0,887033
-4,615493 0,254321
-3,506430 -0,129905
-0,489305 -0,385737
-0,084553 -0,249386
-3,236650 0,348176
2,968836 2,407601
-1,451077 -1,000144
-1,223996 -1,105340
1,546653 1,302244
2,577770 1,232333
-2,211818 0,256853
-2,930451 -0,220467
3,298076 1,619960
-3,786121 0,570430
-1,132833 -1,152342
1,894502 2,138798
-4,270645 -0,096297
-0,977494 -0,335096
3,216016 2,125488
3,200333 1,977689
2,082654 1,969931
-0,926609 -0,823636
-3,005544 0,377824
-3,428551 0,619734
-4,379460 0,207366
-3,525610 1,036126
-2,317948 1,103951
2,209648 2,241502
3,107198 1,816520
-3,124560 0,112934
-1,340370 -0,721259
3,619997 2,339371
3,076128 2,032520
3,160647 2,102610
-0,312942 -0,332278
0,108253 -0,461606
-0,758242 -0,721763
2,489782 2,085804
-4,227960 0,654431
-3,435905 0,163055
-3,786577 -0,124159
-0,744128 -0,479741
-0,691336 -0,579031
2,925395 2,782155
-3,202760 0,843912
-3,163370 0,539711
-0,776921 -0,405972
2,355904 2,268297
1,600867 1,143400
3,383032 1,724699
-3,346136 0,522410
-0,649582 -0,214942
2,583749 1,576653
-0,846721 -0,649233
-3,624546 0,556311
3,053974 2,243628
-4,082449 0,246157
-0,126541 -0,376244
-2,740980 0,074245
-2,286590 0,388882
-0,203319 -0,728083
3,108222 2,285278
2,532631 1,564886
2,314919 1,560203
-3,292837 0,441888
-3,915532 0,060908
-3,382314 0,604031
-0,710996 -0,655873
-0,955919 -0,444098
-3,863667 0,808113
0,412237 -0,299782
3,657975 2,279121
2,235921 1,670185
-1,608264 -1,478724
-1,021138 -0,317208
-1,360010 -0,627214
0,353892 -0,635986
2,776460 1,708380
1,663138 1,354655
3,660778 2,524922
-3,113405 0,238115
-1,237353 -0,848204
-1,293241 -1,182589
3,405528 2,177573
-3,880249 0,171024
-1,328620 -0,839129
1,824640 1,646049
-3,704613 -0,225049
-3,349942 0,468061
-3,225690 0,380097
1,673463 1,691973
-4,243547 0,385375
-3,898018 -0,009503
-0,844693 -0,866989
-3,487844 0,622370
2,284632 2,248522
2,932220 1,742985
-1,191544 -0,880936
2,567372 1,636165
2,868970 1,698008
0,249823 -0,654745
-4,373583 0,148470
2,454406 1,167562
-3,137752 0,234379
-3,190319 0,024290
-0,687554 -0,859096
-0,715907 -1,625128
-0,740389 -0,832425
-0,758115 -0,705341
3,151913 1,663544
-0,933144 -1,385482
-1,973671 0,714950
-0,974118 -0,456125
2,855875 1,646185
2,486473 1,799691
-3,033554 0,283658
-2,983039 0,190247
-2,189536 -1,049598
-0,313688 -0,976824
-1,646006 -1,225075
2,353846 1,096151
2,404434 1,613124
-2,192860 0,710088
-3,959902 0,205195
-3,523167 0,707837
1,693145 1,139011
-3,286946 0,620740
-4,383709 0,136570
2,335775 2,255270
3,001550 1,571329
-2,779408 1,011626
-0,552218 -1,169340
-1,043980 -1,380885
-2,963471 0,536772
-1,512794 -1,144254
-3,988331 0,260810
-3,368046 0,275418
2,247254 1,587653
-2,806380 0,438656
-1,638199 -1,363438
2,425476 1,567867
-0,482250 -0,215177
-3,799139 0,119400
2,243524 2,246928
3,524478 1,947430
2,732423 1,428975
2,037042 1,734657
2,612501 2,405132
2,689530 2,116490
-0,837757 -0,879125
2,757138 1,322759
2,018232 1,741137
-0,946469 -0,963831
-0,743856 -0,392765
-1,539789 -0,558464
-3,518962 -0,277058
-0,209122 -0,300131
-1,024136 -0,587566
-0,576477 -0,840107
-0,115000 -0,199073
1,553653 1,814365
2,061762 1,553501
-3,061824 0,602560
-3,907087 -0,323541
-4,301070 0,397844
-0,968783 -1,549579
2,475357 1,730271
-3,223326 0,323188
-0,975925 -1,163496
-0,898349 -1,126680
-0,094347 -0,455934
2,012888 1,476165
2,692273 1,175986
-2,009234 0,597995
3,360106 2,273658
1,996620 1,362098
-0,101749 -0,788169
-3,879162 0,451597
-2,964759 0,534030
-1,566884 -0,460353
2,653273 1,879693
3,208898 2,095383
-3,464723 0,505303
1,499464 1,744589
-2,314138 0,520391
-0,715675 -0,645186
-1,050694 -0,761255
-2,754395 1,147507
-2,565896 0,566859
-3,805496 0,627587
-3,726439 0,246259
1,555673 1,576313
1,607381 1,534797
-4,089080 0,382305
-4,779883 0,161778
-0,241630 -0,850162
3,237217 1,778346
2,996119 1,865114
-1,604853 -1,161864
-0,496739 -0,390057
-1,175003 -0,576406
2,578743 2,077974
-2,521940 0,813480
-0,084271 -1,206143
-1,666341 -0,923992
-3,828720 -0,160493
-2,749022 0,773555
3,070850 1,699007
-0,451816 -0,537460
3,054462 1,694106
-1,892646 0,451961
-0,339541 -1,399188
-0,251468 -0,722586
-4,872109 0,245729
0,661959 -0,519505
-1,342986 -1,091761
3,072626 1,888748
3,183764 2,057516
3,290328 1,718349
-1,318230 -1,262279
-2,913914 -0,269670
-1,572303 -1,318855
2,585263 2,135271
-3,405260 0,507180
2,707719 2,028315
2,688638 1,642402
0,006200 -0,376848
-0,129514 -0,360813
-0,189264 -1,054055
2,703705 2,032463
3,062153 2,180821
-2,533478 0,976763
0,019662 -0,964913
-3,655128 0,422455
-1,041114 -1,209843
-3,360562 0,796137
-1,348437 -1,010562
1,873529 1,982644
-1,548720 -0,722717
-1,197654 -0,635544
-3,641564 0,477555
-0,547439 -0,943771
2,349524 2,067904
3,204985 2,311794
-2,297232 0,503267
2,850435 1,935255
-1,236864 -1,247261
2,436950 1,733348
-1,989011 0,878271
2,606614 1,625785
2,574877 2,503567
1,198206 1,750592
-3,721021 0,679111
2,407843 2,020105
-2,876562 1,013355
2,058874 1,516532
2,454253 2,149997
-3,513619 0,340276
-2,854273 0,585092
2,068567 1,436009
2,113207 1,782793
-4,069297 0,038462
-2,937508 0,297764
-3,473159 0,818020
2,573201 1,504882
-2,623504 0,461252
2,380646 1,781466
-1,464147 -1,022348
-4,012960 0,600057
-3,321546 0,283655
3,201536 1,985477
2,329994 1,652593
-1,895419 -1,197900
1,075549 1,448553
-1,167757 -0,720759
-4,199575 0,575126
-4,437200 -0,204102
-1,106919 -0,934532
-3,618243 0,351964
2,545895 1,197847
2,734234 2,388079
-1,566812 -0,708573
3,302015 2,130533
2,924355 2,136621
-0,367276 -0,478126
2,945678 2,108874
-3,084601 0,600916
-3,292050 0,522869
-0,457461 -0,059224
-1,031121 -0,085674
-1,249765 -0,941484
4,386516 2,357849
-4,027929 -0,123539
-0,495593 -0,788659
-1,139351 -1,068266
-3,375859 0,702482
2,214580 1,792603
2,384553 1,783521
-3,471800 0,134655
-0,760271 -0,689478
1,969682 1,722563
-3,195518 -0,059185
2,623323 1,253535
2,722791 1,585807
3,284054 2,125023
-1,542285 -0,940226
-0,740832 -1,127469
2,144852 1,223909
2,777731 2,450235
-0,728346 -0,486958
-3,576034 0,688995
-3,503113 0,169526
1,871548 1,958178
-0,697374 -0,945053
-2,183810 -1,391037
0,104617 -0,254618
-3,020994 0,697507
-0,408719 -0,553091
-0,525468 -1,000651
2,875273 2,291569
-0,877887 -0,662290
2,675562 1,976068
-3,622695 0,310271
-2,464250 0,861412
2,373977 2,109656
-3,435391 -0,083886
3,059308 2,094949
-1,264575 -1,058194
-0,346615 -0,550441
1,567674 1,887420
-0,669915 -0,860013
-2,860655 0,717570
1,852406 2,067795
2,827468 1,975325
-2,803102 0,844579
-3,847644 0,515034
-0,113057 -0,793352
-0,948638 -0,848784
-0,643463 -0,556543
-0,860191 -0,485908
-4,236472 0,081189
1,793095 2,091491
3,129005 1,588461
-4,190119 0,107548
-2,803214 0,298364
3,553320 1,990704
-0,672284 -1,404521
2,689684 2,660803
-0,588038 -0,879457
-4,187220 0,264868
-0,807854 -0,428421
-2,299433 0,313390
-3,982654 0,051812
-0,821396 -0,947501
-3,469858 0,025043
-3,605861 0,139928
-3,965177 0,188782
-0,078976 -0,655787
-3,608012 0,153127
-0,169477 -0,725617
2,812384 1,734931
2,666836 1,755974
2,869028 1,538298
-1,961723 0,858445
-3,529067 -0,281175
-3,087684 0,612135
-2,061304 -1,275213
3,103780 1,948301
-0,828424 -1,763559
2,936591 1,726965
-4,031403 0,123956
-0,464935 -0,517557
2,196512 1,483251
-2,752674 0,429277
-2,732778 0,440850
-4,169723 0,454432
2,741329 1,865345
-3,800879 0,157504
-2,648517 1,077754
-1,826898 -0,661457
2,897424 2,285306
-3,818914 0,753102
1,721765 1,483366
-0,739133 -0,440501
-1,031550 -0,326965
-2,261170 0,707613
-4,143649 0,353052
-3,959246 0,905400
2,146509 1,435650
2,007986 1,286951
-0,847203 -0,479643
-3,643497 0,274044
-3,639593 0,536645
-3,354997 0,376107
-4,423803 0,009452
-0,999755 -1,017000
2,841004 1,672581
-2,403816 0,630688
-0,589054 -0,335224
-4,725965 0,151018
1,605612 1,374647
-0,506772 -0,768113
-3,409417 0,429191
-3,503585 0,238620
-0,095379 -1,041840
-1,310948 -1,028628
2,175345 1,611893
-0,327051 -0,687295
2,943765 1,663995
-0,197905 -0,679068
-3,080803 0,575410
2,985417 2,044070
3,008540 2,159914
2,971333 1,702784
1,821433 1,980428
3,021251 1,787660
1,822107 1,979498
-3,332994 0,495457
3,388534 2,240977
3,135320 1,873599
-3,130799 0,144128
3,117554 1,909152
-2,912444 0,108911
-2,781732 0,924396
2,980558 1,831650
-0,731968 -0,516119
3,026722 1,793200
-3,783544 0,619802
3,511770 1,911887
-0,481891 -0,581224
2,534701 1,396987
3,671777 2,095287
-3,185883 0,378178
3,462080 2,002914
3,418394 1,785210
-2,413223 0,899070
-4,340963 0,126839
-4,257619 0,456142
3,605194 2,222268
-0,317917 -0,985236
-3,809801 0,251887
-3,101235 0,079992
-0,787401 -0,563456
1,640024 1,353102
0,190528 -0,807903
-3,331097 0,275804
-3,104804 0,201698
2,202101 1,635411
2,643267 1,563327
-1,640125 0,664834
-4,308924 0,639774
-1,465250 -0,673591
2,859714 1,850478
-2,636966 0,149979
-2,079454 -1,126842
0,334049 -0,142717
-3,471594 0,729316
-3,613733 0,153036
-3,585731 -0,462562
-0,864481 -0,570755
-3,425681 0,808211
-0,823180 -1,015535
3,191976 1,582213
2,791021 1,856702
-4,129490 -0,013707
-0,426565 -1,188665
-1,382449 -0,819097
2,807272 1,964801
0,641527 -0,574265
-3,006532 0,891276
3,051063 1,942887
-0,820460 -0,689004
-0,844006 -0,827719
2,321070 1,994963
2,249464 1,648262
-3,444921 0,344081
3,387299 1,819591
2,869369 1,960443
-3,300218 0,451359
2,207302 2,176924
-0,039004 -0,801407
2,034720 2,250473
3,125040 1,892056
-3,735514 0,023968
-2,374823 0,674358
2,106064 1,386172
2,947990 2,044488
-0,457310 -1,282197
-3,625077 0,641897
-2,234140 -1,239978
2,034659 1,849553
-2,946634 0,547587
-2,728246 0,207960
3,570538 1,900676
-3,636882 0,222325
-2,815782 -0,290474
2,011225 1,543474
-3,003393 0,807821
-3,343699 0,740872
-0,900460 -0,804680
-3,591772 0,833671
1,777656 1,444966
-3,461339 0,758523
-0,084157 -0,464774
-0,702320 -1,140472
-3,337623 0,320849
-1,024685 -1,072864
-3,933122 0,271955
-0,660917 -0,330244
-3,691082 -0,146284
2,932673 2,060497
3,101761 2,282043
-1,789742 -0,933068
2,255076 1,713154
3,812160 2,374483
2,059142 1,515613
-4,341060 0,000359
-3,487564 0,378718
-3,773098 -0,196078
-2,800709 0,626309
-1,414793 -0,848110
-3,675553 0,593663
2,684991 1,243494
-3,784300 0,210743
2,426366 1,517197
3,090775 1,520322
1,848974 1,643649
1,930181 2,270087
2,666985 1,844829
-0,028860 -0,778492
-2,803963 0,396029
2,008159 2,323960
-3,378221 0,664461
2,228853 1,356988
-0,463174 -0,102255
2,733607 1,555593
4,312464 2,305319
-2,503151 0,424282
-1,458335 -1,433292
-3,405102 0,255343
-1,132027 -1,184163
2,352804 1,115588
3,068714 1,775031
2,087423 1,388706
3,061540 2,180756
-2,900490 0,157770
-0,478022 -1,156559
-2,791779 0,954335
-1,150066 -1,457998
-2,064135 -1,154905
2,264324 2,257998
-3,455507 0,409487
-0,785740 -0,932878
-0,192801 -0,411655
-2,621280 0,441680
-0,183812 -0,908961
-0,976156 -0,986412
-0,028715 -0,603801
3,243967 2,249091
-3,621759 0,203454
-0,660717 -0,842569
-0,435103 -0,343570
2,519656 1,564174
-0,701207 -1,460997
2,480981 2,040601
-0,310726 -1,037220
-3,526675 0,418711
-0,535680 -0,619966
-3,180761 0,253766
-3,883482 0,292411
-1,307450 -0,959529
-3,471935 0,169194
-3,720518 0,909441
0,225574 -0,555991
2,936438 2,013211
2,568653 1,672244
-0,616854 -0,821021
-2,518357 0,990096
-1,386430 -0,634013
3,663456 1,669485
-0,297406 -1,095520
2,195868 2,128256
2,250535 1,900293
2,801613 1,644921
-3,784828 0,064610
-3,109887 0,478269
-3,985877 0,293960
-2,650235 0,816974
3,978499 2,353892
0,948456 1,433410
0,312679 -0,372157
-3,880835 0,146143
-2,615046 0,136061
-3,210530 0,414064
-3,644137 0,199254
-3,227453 0,858685
-1,764908 -1,177574
3,226083 1,906903
2,460011 2,069047
2,728876 1,449410
-3,670075 0,392636
-0,995491 -0,672037
-4,060596 0,370390
-1,093128 -0,416322
-0,303032 0,013056
-0,536850 -1,435736
-3,352285 0,629288
1,573161 1,358886
-1,452405 -1,196422
2,056221 2,117463
-1,534493 -0,654906
-2,989486 0,829854
-3,342501 0,473158
-2,810893 0,371291
-3,016460 0,696150
2,235539 1,660769
-0,250945 -0,604644
-0,656022 -0,581783
2,462542 1,607200
2,674669 1,589068
-4,144979 0,363601
-0,335097 -0,577862
-1,593057 -1,025142
-0,321250 -0,751610
1,495525 1,318811
1,823096 1,710407
-1,096402 -0,403732
2,375128 1,516945
2,871184 1,604856
0,074564 -0,423962
-3,231532 0,511067
2,518539 1,729253
2,504605 1,713868
-3,070613 0,671453
-0,872995 -0,074612
-2,662363 0,019504
-0,308052 -1,188177
-2,378696 0,911339
-0,967460 -0,937942
-0,244990 -0,470585
-3,470933 0,517687
-3,090809 0,616702
2,534668 2,363752
2,221196 1,728439
-3,409910 0,147356
2,247608 1,667740
-0,950306 -0,680381
-3,196945 0,736651
-1,681911 -1,204297
-1,379261 -1,182853
3,448469 2,024637
-4,210383 0,126935
2,474545 2,029254
-3,877814 0,111836
2,866572 1,586170
-0,346322 -0,930033
-3,365816 0,298624
3,125534 1,511506
-0,256649 -0,490925
-3,625593 0,677438
-2,305214 0,356539
-3,995849 0,270102
-3,681616 0,490253
-0,080355 -0,861706
-0,826085 -0,880868
2,378647 1,652015
-4,330466 0,022439
-3,161528 0,810345
-3,750490 0,173750
-1,393727 -0,846120
3,253268 2,140981
-0,457095 -0,467167
-2,496141 0,686961
-3,151191 0,471040
1,881284 1,159199
-3,232984 0,020531
-3,923401 0,061054
1,909039 1,239766
2,403241 2,632375
-0,326745 -0,576484
-4,115683 0,104796
1,906417 2,272188
-4,137108 0,419035
-2,527111 -0,001851
0,478689 -0,291383
-0,982749 -0,967494
3,527067 1,720096
-1,272091 -0,763005
-3,458426 1,122640
-1,171006 -0,714205
-3,609768 -0,468639
-3,791081 0,360301
-4,005392 0,340437
-1,920439 -1,178206
2,850126 2,383461
-1,044602 -0,674971
-0,932267 -0,781204
2,094997 1,580683
-0,493489 -1,433961
2,362751 2,056689
2,623753 1,575242
2,078261 1,247331
-3,901529 0,473906
1,386597 1,378278
-2,383646 0,838439
3,480510 2,213955
-1,458009 -0,949948
3,570478 2,039691
-1,357444 -1,265803
3,579211 2,416735
-4,362124 0,471890
2,754929 1,390282
-1,670617 -1,228374
-3,160553 0,655588
-1,453090 -0,716403
-3,136542 1,171584
-2,984393 0,763888
3,109241 1,834973
-1,461654 -1,086277
-1,034481 -0,993917
-2,935740 0,255816
2,961384 1,604382
-3,355888 0,579943
2,109249 1,649036
-4,474212 0,059696
-0,648391 -0,589906
3,006934 1,847502
-4,382186 0,690707
2,202429 1,787001
2,840408 2,002243
-3,410738 0,317448
-0,911669 -0,975671
3,035935 2,049616
-2,490813 0,427166
1,532997 1,206949
-3,740615 0,150078
-0,877146 -1,278394
-1,261468 -0,439683
-2,820705 0,072006
2,525268 1,892769
-0,684563 -0,244523
1,916982 1,440746
-3,265811 0,548149
3,334757 1,820208
-4,719469 0,295341
-3,383728 -0,207692
-1,690716 -0,427970
-1,483270 -0,820576
-3,664362 0,250626
-0,677741 -0,406815
2,798355 1,296233
-2,310784 0,998440
2,926536 1,894146
3,240473 1,603426
2,258898 2,149674
-1,452157 -0,881497
1,486341 1,633186
-0,824290 -0,883334
-3,478740 0,290376
-3,463070 0,248061
-3,316037 0,110486
2,005734 1,911390
-0,222929 -0,821052
-2,684420 0,421096
2,872377 1,692981
3,332136 2,007802
-1,356166 -0,121295
2,146784 1,472724
2,768816 1,638721
2,754093 2,471553
-4,050535 0,238237
-1,450721 -1,156997
2,177025 1,315139
2,766043 1,747846
-1,170011 -1,134235
-0,871154 -1,146007
2,372877 2,032608
2,513065 2,034663
3,539805 1,849612
-4,087600 -0,220217
-0,988022 -0,797109
-3,892742 -0,004804
-4,196006 0,257765
-0,587386 -0,915070
-1,381651 -0,467102
-3,373106 0,277256
2,275074 1,762088
2,469643 1,730228
-3,712282 0,426316
-1,136501 -1,044589
-1,565481 -0,710757
-1,844630 -0,771017
-4,096270 -0,418605
2,231981 1,794622
-1,600824 -0,514510
-3,305119 0,262324
-3,307433 0,005560
-1,777384 -1,060274
-0,819077 -1,229748
-4,030592 0,430916
3,263755 2,081104
-2,550721 0,794132
1,679238 1,930045
0,538285 -0,378326
-3,703338 0,110928
2,100776 1,964101
-1,807994 -1,293711
3,174413 2,216938
-2,354422 0,576349
0,201291 -0,668978
2,475238 1,014043
-0,244909 -0,155001
-1,225596 -1,126704
-2,700489 0,740600
2,743390 1,867809
-0,825455 -0,231257
-2,733805 0,913232
-0,998559 -1,009608
-1,044596 -1,259973
-1,064294 -0,190836
-3,642434 0,779005
3,485305 2,610261
-4,367614 0,052364
2,576295 1,791700
-1,688547 -1,075624
-1,247557 -1,270589
-4,104847 0,148386
-0,860560 -0,707006
2,443923 1,834250
3,560527 1,771031
3,088234 2,143927
2,844433 1,440571
2,482786 1,382695
2,385172 1,932019
-3,721473 -0,146152
-2,949719 1,023720
-3,756443 0,503178
2,483714 1,785952
-1,007757 -1,283614
-0,169203 -0,659363
-3,502944 -0,115791
2,592690 2,237666
2,738868 2,303096
1,627522 1,753812
0,626306 -0,357369
-2,292691 -1,385097
2,135066 2,068423
2,554291 2,122375
-2,406593 0,732032
-4,223717 -0,031042
-1,353008 -0,726912
-1,454880 -1,205622
-0,823773 -0,770645
-2,994295 -0,049291
-0,691422 -0,689932
-4,152411 0,200939
-4,011969 0,380791
-3,443515 0,343970
-0,925957 -1,395095
3,272645 1,745777
3,313726 1,859962
3,003946 2,551207
-1,258438 -1,413082
0,861334 1,495783
-1,662610 -1,060201
-0,428782 -0,289104
3,843369 1,856572
-0,818393 -0,321965
-1,409033 -1,196135
-0,678948 -0,997619
-3,743037 -0,085364
-3,514771 0,737320
1,926516 2,248530
-3,647444 0,302554
2,528991 1,522259
-3,644787 0,583108
2,028075 1,739466
-0,681877 -0,916807
1,963606 1,737016
2,665973 1,806734
-0,709714 -0,412419
-3,655197 0,684533
2,167885 1,019130
-1,833528 -1,166187
-3,713798 0,535314
-2,869328 0,446189
-0,604611 -0,765256
-3,279214 0,347082
-1,948096 -1,206099
-1,160303 -1,375539
3,346121 1,436427
-3,104656 0,642540
3,596594 2,514624
2,598065 1,722476
-2,269481 0,515893
-4,633933 0,447664
3,658581 2,170265
-3,629203 -0,424333
-2,015998 -0,714470
-0,444775 -0,759788
-1,363715 -0,381723
-1,699008 -1,530576
-4,711186 0,055629
1,778592 2,190330
2,676277 1,469102
1,419789 1,420898
-4,221912 0,029896
-3,631847 0,277494
4,040813 2,149701
4,106658 2,359042
-0,513346 -0,949715
-2,200230 0,273955
2,815776 1,801407
2,739108 2,250506
-0,371071 -0,556854
2,933059 1,386561
-4,737240 -0,006216
-0,833898 -1,431476
-2,049973 0,863608
-0,892101 -0,409619
2,215888 2,016088
-3,221418 0,768054
2,409171 2,130401
0,064935 -1,022444
-4,051322 0,247659
-2,629123 0,574049
-3,265688 0,216190
-2,739921 0,691851
2,472437 2,098645
3,099106 1,650366
-3,715947 -0,035011
-0,082747 -0,310885
-2,947494 0,679921
1,827671 1,550721
-3,601706 -0,041578
-0,548074 -0,975089
-0,252187 -0,733241
2,392644 2,020639
-0,710104 -0,623818
-0,802600 -0,881745
-1,080061 -0,767379
-3,602255 0,409415
-3,399077 0,236377
-3,358292 0,492120
-1,472564 -0,897395
2,980928 2,004340
1,948909 1,427994
-1,500328 -0,884623
2,265438 1,721684
-2,138552 0,918925
-4,262685 0,614367
-3,140291 0,022872
-3,578786 0,313424
-0,021688 -0,139893
-0,126274 -0,533844
3,126585 1,945001
2,820734 1,629582
3,628888 2,369563
-2,393785 0,500116
-0,141326 -0,711150
3,254670 2,157121
-0,304092 -0,383475
-0,995683 -1,167303
2,466283 1,953353
2,816387 1,430776
0,245706 -1,000289
-4,385449 -0,247033
-0,954734 -1,093520
-4,060322 0,200702
-0,196317 -0,630051
3,020751 2,054631
-2,854890 0,156168
-3,521091 0,275981
-1,780151 -1,154423
-2,234758 -0,808694
3,697427 1,746689
2,029822 2,144343
3,582296 2,137099
-0,909788 -0,504499
2,653015 1,616501
-1,441395 -0,448913
-0,398439 -0,589467
-2,927190 0,919409
-4,038651 -0,236717
3,322816 2,258623
-3,168732 0,915017
-1,575914 -0,943995
-0,424326 -0,565543
-2,808293 0,755470
-2,900053 0,355761
0,218248 -0,575125
2,898152 2,043288
1,975723 2,211630
-2,206764 0,233937
-3,099978 0,533762
-2,930637 0,116713
-0,022457 -1,186282
1,889733 1,995641
1,951047 1,598615
-1,113571 -0,840202
-2,718513 0,926312
-0,187498 -0,721225
-3,552178 -0,149403
-2,822332 0,293887
3,332337 1,953172
-1,018153 -0,752134
2,607193 1,133364
2,246832 2,320683
-0,895827 -1,474369
0,283698 -0,198444
0,180150 -0,388395
-4,022838 0,464944
-1,181793 -1,025718
-1,608980 -0,524168
-0,352830 -0,707386
3,580576 2,334206
-3,582279 -0,476456
-1,142533 -0,507206
-1,219168 -1,091228
-3,864859 0,471552
-1,738341 0,739571
-4,658335 0,102148
2,568119 1,917761
-3,224069 0,227683
1,527363 1,527095
0,312752 -0,361783
-3,615793 0,324972
-0,023606 -0,900070
2,176862 1,512578
-3,166817 0,346967
2,748511 1,550484
2,503620 2,562371
2,911750 2,111491
1,681139 1,610316
-2,703348 0,041550
-1,172707 -1,216640
-0,226408 -0,733557
-0,604357 -1,496186
-0,479952 -1,159700
-1,559020 -1,248058
2,830871 2,085398
-3,589618 1,094001
0,047760 -1,057297
-0,372960 -1,019731
-1,031602 -1,225354
-3,501341 0,172775
-3,744420 0,258910
3,460225 2,166081
-1,236413 -0,895841
-1,540816 -0,933514
-3,569042 0,199577
2,621415 2,105846
-0,069481 -1,014198
2,065081 1,550685
2,418329 1,579186
-0,546519 -0,852768
-4,422460 -0,204571
-1,303154 -0,725447
2,021295 1,643213
-1,614206 -0,600586
-0,954977 -1,263090
2,150057 1,613648
-0,737583 -0,965757
0,272265 -0,277838
-3,869264 0,741682
-0,187317 -0,666222
1,927567 1,646242
-3,225804 0,544293
0,636671 -0,290804
-3,159040 0,574066
2,587466 2,103207
-3,778238 0,823405
-1,524279 -0,674135
-0,773833 -0,817838
-2,978204 0,791182
-3,520368 0,814142
-3,582512 0,323515
1,957600 1,552929
-4,169974 0,485600
2,290166 2,023547
1,758043 1,474860
1,634416 1,932722
-4,031202 0,275524
3,539558 1,886454
-0,481805 -0,913017
-3,403711 0,666161
3,662238 2,206245
-3,208461 0,695741
2,408180 2,143507
1,980999 2,136154
-1,204646 -1,418804
1,134448 1,644771
-3,750900 0,528865
3,446828 2,221848
-3,678569 0,292838
-0,536012 -0,723304
-0,749323 -0,729753
-2,486228 0,408104
-0,932471 -0,671602
3,289604 1,750957
2,738793 1,629331
0,582861 -0,722813
2,729290 2,015722
-3,474212 0,342805
-2,161746 -1,194115
2,173481 2,280092
-3,291907 0,626411
2,370627 1,322036
-3,170306 0,037405
-4,216834 0,165804
-3,624307 0,578888
-3,378106 0,314926
1,951635 1,416346
3,246477 1,842468
1,426054 1,355090
-0,261818 -0,796921
-3,137902 0,523468
2,915041 1,987392
-4,041889 -0,042481
-2,292029 0,886460
-0,457714 -1,208708
2,594524 2,071447
2,427660 1,727987
-3,266598 0,643403
-3,405922 0,769026
2,603506 1,944513
-3,589262 0,390198
-4,062215 0,080218
2,296066 1,760952
0,096916 -1,009537
3,563783 1,830048
2,526399 1,336859
-1,378351 -0,566768
-3,129547 0,088792
-3,384423 0,013466
-3,437271 1,104359
2,559100 2,598875
2,919735 1,842861
-0,928757 -0,535866
-0,621830 -0,256131
-0,281552 -1,121350
3,244517 1,824580
-3,363091 0,590029
-1,070491 -0,369795
-1,635649 -0,797096
-1,795629 -1,347350
-0,825255 -0,049804
2,595414 1,633676
3,997323 2,013785
-3,541996 0,955587
2,269492 1,603876
-2,865180 1,045797
2,179259 2,226090
-1,410648 -1,009900
-0,086492 -0,607587
2,610012 1,422531
2,060440 1,756427
-1,105703 -0,762956
3,224206 1,866029
1,787555 1,856050
4,049912 2,365001
3,003356 2,330574
0,454039 -0,457434
0,119244 -0,293466
2,412172 1,465225
-3,774301 0,784746
-0,806271 -0,363196
-2,910313 1,184692
-2,636133 0,724296
1,711973 1,316941
-3,884626 0,246223
-2,961530 0,122945
-3,519271 0,239193
-0,712430 -1,373843
2,966401 2,188023
-3,944278 0,184808
2,520627 1,812491
-3,143677 0,601614
-0,631011 -0,867924
-4,136510 0,572016
-2,766474 0,381980
1,672872 2,028731
3,185653 1,412262
-3,323734 1,052821
2,766987 2,048376
3,146589 2,382182
-2,746913 0,351081
-0,946305 -1,331737
-3,828449 0,381346
-3,694963 -0,409721
1,645924 1,320498
2,867950 1,738582
2,268065 1,762180
-0,866938 -0,742780
0,206097 -0,745689
-0,884625 -1,173181
-3,438677 0,492981
1,019821 1,508522
1,913663 2,050110
2,007006 2,162087
-0,497821 -0,611422
-4,124057 -0,323254
-4,305503 0,004422
-0,887774 -1,246604
3,364733 2,081335
-3,098381 0,699899
-2,324464 0,953729
-0,486890 -1,087908
-2,600867 0,814497
-0,687325 -1,073840
-4,002738 0,310830
2,905057 1,708250
2,749498 1,757793
-2,775048 0,126477
-0,976772 -1,139369
-2,327294 0,595017
2,315243 2,268343
-2,681285 0,694296
-0,307159 -0,565452
-0,702761 -0,733461
2,721039 2,481885
-0,264033 -0,927691
-3,641805 0,763236
-1,217732 -0,824032
3,461833 1,882586
-3,394250 0,330568
-2,130546 -1,114771
2,915566 1,463094
-3,106572 -0,229976
-1,499284 -0,995711
2,751478 1,077441
2,749320 1,688938
2,782031 1,836924
2,714538 1,844656
-1,625631 -0,966302
2,707116 1,252836
0,899829 -0,356052
-1,369566 -0,483470
-3,495635 1,129233
-3,412284 0,168039
-1,446847 -0,938266
-2,744072 -0,122269
2,135526 1,875861
-3,460145 0,653643
-4,615880 -0,063625
-1,009586 -0,841721
0,574351 -0,490827
-0,691216 -0,904832
-3,431465 0,399875
-3,305939 0,310170
1,960994 1,227744
2,129078 1,553782
1,918225 2,063854
2,929660 2,182450
-1,860763 -1,242328
-1,049358 -0,902292
-0,569902 -0,676899
-1,509775 -0,753626
-4,312946 0,381756
3,360795 1,710747
-3,218471 0,554787
-0,326819 -0,555235
-2,869790 0,529717
-3,030129 0,310432
-3,935147 0,583695
-1,275064 -0,670030
-2,430884 1,037227
-1,444428 -1,150447
-3,425103 0,494464
2,388032 2,041881
2,359759 1,707463
2,069442 1,863152
-2,363585 0,817421
-2,557615 -1,244576
-4,013136 0,605393
-0,083737 -0,432259
1,910098 1,896499
-3,287405 -0,210935
-2,633881 0,287989
0,008619 -0,814454
3,287168 1,611889
-2,990157 1,047097
1,644460 1,466327
-0,450031 -0,631255
-4,014628 0,414065
-0,732378 -1,102983
2,653008 1,798965
-0,947520 -1,628612
0,176574 -0,903582
-2,133420 0,764271
-4,036729 0,069209
-1,713949 -1,504456
2,909123 2,256878
3,412409 2,217217
-0,091230 -0,570540
-0,800515 -0,500902
-0,418273 -0,764948
-1,171600 -0,853140
-1,199702 -0,652240
-2,236846 0,803754
-2,462286 0,342294
-3,404942 0,187417
-2,638596 0,842836
2,129544 1,744484
-1,520879 -0,788301
-3,465569 0,760763
2,608669 2,598240
-3,694373 0,409387
-0,956269 -0,779058
-4,368174 0,024874
-0,168748 -0,747600
2,483578 1,927336
2,696560 1,521404
-2,505377 0,235458
2,967821 1,748086
-0,870547 -0,912442
-2,892809 0,498337
-3,569283 -0,457814
3,299693 1,430504
3,554108 1,792531
3,286870 2,093064
-1,137597 -1,506671
2,499945 2,379152
-2,797685 0,594125
3,179065 1,534663
-0,761853 -1,280524
2,348434 1,779734
-0,303655 -0,359856
2,770075 1,939007
-3,215819 0,183825
3,813819 1,879124
2,513269 2,189566
-0,515061 -0,358174
-3,013238 0,214515
-3,658164 0,241823
-3,638668 0,556834
-0,227951 -0,347220
2,811471 2,087871
-1,267594 -0,592853
2,972810 2,109161
0,168883 -0,230633
3,265177 4,242727
1,893585 -2,842751
-1,884914 -3,238347
-1,762567 4,044455
2,059841 -1,411084