-1,907198 -0,947986
3,929542 1,115588
4,857271 -0,670812
-1,848253 -1,336714
-1,125724 4,553282
0,106471 4,208850
0,195389 5,057880
-1,492205 -1,055458
-0,400799 3,696904
4,292784 1,373812
3,524163 -0,208926
4,666354 1,022273
0,915717 3,993659
-0,408048 -0,081390
-1,104386 -1,594996
-0,557868 3,228511
2,780573 -0,296874
-1,366014 -1,166402
4,087178 0,334727
-1,130368 4,095294
4,280664 0,111569
0,606704 3,971539
0,141856 2,662846
3,560315 0,454838
4,051382 0,068288
-1,900067 -0,959802
-1,146628 3,259137
4,553413 -0,462417
-1,005304 -0,850449
-2,632513 -1,699723
-0,190235 4,333390
0,611490 3,915673
-0,556852 3,948414
0,602528 4,244907
3,317313 -0,284912
4,152665 1,160075
3,318675 -0,085994
-2,357886 -1,152042
-1,994729 -0,875326
-0,512409 -0,566148
-0,382758 4,619401
2,720300 0,729166
4,097299 0,608882
3,444410 0,123735
-1,249758 4,096706
-0,229611 3,691629
2,621379 -0,211551
-1,491867 -0,232999
-1,385646 -0,781992
3,910640 0,106924
-1,774954 -0,182667
3,867695 -0,393455
-0,476672 4,055577
-2,677320 -1,165275
-1,683356 -1,520786
-1,008373 -1,402842
3,991998 1,228546
-1,579603 0,046295
-1,544724 3,940339
-0,797811 2,654565
2,886938 -0,331670
3,717990 0,722239
4,721902 0,715200
3,128618 0,649389
3,328979 1,177372
0,269539 4,700078
2,931015 1,079433
-1,091287 -0,851714
-1,689275 -1,738866
-0,568812 2,730417
-1,159441 3,149990
-0,681855 -1,089192
0,054764 3,142721
3,415358 0,220307
-0,748796 -0,091899
-2,049553 -0,037408
-1,000862 -0,497298
-0,883040 -1,172628
-1,048993 -0,386372
0,578730 3,977109
-0,603937 3,013721
-1,560890 -0,919242
-1,728461 -1,482998
-0,558606 3,724588
4,057625 0,755248
0,634282 2,696610
-1,219013 -0,778611
-0,913080 3,622547
-0,087054 4,192861
3,256995 0,971805
3,840811 0,624300
-0,784549 3,809547
-1,759436 -1,021611
0,346008 4,020983
4,420563 0,614703
-2,122062 -0,911457
-1,150976 0,063756
-1,751487 -1,754860
0,308729 3,707687
-0,578383 4,567854
-1,655563 -1,054361
-1,085528 -1,785813
-1,866557 -1,622181
0,025943 4,087554
3,266370 0,137920
-0,705594 -1,191170
3,426487 -0,121980
2,977025 0,264377
3,604419 0,792102
-0,529840 -0,227101
3,500258 -0,674397
-0,574714 -0,739171
-1,190611 -0,407321
3,085045 0,796592
-1,686193 -0,322899
2,790048 1,053125
-1,730832 3,073206
-0,471896 3,800208
-2,525766 -0,621416
3,965590 0,754513
3,201732 1,265074
-1,407759 -0,838630
-1,055173 -0,658643
-0,082770 3,301822
-2,141024 -0,987838
3,734548 0,012452
3,620161 0,663882
-0,356086 3,060576
4,335145 -0,342902
4,491473 0,426670
-0,092013 4,972062
-0,586126 3,424285
-1,394515 -1,863152
-1,552803 -0,477364
-0,096797 -0,191643
0,139561 4,304136
4,565459 0,392537
-0,564632 2,734349
0,151581 4,278104
-0,425918 2,845932
-0,546661 -0,176579
-2,197404 -1,871478
-0,346636 3,492340
-2,545450 0,535197
3,657951 0,008482
-0,898818 3,684602
-0,680277 3,369259
2,808954 0,441185
0,771384 3,635938
-1,661866 -1,369150
0,621550 2,904263
-1,353841 -0,818067
0,104432 2,777579
-1,005969 -0,752579
-2,660210 -1,725659
-0,214835 3,252196
0,791175 3,685188
-1,575012 4,788800
-0,248480 -2,194713
2,872183 -0,215740
-1,285109 4,684071
4,245940 -0,168845
-0,956578 3,895691
-1,004872 -1,035239
3,356328 0,099328
-1,735893 -1,092582
-1,010888 -0,666536
-1,200427 -1,061724
2,896451 0,547652
-2,358968 -0,608886
3,881076 0,379332
-2,196391 -1,838575
-0,797400 3,979879
3,493447 -1,009086
-0,063828 4,603925
-2,188637 -0,633475
-1,262466 3,452632
-1,397186 -0,931681
-1,159434 -0,700269
0,147902 4,613206
-1,493904 3,544733
-0,469100 4,267484
-0,554917 3,067407
-1,149920 4,571586
-1,669368 -0,529306
-1,095928 0,082376
3,985787 1,480332
1,003967 4,951428
-1,828422 -1,684036
-1,225705 3,846727
3,457629 -0,245587
-0,520169 3,658162
-0,187427 3,810873
-0,635707 -0,729084
-0,435602 3,365961
0,101963 3,326713
-0,357893 4,262145
-0,241298 4,167995
2,689153 0,477266
4,085266 0,935078
3,664962 0,617085
3,836234 0,285791
4,738346 1,109807
0,307124 3,071195
3,749629 0,578606
0,158320 3,559429
0,182822 3,435358
-0,889958 -1,152146
-0,180884 4,112400
-0,047257 4,380416
3,935214 1,020066
-1,439475 -1,055461
-0,081561 2,628782
0,036904 4,861975
-2,306038 -0,617510
-1,766926 -0,914870
0,250494 2,839812
-2,321694 -0,047609
2,817703 0,442959
-0,329463 3,968460
3,423092 0,192877
3,157971 0,445711
3,995101 0,748723
-1,407304 -1,302807
4,406217 0,483700
0,225378 4,308808
-2,141247 -0,597430
-1,292191 -1,457341
3,227899 0,284427
-1,673238 3,776091
-1,530399 -1,325823
3,092470 0,638648
-2,014736 -1,089603
-0,647803 -0,190226
4,008023 1,411174
-0,037381 2,692274
2,877140 1,141064
3,637138 -0,099606
0,789733 4,625454
-1,634360 -0,493834
0,672961 3,752283
-0,780453 3,711751
-0,278115 -0,748930
-0,684872 -1,593325
3,796377 0,824212
-0,500324 4,260346
4,123318 0,038324
-1,254330 -1,032356
-1,934607 -0,351177
-1,578346 4,028723
4,591986 0,338390
-0,530266 -1,809663
3,875137 -0,583554
3,130607 0,233560
4,147568 -0,748160
3,971637 1,292112
3,811070 0,081308
4,560168 -0,292641
-1,276805 -1,959907
0,015933 3,536029
-1,299781 -1,111278
3,944267 -0,613007
3,659981 0,299409
-2,444104 -1,118779
-1,595578 -0,099367
-2,295558 -0,379600
2,583455 0,403429
3,716659 0,854475
0,100929 3,892978
-0,268864 3,619779
0,849729 3,613506
3,809369 -0,408418
4,765674 -0,008774
2,769450 0,675511
-0,979445 -0,679124
0,685719 3,668480
0,847581 4,298485
3,937769 0,858874
-1,153416 -0,511933
-0,487545 4,214099
0,255380 3,512365
4,559336 0,198050
-0,708673 -0,678722
2,832407 0,367672
3,394632 0,700930
-0,908375 3,380838
3,533382 0,215014
0,058340 4,723750
-1,012168 -1,303701
-1,833739 3,356194
-1,251047 -1,184024
-0,092770 4,911917
-0,027467 3,908105
0,084803 4,342322
-0,251539 3,089743
4,091024 0,346799
-0,864831 3,901185
4,059882 0,399045
-0,262399 4,580490
-1,302532 -0,637989
3,130129 -0,267979
0,457280 4,279794
0,175103 4,082198
3,576378 0,261777
-1,452846 -1,210595
4,414264 0,431185
3,576940 0,599145
-1,143935 4,488611
-0,687416 2,766324
-0,870091 2,836361
3,409013 1,546635
-0,550006 3,290413
-0,542540 -0,637194
-0,862493 3,914929
0,072838 4,140379
0,379903 4,348839
0,449921 3,226317
-0,991589 5,223299
-0,727463 -0,892697
-1,795413 -0,409718
0,890384 3,077471
-0,969791 3,927835
4,141530 0,142804
-0,459526 5,071256
-1,365275 -1,412347
-2,233783 -1,277676
3,815730 -0,212022
-1,617183 3,906277
3,323508 -0,118892
3,418415 0,136436
-2,603869 -0,636492
-0,338277 4,766912
0,470294 3,838515
-1,091193 -1,613377
3,551384 0,015513
3,981617 -0,340132
3,368650 0,884879
3,061980 0,119994
-0,608242 0,525828
-2,896187 -0,260934
-0,433934 3,391556
-1,317369 3,329840
-0,641491 4,213887
-1,400852 -0,741109
3,603131 0,640914
-0,767911 3,183886
0,304209 3,008587
-0,474232 2,874265
-0,693724 4,985993
4,500155 0,408632
-0,167382 3,457703
-1,069939 -0,252463
-0,961160 -0,978373
-2,613144 -0,818698
4,275801 1,212936
-0,110483 3,631776
3,567380 0,252252
0,340320 4,078053
3,652168 -0,499448
-0,405867 2,605875
-1,628940 -0,210507
-1,630210 0,418727
-1,015984 -1,313662
-1,710425 4,548499
-1,488579 -0,413975
3,487007 0,372167
3,361502 0,159311
-2,589115 0,603984
2,392300 0,532514
3,855555 0,863033
-0,343897 -0,552906
-0,518040 3,341597
4,140751 0,727139
0,197550 4,837290
0,252591 3,685349
4,590147 -0,125989
4,645397 -0,132275
-1,426137 0,091693
3,515921 1,789787
-2,653760 -0,279682
-2,622487 -0,024197
-2,854358 -0,769579
3,389139 -0,059079
-0,204051 -1,181088
-1,648492 3,233750
-2,111131 -1,242733
5,055763 -0,925808
-1,731711 -1,204919
0,753992 3,734760
-0,762172 3,901860
4,322699 0,017179
-0,837963 -0,419052
-1,053578 -0,452268
-0,762235 3,303681
2,833697 -0,176554
-1,508130 -0,483634
4,393797 0,385566
-0,556179 3,345878
-0,527612 3,896668
-0,425882 4,377865
3,333665 -0,493689
4,195787 -0,079753
2,607928 -0,171320
-2,260509 -0,354192
4,241452 0,756470
-1,062803 -0,253945
0,362700 3,537668
4,241632 0,509788
4,664633 0,706306
3,372080 0,930426
-0,567916 -0,635725
-0,164460 4,585052
4,329252 1,447074
-1,196037 -1,085826
4,232766 0,654244
-1,063389 0,049590
-1,458673 -0,784402
4,082039 0,307881
3,260401 0,332377
3,546068 -0,247033
-0,732704 3,315542
-0,817577 4,242889
-1,497938 -1,751744
3,119446 0,756180
-0,478656 -1,031407
4,638808 1,097802
4,015692 0,688693
-1,564382 -1,695461
0,756228 3,223295
4,054962 0,333110
-1,154538 -0,708985
3,849036 -0,046252
-0,847320 3,189807
0,245019 4,280485
-1,339782 0,073841
-1,613299 -0,655479
-1,181185 0,567084
3,019129 0,775738
-0,406852 3,651478
-1,827946 -0,438069
-1,788188 -1,649992
-1,124640 -0,818601
-1,770240 0,212293
-0,253080 3,754563
4,961464 0,923147
-1,306667 -0,217663
-1,370383 -0,609791
4,804358 0,226209
-0,315828 3,604189
-0,927953 -0,264538
-1,617630 -1,446053
-0,705391 3,963885
-1,176483 -0,264320
-1,698572 -0,838487
-0,692085 4,130832
4,560919 0,423038
3,675856 -0,168533
3,248208 0,784069
-0,511811 4,497509
-0,360791 3,105780
-0,692736 0,208472
-1,649862 0,116684
-1,244144 0,199976
-0,918895 3,825754
0,502345 4,124781
-1,410142 -0,627607
-0,813397 -0,504321
-1,597581 4,620571
-1,288186 -1,101959
-0,532924 3,231473
-1,198746 -0,788095
-1,319409 -0,228864
3,701610 0,247288
3,848868 -0,129299
0,102136 2,719854
4,501411 0,223234
3,549351 -0,066719
0,775466 3,727787
-0,211700 4,750199
-0,663912 4,124333
3,678368 0,679317
-0,808135 0,002352
-0,164416 3,627954
-1,339545 -0,491919
-2,226898 -1,858963
-2,132456 -1,214790
-1,360580 3,596467
-0,673747 -1,060437
-0,204650 4,807066
3,002468 1,398106
-0,870297 -0,190464
-2,657077 -0,488306
-0,691199 4,427956
-0,989505 4,993259
4,543514 -0,213912
-0,995127 2,958988
4,975650 -0,404969
4,207697 0,925064
-0,600722 4,665400
3,802447 0,171646
0,295978 3,322726
-1,891921 -1,399371
-0,735930 3,285662
-0,140876 3,745484
-2,243680 -0,395446
3,964166 -0,172164
4,678196 0,357099
0,428442 4,460443
0,297470 3,857618
4,898587 0,003339
-1,333641 -0,917048
-1,332374 -0,598945
-1,253584 4,162858
-2,079678 -0,440590
-1,456561 -1,610110
-2,221381 -1,527515
0,457684 3,150334
3,872475 -0,040214
3,961200 0,647561
-1,465686 -0,474436
-0,368537 4,142131
0,552859 4,631460
-0,209118 3,742277
-0,377079 2,874849
-0,870731 -0,616807
2,336905 -0,255514
3,717851 0,211829
-1,837777 -1,347952
-2,497304 -1,695354
0,446746 3,819687
-1,036662 3,893436
-0,025691 3,434471
-2,018555 -1,617991
-0,525459 -0,798391
0,084791 3,528597
3,502645 0,859268
-0,464545 4,205085
-0,545679 -0,763249
3,249726 -0,559754
-2,397451 -0,968429
-1,584974 -0,205909
2,837519 0,589931
-1,110372 0,503074
-1,118670 5,221686
4,925803 -0,462596
3,559491 1,530161
4,165683 -0,893917
0,399617 3,731534
0,528385 3,783228
3,827866 0,392969
0,539592 3,595419
-0,535654 -0,016128
-2,134025 0,373831
-2,041993 -1,269278
3,370455 0,821943
-0,729699 3,455660
-1,266400 0,224473
-1,616117 0,074353
-0,927080 0,439119
3,683352 0,641888
3,687520 -0,830185
-1,635604 -1,441287
-1,261574 -1,538073
0,184841 3,968898
-0,347341 4,392470
4,277332 0,565555
-2,378511 -0,942332
-0,100131 2,901123
-1,426888 -0,561289
-0,240721 3,637010
4,820326 0,660700
4,433573 1,076001
-1,046932 -0,623195
0,488119 3,670673
3,829287 0,668997
-0,438693 2,695656
3,782727 0,279308
4,291280 1,211138
4,164875 -0,057616
-1,357585 3,387307
-1,048708 -0,717975
3,658910 0,626552
-0,016058 4,500928
-1,194966 3,083109
4,874085 0,182718
-0,886018 3,298706
-0,387070 4,287735
3,688107 0,300248
-1,937005 0,101348
-0,127343 3,893089
-0,035839 3,770384
-0,749345 4,335390
3,833695 0,205558
3,374663 -0,656902
0,480469 3,789616
-0,343982 4,006391
0,060059 2,734116
-0,746323 3,975732
2,968651 -0,497505
-0,521598 -0,358973
2,796131 -0,112421
3,461806 0,215917
0,072606 4,204915
4,226295 0,516584
4,168551 -0,359982
-0,760137 4,860272
3,396358 0,299356
3,143510 -0,525402
-0,509814 4,465799
0,315191 4,285957
4,271818 0,139624
-0,928147 0,333241
4,848396 1,551351
-0,371083 4,631629
-2,420690 -0,252628
-2,221783 -0,819379
-1,388098 -1,006308
-0,109499 2,641271
-1,042559 -0,584430
-0,388625 3,841066
-1,019510 3,849228
4,277313 0,998105
-0,379230 4,327796
-0,487126 4,875256
3,668752 0,181866
-1,527072 -1,052390
3,819296 0,187015
-1,258917 -1,118692
0,072825 4,478796
-0,937926 4,071745
-0,901210 3,807400
3,991224 1,449532
-0,996149 2,862191
-2,282263 -0,315069
-1,917816 -1,332909
-0,876398 3,978157
-1,025984 -1,712441
4,194394 0,564715
2,497945 0,576161
3,897571 -0,017097
3,783008 -0,039567
-0,315290 3,865183
3,725460 -0,071614
0,366628 3,949302
3,224959 1,049537
-1,454188 -1,305020
-0,181120 3,876864
-1,762425 -1,071117
2,564669 1,414598
4,611103 0,643960
0,934491 3,677043
-0,336137 4,584418
-0,927688 0,157979
-0,975405 2,395711
4,639378 0,721996
-0,464930 -1,194594
3,151025 -0,115920
0,776584 4,938890
3,646241 -0,562640
4,440424 0,392403
4,116325 0,280482
3,959209 0,378269
-1,337949 -1,851742
0,481241 3,547713
-0,890015 -1,087395
0,791191 3,273968
-2,859340 0,331095
0,263823 3,341743
-2,334535 -1,109397
0,081112 3,468601
-0,898794 3,771769
-2,326220 -1,938684
2,890403 1,453651
-1,017966 -1,116518
2,962968 1,273875
-1,605454 -0,126653
-2,129294 -0,791530
0,634724 3,264160
4,542898 1,204924
4,230652 0,410415
-0,313905 3,601244
-1,136590 -0,507158
-0,614020 4,262054
0,092609 3,754373
4,241429 1,546429
4,649306 -0,381145
3,876013 -0,551081
4,354454 -0,142234
3,867526 0,010589
4,377767 0,268931
-2,079094 -0,358352
-1,184354 -0,548979
4,199920 0,663286
0,258298 3,749252
0,546960 4,094302
-0,664351 -1,268495
3,755971 0,258758
-0,401718 3,511356
-0,626198 4,589494
-1,465318 -1,161520
0,363213 3,391050
-2,258673 -1,167060
3,037255 0,579209
-1,113110 -1,819670
3,230066 -0,158043
-1,328140 3,820295
3,512394 -0,846483
3,909716 0,807847
0,752794 4,551822
-1,232522 -1,112734
4,040522 -0,020234
3,874722 1,028236
-0,649267 -0,571031
-0,251965 0,328351
3,602574 -0,323102
3,339502 0,470965
3,558543 -0,536691
-1,064057 -0,044573
2,810812 1,443866
3,579347 1,178324
3,721073 -0,134819
-1,418791 -1,835055
-0,690061 3,493410
4,302419 0,406436
-0,268980 3,075107
4,328476 1,026109
3,795523 0,261241
-0,752590 4,110000
-0,251879 3,679884
-0,545050 3,801792
4,284020 -0,927332
-0,143774 2,966660
-1,134374 3,341099
-2,264754 0,192146
-2,464989 -1,595027
-2,087146 -0,342716
-1,506351 -1,967910
2,770979 -0,004732
0,143657 4,053412
-0,578049 4,204548
-1,739368 -1,117937
-0,839836 2,551303
4,635382 0,547853
4,008428 -0,537742
0,277248 3,753866
-2,646072 -0,239486
-2,112420 -1,189491
-1,421034 0,450741
0,383956 3,973649
3,834703 0,831425
-0,757712 3,839960
-1,178928 -0,591408
-1,459117 -0,516608
-0,290385 3,625467
-1,531566 -0,539944
-0,556313 2,700653
4,159612 0,856222
0,721535 4,504425
-1,387287 -0,326608
-0,582266 2,913147
3,466598 0,054864
2,868224 -0,621449
3,526247 1,304508
0,237672 3,217700
-1,478732 -0,630441
-0,692214 -1,907012
-0,784270 -1,364679
3,144505 -0,028091
3,917947 -0,265996
0,120728 2,881967
-0,480229 3,399244
-1,085964 -1,610896
-0,294150 4,076836
0,316109 3,231097
-1,304721 -0,781075
-1,573798 -0,978941
-1,294237 -1,729942
-0,474944 3,362429
-1,417197 0,173066
3,686817 0,110389
3,366272 0,457611
4,310180 0,281979
3,531252 1,100276
-0,548717 -0,023785
0,531268 4,687792
-1,337931 4,972735
3,680800 -0,762275
-1,130991 4,972684
0,327363 4,158301
-2,175336 -1,837275
3,935438 0,051341
-1,251294 3,925285
3,939750 -0,373324
-0,528397 3,214341
-1,157583 -1,990931
-0,409613 4,029722
-0,757789 -1,148661
-1,453513 -0,908119
-1,790736 -0,473103
-0,110349 3,937998
-1,233691 -1,404159
3,235246 1,825848
3,310545 1,258430
-0,312717 3,601721
0,313890 3,989054
0,235787 3,918129
3,984760 0,558145
-0,990044 -1,076908
-0,634015 3,166640
-0,388194 2,571193
-1,479349 -0,382821
-0,030600 3,057567
3,674011 0,382810
-0,000577 3,781067
-0,610761 -0,783720
3,870635 0,855762
4,721545 0,082662
-0,398878 3,560439
0,411778 3,813102
-1,274406 4,165897
-1,586677 3,364336
-2,385089 -0,869726
3,004715 0,741862
-1,664988 3,273900
-1,571139 0,133681
-0,714981 3,044515
3,830337 -0,695668
-0,704906 3,355960
-1,385816 3,185205
-0,631231 4,247584
-1,560697 -0,665451
-0,755988 4,414788
4,342032 0,267931
4,555848 -0,274139
-0,946838 3,253044
3,292308 0,655572
-1,268528 4,133010
-0,781591 4,460887
3,641307 -0,059936
-2,148338 -1,437635
-0,830356 3,501149
3,474906 1,364765
-0,273222 -1,011290
-1,605584 0,604114
-1,274070 -1,314608
3,087887 1,567456
4,601560 -0,090333
-1,131346 -0,150739
-0,597306 4,444353
-1,742556 4,358152
4,807043 0,253605
-1,122037 -1,517934
1,084624 4,371602
-2,597709 -0,754039
-2,150618 -1,754071
-0,530928 -1,100758
-0,031066 4,181039
-0,916312 -1,305054
-1,444137 -0,875427
0,119669 3,216873
-0,541449 3,640258
3,924020 0,102813
-1,213123 -0,641508
-1,543966 4,195047
-1,863843 -0,713350
-0,140283 4,283348
-2,462140 -1,857527
0,090879 4,573284
-0,467794 4,111813
-1,663020 -0,823251
-0,966092 -0,810032
3,440045 0,222525
-1,291044 3,901006
0,411975 2,992465
-1,026739 3,017985
-1,556398 -1,029144
-0,789225 0,081362
0,465064 4,061055
-0,585865 -0,916426
4,221174 0,353474
-1,716286 -0,502569
-1,244970 3,499022
4,795465 -0,164557
3,271044 0,604847
-0,272218 3,407995
-1,609130 4,823464
-0,740699 3,861246
-1,193281 -1,245907
0,916539 4,309111
-1,690725 -1,280597
-1,592364 -0,621150
-1,412496 -1,093901
3,408657 0,656583
0,476143 3,326459
0,105192 3,783628
0,084521 3,047030
-0,126961 3,463565
-1,938465 -0,811670
-0,959651 -1,572689
-0,273911 -0,865133
3,329867 0,325642
-2,029171 -0,765490
3,973505 -0,572669
4,232019 -0,867711
4,249590 0,008592
-0,766391 4,077800
4,285867 -0,894124
-1,792670 -1,031973
-0,593985 -0,900565
4,421272 0,437107
3,761393 0,411975
-1,222341 -0,531158
3,686249 -0,031172
4,055540 -0,152304
-0,265568 -0,362920
0,898573 4,740545
3,727699 -0,206593
-0,436470 -0,791220
-2,165597 -1,247254
3,868692 1,133569
-1,204534 -0,579699
3,426488 0,182632
-2,315456 -0,793376
-1,890031 -0,609345
-1,716884 4,823694
-1,210290 0,161275
0,885359 4,344463
-2,640741 -0,837916
-1,587108 3,102094
-1,681721 -0,713838
-0,001952 4,134074
-1,204925 3,503117
-2,515607 -0,446992
-0,325284 3,717428
3,104363 0,935979
-1,675271 -0,816409
3,519420 1,045695
4,304130 0,530565
4,694228 1,651431
3,202574 0,555984
0,205719 4,343241
4,029656 0,954805
-1,022556 -1,140521
-1,896444 -1,085320
3,445403 1,193252
-1,325846 3,906942
3,684712 0,427853
-2,152744 -0,254011
3,487362 1,393999
3,510940 -0,192727
0,103220 4,428995
-1,871195 -1,090340
0,890578 3,677846
0,430527 3,169241
-0,860005 3,318271
0,315905 3,159905
-0,905762 4,728835
3,162322 0,181774
-0,346609 2,691990
3,914381 -0,697823
-0,227796 4,425254
2,691215 -0,588205
-0,676177 3,968364
-2,254291 -0,477296
0,419704 3,058258
3,832556 0,001196
-1,406419 -1,205543
0,446953 4,580324
-0,359470 4,530535
-1,234208 3,770903
-0,754421 4,688234
-0,704277 4,097143
-0,273143 -0,830754
3,975097 0,921395
3,515914 0,461466
0,491715 3,372870
4,252894 0,851112
-0,640375 3,053952
3,670791 0,910187
-0,810429 3,711699
-1,543372 -1,073838
0,176929 4,997623
4,458701 0,232746
3,983822 0,840223
-2,056914 -0,681923
-1,191965 -1,232341
-0,040107 4,231950
4,919242 0,705388
3,965377 0,270104
-0,911020 0,022110
3,301786 0,573935
-0,428272 -0,229431
2,596953 0,346324
-0,829399 0,342078
-0,824010 4,044386
-0,233791 -1,217560
-0,846084 3,390892
3,763819 0,303614
-2,124702 -1,759693
-1,101473 4,046618
-1,215806 2,840445
-1,115670 3,992713
-0,012480 4,807372
-2,574397 -0,208952
-0,541036 -0,511311
-0,814642 -0,664836
0,616411 4,130222
0,189873 4,079047
-0,416960 4,780537
-0,440411 4,192402
-0,247922 4,109456
4,737388 0,719707
4,885399 0,974676
0,286940 3,220401
-1,528801 0,061456
-0,778203 -1,356010
-1,713223 -1,012010
4,466556 -0,182082
4,626165 0,464811
-0,902778 4,207508
-0,665016 4,113087
0,197519 2,893378
4,034746 0,539176
-1,591478 -0,779020
-0,467039 3,881587
0,108301 4,491452
3,364694 0,672049
3,193604 -0,017105
-0,969822 3,969399
-1,033432 4,516686
-1,843393 -2,059864
4,341817 0,667922
3,668259 0,122848
0,653754 4,298927
-1,944035 0,043288
4,010301 -0,025928
-1,630238 -0,089146
-0,448008 4,194140
-1,336463 -1,725336
4,253288 -0,123545
-1,381359 -1,493364
3,175600 -0,669715
2,928131 -0,887344
-0,039168 3,693900
4,563363 0,259609
4,518799 0,498233
0,256076 3,645149
3,640320 0,208229
4,070478 0,139163
-1,408740 -0,899583
-0,152095 4,705511
-0,203959 3,601313
3,458486 0,698794
-0,446314 2,696447
-1,395996 -0,957484
-0,569263 2,994818
-2,404043 -0,656646
-2,852818 -0,246170
-1,201904 0,268973
-0,064622 3,854009
4,221109 -0,509260
-0,984802 4,873619
4,966152 0,236999
-0,701163 4,378213
0,898607 2,623352
-0,720810 -0,486316
2,739316 1,459473
-0,335050 4,144676
-0,983073 4,095229
0,639049 3,497308
-2,310638 -1,606760
-2,004669 -0,972549
0,182603 3,452433
3,413354 0,667864
-2,312612 -0,859375
4,192519 1,635414
-0,815802 -0,596529
-0,274561 3,496736
4,520868 0,462305
4,430777 0,634035
-2,373106 -0,030999
-1,801577 -0,144754
0,186240 4,492294
-0,197717 4,101723
3,456480 0,375451
-1,099876 -1,698106
-1,369974 4,557895
-0,773130 3,181688
3,581064 -0,773807
0,089203 4,290228
-2,271954 -0,456393
-2,538134 -1,361523
-0,643547 4,116180
-0,688959 -0,849207
-0,163662 5,166613
4,511154 0,449343
-1,275266 -0,732252
-0,482810 -1,072163
-1,001661 -1,541658
3,969765 0,940144
-0,246434 4,151950
-2,317261 -0,678016
0,331121 3,553774
-2,348441 -1,749801
-2,555461 -0,197417
3,391940 1,030904
4,264255 0,301643
-0,643230 3,240833
-1,467246 -1,174806
3,552731 0,317845
-0,994507 -0,335663
3,513692 -0,283202
-0,619866 4,526480
0,073143 3,300482
-1,338812 -0,506389
-1,347914 -0,949988
-0,794433 -1,042007
4,275494 0,603946
-2,286284 -0,334103
3,822532 -0,604731
-0,728976 3,365924
0,539329 4,213029
3,612409 0,207451
-1,745089 -0,545131
3,312602 0,487383
4,400591 -0,344830
-0,937721 3,352552
-1,983581 -0,410621
3,413413 -0,157072
0,081969 3,916677
-0,033083 3,503518
3,631265 1,433710
-1,631388 -1,016218
3,708246 0,267341
-0,892396 -1,302365
4,302142 0,581704
-1,927835 -0,947925
4,940664 -0,033255
0,707866 3,427876
-1,841626 -1,219878
3,374404 0,395316
0,635623 2,908719
3,199758 1,113062
0,602567 4,301941
4,435680 0,400786
2,394483 -0,521062
4,411496 1,047777
-0,986648 4,090472
-1,298303 -1,503667
-2,269746 -1,073931
-1,025691 -0,498026
-0,445863 3,650697
2,935189 -0,297687
4,596277 -0,566361
4,474687 1,387260
0,298700 4,011278
-1,423435 -0,238524
-2,166840 0,250594
-1,017426 -0,609189
-0,726101 -1,785235
3,988746 -0,001056
4,116531 -0,631895
-1,653712 -0,747728
4,661363 -0,644408
0,564733 4,429648
-1,517617 -0,757154
4,458458 -0,049692
3,017589 0,166911
-1,060274 3,851787
-2,282493 -0,205537
-0,535901 3,518678
-1,546714 0,363281
3,427411 0,948638
0,140659 3,519552
0,740440 3,099042
-0,300209 3,556294
0,153209 3,745753
3,698823 0,360222
-1,905978 -0,566865
-2,374480 -0,426357
4,904386 1,425482
-1,220149 -1,320697
-0,343824 3,826303
-0,460269 -1,234368
3,829863 0,248390
-0,424830 4,009354
2,917936 0,556069
-0,057516 4,347164
0,177805 3,618794
-1,930233 -0,861803
-1,482047 3,764554
-1,580579 -1,823014
0,248646 4,823104
0,394851 3,429850
-0,318944 4,079028
4,805285 -0,492595
-1,088332 -0,420471
-0,186070 4,073102
3,959376 0,100593
-1,591346 -1,061440
-0,532878 2,812666
0,266897 3,928872
3,160688 0,930549
3,894719 1,574160
4,281561 1,430850
-1,173092 0,258233
4,154723 0,355094
4,809675 0,863416
-1,063515 3,224712
3,440111 0,992836
4,217120 0,535098
2,647861 1,034787
-0,652876 3,392004
-1,213854 -0,247671
-2,014658 -0,480131
3,958275 -0,301411
-0,409749 4,096479
3,051539 0,335217
-0,546129 4,845858
-0,906115 -1,863211
-2,617333 -1,451482
-1,666707 -0,922230
0,014044 4,189431
0,561986 3,940967
4,524929 1,022371
2,839177 -0,335009
3,594976 0,530713
3,498678 0,389984
-1,853873 -1,264491
0,715254 4,030882
-1,794395 0,191625
-1,582832 -0,022008
-1,942109 -1,126533
-1,817185 -1,193673
-1,414272 -1,714795
3,543279 0,136776
-1,036921 -0,831623
-1,801631 -0,776054
4,824227 0,241194
-2,031173 -1,940192
-0,230130 -0,521394
3,532031 0,632772
3,256129 -0,059715
-1,331873 -0,139318
-0,434695 3,832011
3,946153 -0,648014
3,493162 1,196479
-1,616486 -1,022749
-1,530530 -0,396145
-0,134139 4,264171
-2,141149 -1,880184
-0,708315 4,054448
-1,295637 4,241589
0,340722 3,537963
3,573041 -0,152071
-1,746401 -1,056598
3,592054 -0,377244
-0,535154 -0,590246
0,451782 3,954443
3,713247 -0,154946
-0,796337 -0,451278
-2,424152 -0,079420
0,021984 3,478608
-0,987188 0,125580
-0,007663 3,444794
-2,087891 -2,034282
-0,225508 3,450446
0,396390 3,670472
4,342650 0,180912
-2,553238 -0,524677
-0,589382 -0,801846
-0,996841 -0,451738
2,993328 -0,465651
2,867860 1,500039
4,660218 0,709981
3,284631 0,130581
-0,254026 3,252271
3,187736 0,139295
-0,858900 0,188536
-0,804336 -1,577319
-0,822647 4,173753
2,792491 0,215567
3,274840 1,057192
-1,115637 -1,030941
0,704918 3,513937
4,612809 0,425274
3,743102 0,294414
-0,278582 3,230557
-0,962684 3,698740
-0,555116 3,926871
3,575030 0,514375
-0,585888 3,173811
2,869039 0,469296
0,715293 4,213503
-0,518712 4,775492
-0,604996 5,173630
-1,116139 3,601012
3,577986 -0,120517
-2,047982 -0,297199
-0,791334 3,521050
4,303446 1,072601
-0,954755 3,868810
0,161800 3,194212
-0,174618 3,150446
-2,237390 -1,706428
3,806341 0,336625
0,488942 3,492325
3,141976 0,359890
-1,642805 3,427070
-2,345163 0,150878
5,132692 -0,014416
0,117895 3,211199
-1,039961 4,335014
-1,548318 3,382935
4,659192 -0,406938
0,917097 4,039656
4,333325 0,808114
-0,295732 3,784343
-1,583821 4,902840
-1,510745 -0,882994
-0,854094 3,323252
-2,013921 -0,814285
4,471786 0,621825
3,996204 0,745833
-1,391109 3,300718
-1,075274 3,003841
-0,361442 4,064507
-0,478175 4,098802
2,837685 0,440213
-0,534860 3,801400
-2,358139 -0,114943
-0,622406 3,990865
4,758311 0,147385
3,013527 0,032117
0,066989 4,069885
-0,222883 4,441659
3,435744 0,743399
-1,114281 3,887318
4,735976 0,139561
-0,896337 -1,251956
3,909233 -0,192720
-0,254199 -0,550694
3,948120 1,386079
-0,500910 3,076690
3,725694 0,769156
4,777198 0,126173
3,878606 0,644482
0,361368 4,394951
-0,721204 3,366975
4,100594 0,700091
2,905451 -0,140392
-0,573528 4,028318
4,103343 -0,162794
-1,338699 -0,975834
-0,165880 3,292384
-2,379400 -0,814055
-2,499037 -0,721040
3,856273 0,399579
3,689915 0,594580
-0,146932 3,022027
0,026923 2,986189
2,511228 -0,018243
3,776900 -0,537963
-1,499173 0,061553
-0,330510 3,010142
-0,705522 -0,714082
-0,694613 3,066633
-0,512448 3,447220
-1,121438 3,889912
4,912206 0,065869
3,016014 0,304324
3,901395 -0,805703
-0,977778 -0,793448
-1,021375 0,348121
0,373203 4,951394
-1,478744 -0,289217
3,656058 1,221294
-2,422242 -1,104118
-0,090500 4,189234
-1,548617 -1,561045
2,840859 0,387585
-0,552828 3,621537
3,543754 0,821570
-0,761456 3,746116
-1,060461 0,620595
3,591709 0,012939
2,649859 0,124200
-1,528407 -1,251825
-0,697268 3,960676
4,086095 1,006712
-2,662472 -1,835878
-0,592627 -0,749066
-2,252565 -1,052487
-1,035198 3,779688
-1,675173 -0,105450
0,615380 3,813312
2,857595 1,178515
-2,104879 -0,701916
-1,806705 -0,957679
-1,219698 -1,641212
-0,088202 3,810616
-1,143243 2,969217
-0,183457 3,395443
-1,466832 -1,416060
-0,956062 -1,521509
-0,336047 3,976724
4,359513 0,045799
0,280104 4,430744
0,141815 2,965185
0,053186 3,928241
-0,288173 4,411173
4,256152 -0,081541
0,206880 4,018472
-1,199879 3,124666
0,590677 2,859326
-1,120794 3,645913
-2,369187 0,112852
-2,297865 -0,676401
-1,102951 4,605325
-0,477156 4,798203
-1,141027 0,508357
3,717610 -0,420191
3,159967 1,188175
3,379100 -0,522540
4,120138 0,003409
-1,811304 0,464978
-1,595699 0,287773
3,505084 0,074267
-0,944167 -1,076212
-1,763118 -0,970625
-0,734066 2,983949
-1,279882 -0,905181
-1,218744 -1,073682
3,973798 -0,229611
-0,027615 3,874936
0,019426 4,333160
3,818840 0,559831
-0,497811 -1,002422
0,085138 3,499890
-2,172349 -0,996080
-0,943017 3,988463
3,709368 -0,762313
-1,901144 -1,527951
-0,685757 3,814570
3,416458 1,308431
-0,916248 0,058269
3,561045 1,109162
0,956071 4,808701
-1,601830 -0,143496
-1,419104 3,494847
-0,173292 3,549768
-0,943703 3,764869
2,593741 1,022591
0,032433 3,685777
2,814457 0,272742
-1,717101 -0,701232
-0,020614 3,920412
-0,692539 2,833202
-0,137336 3,246774
-0,576895 4,518265
-0,719977 -0,549362
-0,117514 3,673208
3,543767 -0,343832
3,524527 1,217464
0,067592 3,594101
3,848347 -0,332328
4,393573 0,439468
-1,789963 -0,059252
-1,679964 -0,577186
-1,449452 -0,416757
2,701074 0,023432
4,932140 -0,534174
-1,442322 -0,220904
-0,808372 4,249914
-1,170309 0,206285
-0,609714 4,171177
-1,040061 4,044262
3,801477 0,284214
3,036561 0,525113
-1,308482 3,707604
-0,308957 3,635268
3,458781 -0,185609
-1,509032 -1,067886
3,854347 0,419696
-1,706116 0,505195
-1,870852 -0,734753
-1,551640 3,619715
-1,408649 -0,777859
-0,202648 3,492292
0,331238 4,585373
-0,577691 3,904316
3,685994 0,388478
2,759572 0,871020
3,947694 0,599087
-0,583081 -1,229115
-1,375848 -0,738960
2,773050 0,180985
-1,336447 -0,183113
-2,133150 -0,071089
0,463206 3,158769
-0,908093 2,767159
3,850332 0,447494
0,260838 4,172813
-0,581186 -0,690202
-1,839070 -0,882204
2,947765 0,922613
-1,327510 3,318308
-0,499910 -1,008026
-0,865549 -1,869653
2,849655 0,819660
3,766372 0,680948
-1,565317 -1,205629
-1,868087 0,182687
-0,904512 -1,046806
0,236569 4,614725
4,156130 0,695513
0,559199 3,008892
3,213797 0,463044
-0,609763 -0,746290
-1,202219 -0,711597
4,241404 1,169932
-2,574226 -0,352254
4,013358 -0,191723
2,807494 1,173566
-0,264698 3,394206
-0,115584 4,314355
3,639590 0,153591
-0,760508 0,112372
-0,312320 3,865698
-0,086189 3,002930
-0,173653 3,196859
4,023685 1,205125
-2,405013 -0,692491
4,987340 -0,509995
3,205215 1,626899
-0,794519 0,371980
4,779367 -0,896977
-0,875335 4,392512
-1,554520 -0,308214
-0,647390 2,841444
-1,856057 -1,416911
3,185364 -0,418502
3,103708 1,339647
-1,203209 4,516514
-0,384859 3,145773
4,049561 -0,078612
-0,508085 2,827783
3,924229 1,494873
-0,958537 -1,821185
-0,217589 4,349538
0,577420 3,573930
3,263732 1,463468
-1,631594 0,314136
5,011052 0,683619
3,019325 0,422697
-0,126917 4,401052
-1,170364 -1,241545
4,180877 -0,632919
3,283279 -0,973234
-1,525838 -1,761539
-0,161135 3,222409
3,172237 -0,711294
-2,475700 -1,342258
-0,412588 3,844564
-0,329000 -0,773781
-1,402203 -0,972205
-0,899032 -0,850886
-1,427636 3,619068
-0,326370 2,807988
-1,823212 0,146395
4,431884 0,832664
-0,954464 -1,085901
-0,168873 3,258338
0,711563 3,268854
3,236691 -0,364571
-0,572344 2,934795
4,921224 0,018611
-1,028618 3,350521
-0,020667 4,820558
-1,356893 -0,231008
3,889305 0,705111
-0,470212 2,907749
0,894990 4,518033
3,898532 -0,330525
-0,942498 -2,017488
4,240882 -0,083779
3,685226 0,739393
-1,421952 -1,405887
-0,353231 -1,364451
3,395185 0,996956
-2,119752 0,353166
3,763631 0,043703
-1,866519 -0,460356
0,156216 3,907956
-0,890681 0,158058
2,613196 0,365271
-2,337589 -0,400807
4,037748 -0,831186
4,838906 -0,022664
3,862779 0,780868
-1,851398 -1,262134
-0,946200 0,287294
0,441474 5,005709
-1,989382 -1,446219
3,017441 0,484107
-2,222078 0,031528
0,953349 5,172839
4,112303 0,215018
4,161821 0,125610
-1,492791 4,571842
0,122945 2,619289
3,450845 -0,028824
4,326538 -0,169498
0,299577 5,025030
0,418506 4,428908
3,901904 -0,165202
-1,644468 3,585194
3,103945 0,265433
4,549013 0,569699
4,067118 1,021478
-1,085692 -0,517631
-1,559120 -0,441371
-1,945832 -0,941090
-0,870484 -0,440774
4,337606 0,832658
0,032283 3,908896
-0,930990 5,148988
0,508689 3,547892
-0,769682 4,110882
-0,612861 -0,407554
0,630723 4,077731
-0,142936 3,386682
3,834263 0,126538
0,574982 4,174616
4,255173 1,002153
-1,624592 -0,184240
-2,456775 0,199276
3,645857 0,776763
-1,597630 -1,336308
-0,715071 0,129553
-1,722928 -0,293219
-2,148992 -0,584400
-1,020596 3,126379
-0,942660 4,026818
-1,422828 -0,573792
-1,334052 -2,185309
-0,912775 3,304603
0,624023 4,152897
-1,033628 3,064127
0,091617 3,836256
-0,749645 3,638241
-0,555711 3,886260
-0,028289 3,358674
3,941548 -0,490996
-0,951249 0,067551
3,714538 0,450917
-1,547902 -2,082413
-2,436249 -1,869290
-0,885934 -0,028911
-2,644108 -0,648662
-0,514310 -1,263901
-1,419197 -1,091529
4,952032 0,994139
-0,579585 4,634980
4,230983 1,642808
2,668308 -0,060354
-1,399521 -0,745683
3,357791 -0,217143
-0,332216 4,328430
2,536897 -0,100603
3,773932 0,080771
4,400699 -0,475105
-1,285538 -1,177370
-1,267206 -1,207389
-0,840173 4,311293
-1,415383 -1,018311
0,350614 3,914577
-1,026435 3,781490
-0,340847 -0,609380
0,066814 3,760143
-2,521563 -1,594783
-0,425806 4,800310
0,219319 3,376453
-1,156693 3,292855
3,545142 -0,548597
-1,769663 -0,512583
3,129058 1,342854
-0,653523 -0,384754
3,565819 -0,367765
-0,606169 0,286244
-0,299261 3,862285
3,403652 -0,173930
0,006067 4,663010
-0,041941 2,877810
-1,556158 -1,234723
3,900036 0,154624
-0,289949 3,767216
-1,348245 3,735462
3,519660 0,527168
4,802431 -0,279599
-0,940451 -1,704026
-1,680699 -0,542210
0,098699 3,928884
-0,662884 -2,073389
-0,555973 3,291111
-1,256394 -0,991683
3,611636 -0,002393
0,280642 3,010326
0,158651 3,779200
-1,624162 0,293431
-2,718278 -1,565406
-1,805114 0,112111
-0,833579 -2,125121
4,358020 -0,007999
-2,096489 -0,642843
-2,049032 -0,976742
0,703914 3,632672
-0,816426 -0,140145
0,198263 4,012844
-2,481182 -0,047824
4,280229 0,068777
-2,443655 0,067399
-2,564460 -1,324048
-1,389460 -1,175137
4,233532 0,413529
0,478966 2,940888
3,686078 -1,108753
4,131031 0,280482
3,890072 0,091917
-1,137685 0,012210
4,432098 0,140400
-2,531514 -1,753281
-0,907648 3,881646
-1,509849 -0,367094
3,858464 -0,201504
-1,658625 -1,625361
-0,991138 -0,757631
0,220336 4,493335
4,457455 -0,763565
0,426658 3,559748
3,676613 0,315057
-0,074244 -1,594412
3,686399 0,309753
-1,052003 -0,004998
4,121328 0,429155
-1,135776 4,952643
-0,092077 4,226587
0,532080 3,727966
-0,613457 4,708313
-0,328973 2,902658
-0,857232 -0,831413
0,142129 3,649205
3,946786 1,634896
-1,023550 4,764397
-1,135314 4,319191
-0,925427 0,048527
4,039149 1,308565
2,999394 0,816723
0,448342 4,302577
-1,517481 -0,001880
-0,659280 3,585120
-0,142287 -0,785289
3,254752 -0,275095
2,759198 -0,296704
0,667629 3,810291
4,456226 0,401997
4,208700 1,042257
-0,672306 -0,407696
3,509627 0,126769
-0,901304 3,786788
3,781039 0,795797
4,210159 -0,874347
3,526209 0,506700
-1,900429 -0,068812
4,126580 1,174559
4,435226 0,240199
-0,271048 3,331181
-1,508782 -0,566945
-1,632155 -0,878185
3,395912 1,397068
3,671968 -0,032719
-1,084571 -0,269683
-0,177829 4,552505
4,548626 0,306358
4,095924 0,080186
3,050827 0,171142
-0,444077 3,470895
-0,981226 -0,154414
0,183147 2,840969
5,057058 1,130833
-1,881287 -1,745680
-1,405521 3,556071
4,189453 -0,606599
-2,150929 -0,746376
-0,548538 4,846260
-0,276866 4,372158
-1,444175 -1,276192
4,679277 -0,442662
0,444341 4,093705
3,591634 0,548862
3,085151 -0,630969
-1,415601 -0,413265
0,007363 4,904674
4,027222 0,400722
2,664203 1,783137
3,785380 0,427574
-1,436651 4,304626
2,457248 0,288796
3,748339 -1,068847
4,172636 0,453337
4,231880 0,713301
-1,985963 -0,621190
3,371029 0,405515
-0,092647 4,064951
-0,459246 3,360505
-0,684969 0,474730
-0,391755 -1,543644
3,699359 0,266965
3,380284 -0,234910
-1,473840 -1,348193
-0,981450 0,646976
-1,521148 -2,075639
-1,385878 4,274231
-1,321897 2,682983
-1,466969 -0,775575
-0,186990 3,597179
-1,739644 -0,947264
-1,338339 -0,553294
-1,094144 4,198836
-1,455433 -0,198118
4,299488 0,628571
-2,048020 -0,483474
2,554776 1,433785
2,541470 0,670160
3,432027 1,532663
-1,328601 -0,268282
3,375364 0,611241
3,276025 -0,441226
-0,834542 -0,864522
-1,470548 -0,499816
-1,755569 -0,408197
4,008921 0,748196
-0,566914 0,184772
-0,380692 3,753697
0,570900 3,319481
-1,479348 0,014428
0,044706 3,959532
3,185955 -0,048410
0,433634 4,448870
3,199514 -0,124822
0,310961 3,060663
-2,029113 -1,490607
-0,893804 -0,387872
0,198438 3,393025
-1,332484 2,657606
-0,415841 4,698227
-2,359164 -0,040935
4,107972 -0,266961
0,372433 3,702136
-1,621356 -0,535482
0,525104 4,188894
-0,686460 4,035181
4,042094 -0,577772
-0,996843 3,088820
3,674934 0,131006
3,209270 -0,039752
-0,891742 4,096519
-0,546684 3,704286
4,470831 1,100131
3,112331 -0,144603
-0,799648 -1,412183
-1,878322 -1,195609
-0,412727 2,983029
-0,351965 4,896720
-1,518410 -0,449871
-0,729935 4,118719
-1,160556 -1,494916
3,060714 1,138479
3,495244 0,332211
-0,042362 4,593801
-1,108180 -0,781347
-1,198190 4,192316
4,493512 1,208306
-1,372064 -0,428642
-1,803805 0,323204
-0,802458 4,721916
3,487478 0,310609
-1,863288 -0,767456
5,010826 0,770001
-1,602623 3,991816
-1,474849 -0,822716
0,197382 4,017851
-1,663608 -1,678831
3,048025 0,052912
3,541874 -0,084959
0,191388 4,509417
2,737058 0,095139
-1,301795 -0,217579
4,392559 0,604856
3,892429 -0,138263
-0,536561 -1,921567
3,380936 0,338543
-1,615042 -1,089879
-0,507028 -1,030602
-1,880362 -0,068553
-2,090629 -1,736302
-1,629840 -0,630446
-0,987017 0,166292
-0,765292 4,596974
-0,149121 3,056183
-0,595053 3,010263
3,476437 0,234736
0,944340 4,371313
-0,078334 2,695930
-0,500505 4,266905
0,140486 4,372045
3,003425 1,147326
2,961258 0,042419
0,185022 3,193351
-1,700649 -1,610821
-0,130370 3,732326
2,591017 0,689952
3,676786 0,877432
-1,988850 -1,432330
3,621569 0,075963
-1,476703 -0,993168
-0,566042 -0,221468
3,574590 0,694513
-0,934480 4,121844
4,546170 0,401678
-1,345958 -0,433584
4,107104 1,459382
-1,483806 -1,964334
-2,236851 0,308696
-1,872298 -0,958882
-1,205342 0,678052
-0,790300 -2,168398
-1,243847 2,638144
-2,057417 0,064332
-1,552891 -1,609306
2,885404 0,475526
3,370198 0,343588
3,856189 0,317224
4,108486 -0,143626
-1,435703 -0,942013
4,083186 0,366988
2,899129 0,484479
0,904081 3,439261
-1,592725 -1,357481
-0,467697 -0,588509
3,832599 -0,493094
-1,039685 4,848717
-0,728244 -2,087495
-0,552560 2,932606
-0,583939 3,888373
-1,236747 0,039030
-0,370222 4,765079
4,365157 -0,205371
-0,654912 -0,993555
-0,772597 3,672511
0,690722 3,235648
3,354480 -0,782276
-0,283178 2,746909
-0,490410 -1,877480
-0,793661 2,921133
-0,923535 -0,875422
-2,321266 -0,005480
-0,284621 4,557098
4,730497 0,997116
-0,889495 -0,341491
0,598206 3,054925
-1,448916 -0,852371
0,343701 3,577648
3,804372 -0,585025
-0,243486 -1,885278
3,381345 1,206967
3,332174 0,665671
-0,651815 -1,234781
3,916917 -0,379248
0,274285 3,911541
3,155223 0,678262
3,576320 0,799908
-1,037526 -0,808980
-0,634899 4,246206
4,061339 0,056087
-1,309910 -0,831339
4,798457 -0,094733
-0,297837 3,937348
-0,203293 4,900720
-0,662277 -1,073492
-0,726378 4,979129
0,410007 2,795413
-0,887766 3,314563
3,689034 0,018680
-0,310405 2,922901
-0,450276 3,719330
4,799791 0,320837
-1,786045 0,415082
2,697008 -0,227949
-0,219707 4,154928
-1,917620 -1,641264
0,419756 4,126795
-0,940899 -1,412395
-2,089699 -0,564327
3,796851 0,848015
-1,402264 -1,150636
-0,611334 -1,175250
-0,931962 -1,804650
-0,101199 4,454284
4,659128 -0,683604
-1,539719 4,428338
0,627845 4,437256
-0,894103 -0,903704
3,447298 0,835514
4,081515 0,938971
4,404084 1,335584
-0,824106 0,565321
-1,060091 3,762209
-0,266745 3,410950
-0,230759 3,502318
-0,851876 0,333661
0,195498 2,466412
-1,659420 -1,078919
4,764690 0,996180
4,282078 0,701178
-0,831516 4,418337
-1,492177 -0,868249
-1,901875 -1,570772
3,730679 0,104043
-1,341340 3,940291
0,980614 3,884556
-1,171933 4,336745
4,295171 0,073079
-0,568425 3,495492
-1,219208 -1,205332
-2,117296 -0,793285
-0,119701 -0,771151
-0,883738 3,592451
-0,384332 -1,961425
-0,790185 3,975533
0,213908 4,127055
4,146636 0,270166
-0,816560 4,378129
0,288660 3,485285
-1,302569 -0,727016
-1,059712 -0,752549
-0,381860 4,225844
4,394483 0,295110
3,298563 -0,031736
-2,335370 -1,181078
4,555270 1,689591
3,255513 1,608437
3,960817 0,274021
0,869487 2,628630
4,610390 0,429373
0,501800 4,246498
-0,919424 0,239418
-0,982525 3,323701
-1,111174 -1,131594
4,142032 0,406747
-1,224374 -1,104820
4,319334 0,348888
-0,579492 3,773278
-0,962196 3,807864
0,653591 4,732440
-0,774980 4,257304
3,617255 0,337893
0,049141 3,422226
-1,408798 -1,884093
-0,951124 -0,640899
2,480405 -0,368954
0,328149 3,566653
0,180280 3,866343
-0,579010 -0,451081
-0,605158 3,561538
3,705074 0,173135
-1,538220 -0,442346
-0,043724 3,763355
-0,852368 3,779054
-1,359621 -0,781354
-1,459478 -1,035327
-0,987460 3,171785
-1,731851 -1,163811
-1,385736 4,255763
3,380756 -0,182925
4,131312 0,825059
-1,677679 4,913625
-0,737863 3,746447
-1,991430 0,139249
-0,430053 3,859152
3,935704 -0,807689
-2,150118 -0,647029
-0,522810 -1,087135
-1,296851 -0,589600
-2,505016 -1,098556
-1,002669 4,446918
-1,098899 -1,871494
-0,712866 -0,269008
-0,535167 5,114199
-0,534906 4,156852
-1,299424 4,278718
3,473963 0,891329
3,174742 -0,717766
4,715926 0,651696
3,165585 -0,173534
3,866513 -0,389603
-0,095914 3,693849
-0,531640 4,624743
-1,297249 -1,835969
-0,399268 3,522284
0,039594 3,362774
3,751317 0,400953
-2,547133 -0,676029
-1,217581 -1,164698
-2,196942 -0,967646
-1,403037 -0,965354
0,075911 2,702519
3,632764 -0,132718
4,255275 -0,126946
-0,047226 4,576092
3,745768 -0,913754
0,784312 3,875167
0,797008 3,694284
-0,306392 3,681605
-0,305301 3,639607
0,271992 3,493807
0,033733 3,888270
-2,656715 -0,490932
4,726695 -0,289474
-0,721858 -0,432706
3,685945 -0,140489
-2,143101 -1,134080
3,531796 1,692135
-0,772871 4,264586
1,080716 5,056288
-2,292855 -0,974598
3,803354 0,650133
-1,824484 -1,239326
-0,295628 2,687665
0,093264 3,973931
-0,469266 4,506884
-1,616382 -0,406751
-0,309912 2,997372
3,194230 -0,135875
3,699174 -0,292078
-1,280630 -0,934702
-0,210705 3,460822
-1,708394 0,255468
-2,220968 -0,210004
3,764365 0,934354
4,093252 -0,001757
-1,632001 4,782840
-1,017630 -1,587573
-0,551143 -1,541240
-0,400241 0,115187
0,803319 2,953525
3,070426 0,504795
3,612248 0,144243
-1,209871 4,040180
0,385411 3,840343
3,471477 0,418563
3,334212 0,737389
0,034449 4,739924
4,463241 1,000872
-1,364860 -0,164131
0,127975 4,882909
4,767514 0,627639
4,249362 -0,370837
0,085966 3,237037
-2,393637 -0,413233
0,754384 4,003968
4,192600 -0,849261
-2,384554 -0,336111
-1,488523 -0,568110
-1,478123 0,335721
-0,143047 4,655684
4,989810 0,266133
-0,673131 4,038544
3,095664 -0,254029
3,803252 1,020046
4,213895 0,963565
4,691093 -1,106879
3,009320 0,103889
-0,072214 4,339181
-0,083093 4,276315
4,460708 -0,200757
4,815495 0,771643
3,895319 -0,254142
-1,269700 4,576203
0,082160 4,444883
-1,286502 4,639858
-1,086177 2,953538
-1,559737 3,476401
-2,781082 -0,830322
4,064413 0,575311
-0,996011 4,575510
-1,264349 -0,667619
-1,316887 -0,321361
-1,401407 -0,996662
-1,866084 -0,302951
-0,876944 0,419753
3,424154 1,503344
-1,645854 2,756081
2,354031 0,922055
-0,306571 3,640139
-0,807073 4,250080
-0,693343 3,480862
-1,083994 -0,390046
0,338007 4,823284
-0,067075 2,936451
-0,030512 3,538765
-1,669720 -0,732071
3,577473 0,617696
4,348944 0,999564
0,937716 3,154956
4,465615 0,876048
-2,218071 -0,822476
4,667464 1,080977
5,158428 1,272527
-2,102985 0,479476
0,328723 3,526608
-1,309004 -1,471233
3,102224 -0,911149
3,905617 1,322276
-0,789410 -0,442477
-1,068688 -1,414127
0,141714 3,629809
3,220166 1,134456
-1,375149 -1,116855
3,734556 0,990234
-0,844251 4,838047
-1,689105 -1,407475
4,134639 1,324390
3,621862 1,195392
3,914175 1,356249
4,169155 1,500049
-0,608449 4,440880
-0,717930 3,505615
4,313975 0,956625
-1,143170 -0,433996
-1,570781 -0,504189
4,948706 -0,046923
-2,274766 -2,034265
-0,558849 3,923693
-1,479223 0,094022
4,394619 0,001212
-0,632614 3,820595
0,184038 4,044218
-1,247894 3,255117
-2,649085 -0,068416
-1,604018 0,528977
3,428814 0,790388
-0,685969 4,162639
3,027791 0,134509
-1,340060 4,002622
4,171087 1,301980
4,415374 0,002305
4,184292 -0,135830
-0,566109 3,147555
4,208356 0,835779
4,431382 0,297008
-0,979555 4,741143
-1,306999 3,791448
-1,779892 -1,023767
-0,442403 2,620239
4,054479 0,184311
-1,642742 0,137362
3,764276 -0,168622
-0,511653 3,667869
-1,575863 -0,025615
4,468651 -0,163106
4,845845 0,611583
3,624011 -0,375834
-1,020243 0,629591
-2,109729 -0,048031
-0,714675 3,694650
-1,559698 -0,948913
-1,616174 -0,561116
3,706373 0,496057
0,044903 3,450341
0,167777 4,360446
3,047931 -0,059286
-0,263442 3,843651
-0,376529 3,537743
3,266209 0,638241
-0,941187 -0,248093
-0,099184 3,079277
4,245595 0,255523
0,225234 3,903605
-2,121504 -0,524709
3,299695 1,559131
-0,926376 2,716874
-0,406939 4,103996
4,798448 1,110670
4,185749 1,350371
-0,999269 -0,545083
-1,516527 -0,957257
4,287844 0,831378
-1,100474 -1,039975
-2,395521 -0,632204
-1,306331 -1,139705
4,974765 -1,052353
-1,604985 -1,009786
3,599364 0,397447
-1,495463 -0,665151
-1,693429 -0,963994
0,829797 3,405948
-2,698952 -1,444815
-0,101216 3,769726
-1,832456 -1,053920
-1,479340 -0,110614
3,463586 -0,424488
-1,572494 -1,754110
-0,503219 4,741131
-0,462438 -0,984549
3,481160 -0,822631
-1,401914 3,242033
0,216638 3,168170
-0,442003 0,364638
0,876276 3,237958
4,264039 1,442345
-1,170497 -1,606580
3,308076 1,179792
-0,125180 3,424825
2,958452 -0,273536
-1,469531 -1,875476
-0,481830 2,974052
-1,107350 4,477895
4,052956 0,541400
-0,373679 4,257638
-1,094431 -1,403719
-1,062390 3,804543
-0,510409 3,514548
-1,522776 -0,320925
3,683536 0,453509
3,951504 -0,153638
3,713891 0,544805
-0,355272 3,073786
2,904666 -0,370237
-1,457256 -0,683575
-0,810266 -1,169859
-0,898856 -1,435207
-1,905597 -1,110365
-0,764352 -0,385463
4,459509 -0,606319
0,360420 3,997095
4,916900 0,352942
-1,027186 3,923587
0,679276 3,321311
-0,125976 3,743665
-0,115756 -0,575974
0,112031 5,235046
-0,907142 3,762801
-1,120099 -0,268108
-1,363486 -0,549616
-1,089036 -1,106131
-0,772977 3,212465
3,912213 -0,172498
-0,029113 3,533610
3,952148 1,126753
-1,089536 3,684297
3,829129 -0,093704
-0,427277 3,888975
3,574535 0,370135
4,171679 -0,188569
3,956332 0,610113
-1,797500 3,789148
3,734946 0,743368
-0,571927 3,823118
3,763077 1,644584
3,163051 -0,786389
4,244062 1,695262
-1,174701 3,395474
-0,661506 -0,308617
-0,133202 3,900659
-1,291575 -1,529950
-1,286294 -0,043164
3,534697 0,529882
-0,820306 2,969546
-0,886202 -0,918044
3,699346 -0,133283
-1,284280 -0,896768
-0,858921 -0,695926
3,687973 -0,907120
-1,725411 -1,386707
-1,539074 -0,976882
-1,455761 3,810836
-0,314461 4,907351
2,959949 1,490688
-1,736272 -0,737009
-1,607209 0,003808
-2,126410 -0,711463
-0,898302 2,706201
-0,617346 -0,946591
-1,355650 3,270679
-1,143581 2,866146
3,704265 -0,120417
3,022622 1,010082
-1,462266 0,132860
3,314302 -0,148704
0,084009 3,009284
-0,434031 4,359171
3,745576 0,834168
-0,819995 -1,038380
-1,235813 -1,475201
4,243760 0,920355
4,165845 -0,440725
-1,604709 -1,497920
4,043993 0,678101
0,238418 3,509482
3,714851 -0,322441
-1,602967 -1,236398
0,103959 4,723032
-1,802857 -0,621366
-1,409448 -0,480572
3,058491 0,441768
0,030493 4,122385
4,402818 1,440049
3,301699 0,198829
3,770923 -0,206642
-0,673906 2,928094
-2,185456 -0,674465
-1,868402 0,251765
-1,675709 -0,874189
-1,098919 -0,332875
3,611076 1,783597
3,933335 0,218653
-2,618233 -0,367692
-1,231186 3,079389
-0,454712 2,790464
-0,544711 -0,869484
4,676931 1,284729
-0,816541 3,387104
-1,261181 2,605747
-1,089847 -0,404950
0,131853 3,314360
0,321087 3,715046
-2,678108 -1,511629
3,311896 -0,358383
3,476191 0,648023
2,992600 1,475650
-0,282992 3,562333
-1,509829 5,252888
3,592135 -0,017165
-2,216207 -0,681386
-0,448555 4,246612
3,653157 0,791077
-2,387372 -1,803133
0,527046 3,727476
3,388520 0,440238
-1,039472 0,502679
-2,328437 -1,522850
2,887822 -0,589947
-0,820655 3,837289
-1,010637 -1,919209
-1,412176 0,325642
-0,928389 3,166621
3,834002 -0,298629
-0,372283 -0,073799
-1,055133 -0,723962
3,349866 -0,233295
-1,267314 0,037083
-1,115717 3,679735
-0,495808 -1,576616
-2,536699 -0,728932
-2,623146 -0,819704
4,054809 0,877238
-1,525985 -1,122876
3,598426 0,068975
-0,777991 -0,449395
4,005164 -0,519868
-1,006164 -1,079069
-1,233109 2,929669
-1,675566 0,210110
-0,626930 -0,693771
5,088911 1,000835
3,038338 0,367037
-0,466688 -0,344843
-0,516927 3,189433
-0,238903 4,511924
0,331960 2,708412
0,903874 4,337873
-0,925723 4,719973
-0,287670 4,373925
-0,301092 3,355196
-1,819403 -1,624065
3,381109 0,389486
2,675844 1,265660
-0,741400 -0,021964
2,801238 -0,608818
-2,763246 -0,376913
3,034187 0,537474
2,977166 0,692233
-1,663306 -2,065948
4,715250 0,798419
3,980729 0,473867
3,387876 0,256967
-0,692495 3,844494
-1,938757 -1,609146
-1,109113 3,350058
-0,871361 3,913263
-2,459901 -0,949043
4,330851 -0,163383
-0,602842 -1,017430
-0,915830 3,658609
3,596888 0,433747
-1,583384 0,062683
0,890835 3,338640
-2,110757 -0,799715
-0,025127 4,071337
0,948255 4,359680
-1,348042 4,677785
-0,740136 -0,028520
4,260299 0,982497
4,730802 -0,169550
2,653605 -0,229583
-0,432527 4,040104
-0,221206 -1,223063
4,054128 0,278842
4,375242 0,150183
-1,015168 0,011707
-0,513551 -0,534409
-1,676884 -1,228926
0,377533 3,829365
0,424066 4,428009
4,422821 0,737137
-2,034841 -0,273259
3,376539 0,442899
2,861465 0,364299
-0,734492 -1,726987
4,605023 0,153866
-0,814263 4,961013
2,675513 -0,110048
-0,822603 -1,552415
4,398880 0,200296
-1,804859 -1,134320
3,696708 -0,430235
-0,584573 3,374566
-0,354668 3,767497
3,783324 1,472562
4,726890 1,177216
-2,278436 -0,775218
-2,553893 -0,351929
4,276165 0,475120
-0,682312 3,932622
-1,144769 -0,514790
0,205256 3,807280
3,701659 0,842670
-2,502567 -0,864388
-0,811284 0,039299
0,366749 3,384171
0,206356 4,596398
0,368708 3,921305
2,939878 0,029435
-2,813884 -1,595003
4,950238 0,692130
-1,093450 -0,945699
-1,292206 -0,812142
-0,948447 -0,146724
-1,412688 4,856976
3,722190 0,284790
0,016997 4,087052
-0,432080 -1,090165
4,001512 1,232483
3,581340 0,148332
-0,377413 3,628060
3,804174 0,609728
3,621247 0,434875
3,128365 -0,205096
3,190059 1,057381
-0,448117 4,157177
0,612342 4,778268
3,573556 0,843529
-0,276036 3,676240
4,212791 1,318746
-0,773877 3,832806
3,308528 -0,538864
-1,813541 0,481734
3,694401 -0,205056
4,259365 -0,679585
4,400425 -0,133131
3,342552 0,108708
3,352371 -0,072384
3,527208 0,171693
0,846856 4,002942
-0,528616 3,703839
3,507591 -0,129697
-1,958393 -0,723334
3,550506 0,757740
-0,578032 4,105169
3,819184 -0,509019
-0,891345 -0,597954
3,499081 0,505374
-0,881592 -0,435899
4,494409 -0,661986
3,821138 0,526728
-0,406721 3,407630
-2,169628 0,251093
-1,693172 -1,197253
-0,115977 2,962642
-0,408332 3,760958
-0,620593 3,018305
-0,799197 -0,395478
-0,176639 4,089653
4,344006 0,017494
-1,432318 -0,960408
-0,158564 3,962993
-1,426461 -0,661727
-1,017049 -0,766697
-1,489965 -0,758044
4,547999 -0,642990
3,599794 1,257298
0,745073 3,865106
4,117184 0,097578
-0,720751 3,845540
-1,436862 3,643170
0,229977 3,281219
-0,790995 3,898550
0,705552 3,509279
-1,586310 -0,422948
2,928507 0,551936
3,682225 0,489245
3,796746 -0,312590
-2,017395 -0,990754
-0,344901 3,870057
-0,011932 3,925287
3,925692 1,500073
-2,042171 -0,527981
-1,204698 -1,497843
-0,979343 -2,064999
4,241236 0,805018
-0,283175 4,141913
0,132589 3,107081
2,854512 0,703447
4,776915 0,105103
0,449439 4,908949
-2,298965 -0,716138
-1,354632 -0,799448
5,143650 -0,955668
-1,180051 -0,227583
4,848170 0,562274
-0,446314 3,295047
0,441688 4,422377
-0,607051 0,314187
-0,255604 5,180896
4,820700 0,493319
-1,462723 -1,393299
4,161569 1,208912
4,556843 0,775407
-1,012646 3,236497
-1,131247 3,041036
4,021462 1,256580
-0,469453 4,149668
0,295693 3,702776
4,170576 -0,793807
2,978772 0,437688
-0,322370 2,680676
0,162243 3,917093
3,725588 -0,143715
-1,327527 -0,524792
3,645774 0,518888
3,996286 0,118485
3,499389 0,869257
4,133855 1,265369
-1,691891 -1,213718
-1,436397 -0,258069
-0,235433 5,250902
-1,370176 -0,226257
3,591460 -0,882532
3,042344 1,618908
2,861413 -0,473098
-0,116335 4,034178
-0,228400 -0,784570
1,106024 3,471544
0,184049 4,896299
-1,175204 -1,668122
0,506934 3,834150
-0,266218 4,168218
3,999368 0,609435
-2,268172 -0,865325
4,868853 0,734308
-0,168476 4,228604
-0,410923 3,378914
0,390441 4,518111
0,469742 4,066312
-1,203300 3,943668
0,013809 4,475132
4,959645 0,755077
-1,195866 -0,023107
0,329096 4,586544
3,655342 1,246908
-1,849231 -1,229111
-0,910787 -1,164612
-0,862984 4,069330
3,055254 0,425107
-1,256211 -0,520635
-1,670910 -1,343459
-0,742814 0,416077
-0,172222 4,882775
0,017190 3,998328
3,760279 0,484643
0,253857 3,880948
-1,262915 -0,137229
-1,587667 -0,963049
-1,569259 4,624951
3,729245 -0,142575
0,774414 2,975749
-0,824043 3,192441
-1,331182 3,462320
-1,425440 4,305366
4,772136 0,493721
-1,835397 -0,232505
-1,615970 -0,854471
-1,572111 0,225217
-0,778585 -0,295089
-0,795230 -0,455048
3,405782 0,397046
-1,376090 5,072504
0,100714 3,771847
0,187349 4,271723
2,806702 0,342501
-0,154839 -1,726578
-1,762216 -1,621236
-0,663474 3,503791
-0,347769 4,131156
-2,429754 -0,685690
3,559045 0,684517
-2,562331 0,407650
3,725401 0,302810
3,140713 0,015131
3,058867 -0,933290
0,746435 2,719078
4,547806 0,940858
4,427857 -0,450207
-0,881299 -1,797802
4,711133 0,074757
3,055147 0,853848
-2,107541 0,455900
3,961318 -0,122416
1,063049 4,156094
3,172046 0,894614
3,849167 0,369108
-2,307048 -1,901502
-0,521939 -0,700488
-0,389827 4,218669
-0,164556 2,882883
3,934783 1,242405
2,980855 0,517182
-0,518652 -0,622685
-1,484435 3,888399
-0,393398 3,316527
-1,172183 -1,652785
0,089506 4,000372
-0,394382 4,461789
4,252657 0,112066
-0,585321 4,054439
-0,696439 -0,831176
4,253584 0,669205
3,439995 -0,043228
3,618940 1,289387
4,073288 1,059129
-0,999931 3,120575
-0,955584 -1,461285
3,159701 -0,802135
-0,365839 3,692528
2,746963 -0,804305
-0,055878 2,867875
-1,189790 -0,242750
-0,059695 3,172297
-0,481906 3,538512
-1,922920 -0,602104
-2,361970 -0,754752
0,442506 3,601460
-2,163256 -0,779729
-1,612475 -0,473269
0,586694 2,481071
0,385356 4,073531
0,099296 2,756768
3,448209 0,800226
-0,662700 -0,860666
-0,608208 4,088582
-2,114823 -0,951574
-0,766727 3,929615
4,551933 0,574075
-1,423921 -0,279464
-1,332557 4,479806
-1,561693 -1,436267
-0,922069 3,579630
-1,540296 -0,797326
5,117287 1,482667
-0,189613 4,635741
-0,928007 4,254537
-0,159088 3,233228
-1,481466 4,685882
3,356382 0,018773
4,084055 0,326113
-1,304581 -1,557124
0,136171 3,727747
3,873110 -0,182794
-2,032642 -0,358023
-0,005030 4,630470
-0,580732 -0,486605
-0,412016 0,189969
-0,378598 3,467444
-1,480820 -0,459149
4,015284 -0,280327
0,770109 2,594360
-1,318713 -0,528075
2,935335 0,306600
-1,401897 -1,208156
3,956426 0,476702
4,961190 0,159779
3,985343 0,692278
5,021289 -0,094870
-0,873782 -0,687042
-1,179728 -0,452188
3,125627 0,662511
-0,647672 3,603263
-2,376153 -0,686416
-2,333605 -0,324461
-0,467855 5,299575
-1,149852 -0,049238
-0,262474 3,680766
-0,492615 -0,511848
-2,885254 -1,234388
0,049901 3,901529
-2,084442 -0,619214
-1,411090 3,554503
-1,893880 -0,219809
3,204589 0,173127
-0,268540 -1,568768
-1,690366 -0,812620
-1,399201 -0,315886
3,835995 -0,388913
0,444078 3,638901
3,177788 1,164919
-1,016000 -1,022287
-2,073496 0,538167
-1,265083 -0,281728
3,165104 0,307864
3,980917 0,378456
-2,424467 -0,485252
-0,109479 3,266901
0,199303 3,264322
-1,247038 3,123829
-2,427166 -1,082138
3,217045 -0,246891
-0,446888 4,207519
3,552903 -0,013560
3,609690 -0,410608
-0,199080 4,638623
4,074327 0,271421
3,324710 -0,515781
4,276200 0,144027
-1,231199 -0,135246
0,855633 3,314809
4,292952 -0,058138
3,746182 0,241018
-2,251811 0,141476
-2,463031 -1,610010
0,632147 3,298818
-0,667018 -1,512356
-0,702864 -0,625466
-1,580401 0,200688
-0,804340 3,290200
2,329843 1,155506
-0,356242 3,804159
-2,041933 -1,391548
-1,229528 3,839732
-0,431830 3,328945
-1,331979 -0,251961
4,030601 0,185506
3,888732 0,483610
-0,403638 3,712873
0,147410 4,579299
-0,628481 0,257695
-1,773888 -0,661930
3,747461 0,936422
4,053334 0,719373
-0,095080 3,937216
-1,853899 -0,874916
4,136088 -0,153858
0,063617 3,343292
4,061176 0,468164
4,561629 0,930767
-1,131110 -1,062569
3,214844 0,479244
-0,630858 -1,088492
-1,061660 -1,005717
-1,340555 0,254737
4,613850 1,111471
3,555169 -0,388488
-0,813713 -0,103473
-1,030415 4,802580
3,109114 -0,469324
-1,167316 4,362511
-1,836356 -1,272383
0,525669 3,589043
-0,761447 3,991547
3,283893 0,304029
0,927850 4,507115
3,640662 0,564971
-1,984945 0,647572
3,146971 0,041035
-1,315300 -0,952918
3,795461 0,515377
-0,139487 4,040517
3,431949 -0,654903
-0,328888 -0,671576
4,619483 0,751689
-1,413512 -0,796207
-0,310731 4,813727
-1,835366 -0,116281
2,802985 0,453252
-1,058596 4,154383
2,940931 -0,138517
3,852105 0,673070
-1,368081 -0,653173
-0,125086 3,997421
3,390253 1,065189
-1,131415 3,598867
-1,175058 4,165092
-0,317264 3,810309
-1,423220 -1,435459
3,191781 0,746959
-1,174505 4,090078
-1,193928 -0,811993
-0,344588 4,201341
-0,299178 3,456549
-0,919244 -0,782502
3,795082 0,353112
3,140987 0,528231
-2,716815 -1,843435
-0,302708 3,357805
-0,825809 -1,252892
-1,696147 -1,130871
-1,256827 -0,321820
-1,057750 4,056575
0,493155 3,076625
-0,216144 4,253998
0,614689 4,746477
-0,409376 3,211870
2,912643 0,053334
-1,423059 0,048768
-0,286907 4,525688
3,691896 0,126037
-0,236263 3,927631
-2,478104 -1,983469
-1,485134 -0,423445
-1,668598 -2,047030
-0,404624 3,754222
-1,364947 -1,178437
-0,029186 4,472366
-2,267314 -0,299950
-1,425853 -1,390791
3,630089 -0,046083
-0,634572 3,867613
-1,359848 -1,844381
3,060357 0,474812
-0,477269 4,041584
-0,364458 4,161940
-1,367207 -0,479312
3,406652 0,007806
2,946251 0,455209
-0,822684 4,290057
2,977349 -0,547116
3,563889 -0,636051
4,613744 0,912203
-2,210383 -1,136146
3,966680 -0,282210
-0,066468 3,161371
-1,390561 -1,219659
3,607626 1,024876
-1,505010 3,636311
-2,015092 -0,405336
-1,132399 -0,692316
0,329171 4,694533
-1,778582 -1,018881
3,404627 0,709632
3,408172 -0,722597
0,522002 4,026212
-2,640550 -1,081947
-1,133647 4,001349
-0,016980 3,858953
-1,492022 -0,812052
-1,521662 -0,778505
0,212690 4,675589
4,314953 0,762197
-1,048243 -0,963529
-0,690180 -0,664597
-1,449477 -0,389969
-0,949675 4,447940
-2,433974 -1,130794
3,593256 0,320763
3,849796 -0,040380
0,943776 4,045027
-0,079232 3,021791
0,068103 4,725446
-1,806866 -0,968678
-0,760184 -1,262603
-1,688931 -0,963255
3,271226 -0,562781
-0,320720 3,199052
-1,708778 -1,001556
-0,161914 4,162041
-0,618130 3,483215
3,388969 1,094370
3,378295 0,841784
3,946701 0,657635
-1,916486 -1,115169
-2,657953 -1,456984
4,236717 0,246589
3,363027 -0,049169
-0,878210 4,694685
4,223525 1,428624
-0,479923 4,667438
4,789814 -0,132699
0,211485 4,228006
-0,941764 -0,371931
3,852192 0,021025
3,491269 1,209292
4,196198 -0,756496
-0,761102 3,420000
-0,998362 4,496696
4,048032 0,301628
0,489422 3,926895
-1,645167 -0,687526
-1,399945 -0,806845
-0,383594 4,850054
2,665638 1,105560
-0,798484 -1,089942
-1,136213 4,078393
-2,314210 -1,396632
-2,224561 0,074861
-0,901162 4,601689
-1,816692 -1,063578
3,591803 -0,284923
4,205166 1,683954
0,914038 3,726005
-1,420267 -0,220759
-0,563708 3,122062
-0,724937 -0,790201
-0,304370 4,304906
-0,130293 2,995611
-1,126879 2,926514
-0,131896 -1,986803
-1,693475 -1,911654
-0,315316 -0,663750
0,040982 4,413050
3,078174 -0,620166
-0,218139 -0,047887
-2,067271 -1,008445
-0,476205 4,510491
-0,766963 -1,117876
-0,300064 -0,919426
3,529129 1,520462
-2,534469 -1,804593
-1,518907 -0,864606
-0,092747 3,526378
-1,525766 0,517253
-1,457374 -0,984652
0,949743 3,778085
-1,551505 -0,634007
-1,484762 3,262771
-1,223452 0,036896
3,655801 -0,082986
-0,916755 3,635533
3,929993 0,616170
0,199431 2,997836
0,041743 4,173956
3,978093 0,912073
0,025163 3,820866
4,185717 0,668032
4,368546 -0,034346
-2,168817 -1,469927
-0,092619 2,923049
-1,496177 -1,062219
-0,689697 3,758029
3,569168 -0,362289
2,564920 1,009228
-1,637629 -0,880701
4,930039 -0,266818
-1,145621 3,841246
-0,285064 4,274189
3,199499 0,436843
-0,670444 -0,694878
-2,484195 -1,146548
3,980264 -0,823605
4,429740 0,754709
-0,504998 -0,739331
-1,477222 -1,494466
-1,145542 3,671516
3,650327 1,298233
-1,404368 -0,898677
4,297962 1,296264
2,796646 -0,106478
4,270538 -0,466642
3,155319 0,767914
-0,243824 -1,367362
0,724381 3,562960
-0,850721 4,399606
3,975650 0,876711
4,259515 0,452814
3,695493 -0,267703
-0,095496 4,452608
3,863402 1,305860
-0,455481 3,917653
-1,772776 -1,800036
-1,742014 0,122680
3,223892 0,776644
4,037011 0,227300
-0,509703 3,344941
-1,582615 -0,874320
0,466751 3,798407
3,323639 -0,779867
-0,651670 3,884366
0,837489 2,784164
3,584529 0,465241
4,773098 -0,152254
-1,529701 -0,034708
0,439339 4,582984
-0,589832 -0,588967
0,184756 4,534662
4,487693 1,324613
-0,662386 -1,019245
-0,008176 3,849183
4,034889 0,629920
-0,906367 4,641029
0,077100 4,052352
-1,567308 -1,700674
3,257287 0,718741
-2,445225 -1,538756
0,324913 4,977447
-0,671822 0,400000
-1,471390 3,529026
3,860469 0,157070
0,644352 4,992700
4,034738 -0,194796
0,527127 3,531837
3,804177 -0,845927
-1,730757 -1,934462
2,778118 0,916048
0,029392 3,483716
2,673173 0,177209
-0,899384 -1,847880
3,485591 0,213243
-1,440827 -1,945413
3,515179 0,089443
2,720089 0,211375
-0,976664 -0,949583
0,429035 2,870303
-1,232734 -0,756132
3,524830 1,285853
-1,292129 3,184897
3,611438 0,177839
4,078435 1,662905
4,186049 0,112198
4,086997 0,469400
-0,550115 4,512001
-1,441156 -0,249030
-1,505240 -0,278683
-1,020030 -1,873387
-1,191188 -0,353001
3,192575 1,790203
3,611142 0,679799
0,935683 4,528667
-2,462540 -1,629874
-1,086399 4,153375
-0,551793 3,210517
4,252215 -0,378302
-2,230010 -1,400958
0,353638 3,670960
-1,054045 3,573802
3,170632 1,571072
-0,679245 3,810701
-0,015158 4,908635
-2,439777 -0,826879
-1,298904 3,919141
4,406484 0,273709
4,132104 -0,338899
-1,691280 -0,034095
3,524830 -0,229468
4,217738 0,694246
0,433977 4,089697
-0,893173 -0,453373
3,888345 -0,256012
-2,118419 -0,177125
-2,383899 -0,947305
-0,417316 3,102483
-2,025025 0,543442
-0,598739 -1,190673
5,229034 -0,093638
-0,988145 3,550986
0,769697 4,233938
-1,047464 -1,807563
-1,605595 -0,536000
0,452061 4,689559
4,488791 0,427657
3,771576 -0,102457
-1,146381 -1,861377
3,359678 0,853938
3,048984 0,565676
-0,220227 -1,313908
-1,141301 2,792135
3,430971 0,592655
-0,982155 -1,020422
4,205273 -0,760836
4,730387 1,127059
-0,642279 -0,852027
0,262619 3,370147
3,198972 1,109415
3,862172 0,373315
3,881445 0,227166
3,698437 0,824846
-0,520358 3,277683
-0,928641 4,683566
-2,147677 0,039066
-1,926702 0,235852
-1,201926 3,286873
-1,232815 4,791288
4,837205 0,364920
-0,501874 -1,893630
-0,568912 3,573534
-1,176442 3,057475
4,966702 1,362102
4,881881 -0,040579
3,410484 -0,081405
-0,454783 2,958678
-1,915098 -2,172315
3,356557 1,362699
-0,237026 4,296528
-1,755938 -0,451177
1,017687 3,770477
-0,247937 3,872482
-1,819087 -1,422439
-1,413692 -1,505445
-1,306815 4,122380
-1,368312 -1,150283
4,557911 1,537070
0,110338 3,161939
0,118905 2,996308
-1,345285 -0,504994
-1,960830 0,502185
0,345681 3,330355
-1,410268 -0,817373
-1,195501 3,379132
-1,050850 3,161061
-2,143212 -0,390171
-0,426027 3,563740
-1,300225 -1,561912
-0,391624 -1,946795
-1,896559 -0,188286
4,469760 1,439879
-0,576301 -1,412300
-0,738215 4,208432
3,916529 -0,284143
-0,652741 3,433226
3,703441 -0,409508
-0,823834 4,725904
3,327647 0,498767
-1,341229 -0,401282
-2,021948 -0,782085
3,472043 -0,333549
4,187331 0,335710
-1,467433 -0,930649
-0,793596 0,029648
5,024669 -0,121480
-2,687523 -0,560339
-0,024746 3,662255
0,510240 3,797278
-1,141606 2,424550
0,200965 3,139593
3,705002 0,866190
4,118912 0,514080
3,452506 0,468838
-0,120753 2,479741
-1,436368 -1,229559
-1,016234 4,655434
3,383975 0,587474
2,893969 0,808658
2,721176 0,455553
-0,216914 4,073276
3,283472 1,572925
-1,023309 -1,428229
3,918864 -0,692999
-1,468446 3,148420
0,339418 5,086709
-0,397205 4,823583
-0,369987 3,982832
-1,364066 -0,755635
3,280890 1,320116
3,889821 0,426225
-1,498052 -0,815561
4,447131 1,423476
-1,058979 3,955039
4,714611 0,050621
2,767875 -0,040075
4,062252 0,407601
-0,429175 2,534809
0,732337 4,047919
-1,275170 4,103545
0,252316 4,498700
3,295112 -0,497839
-1,297724 -1,877219
4,052210 1,347778
3,728514 0,470811
3,321881 0,404890
3,651277 0,486956
3,307688 1,166241
-1,262426 -0,949507
-1,518386 -0,211643
-0,652526 4,360298
-1,584790 -0,437600
-1,248964 0,370659
5,081914 0,026377
-1,086489 -0,541606
-0,390082 4,410011
2,768652 0,413063
4,041522 0,268551
-1,849687 0,114645
-0,929932 4,687659
-0,464349 4,173697
0,229367 4,264866
-0,685766 4,662530
3,032586 0,162892
4,647500 -0,200671
-1,577446 0,079401
4,414307 -0,781151
0,604297 3,462581
3,620655 1,203229
-0,628869 3,306745
-0,935643 4,093741
-1,362808 3,451345
-2,816440 -1,015065
-0,715486 3,144603
3,317191 -0,471901
-0,703407 -0,724498
2,941531 0,385109
-1,052543 -0,725351
3,936766 0,215817
3,190529 -0,365574
3,419071 0,490475
3,108227 1,094765
-0,631768 -0,277529
0,409721 3,002156
-0,422325 3,368712
-1,982726 -1,513088
0,017694 3,483145
-1,506498 -0,751473
-1,292723 4,722817
-0,806252 -1,446566
0,699604 3,755248
4,032789 0,447183
-0,467658 3,636237
-0,263573 3,242041
-1,409352 -0,393238
-1,594028 2,922720
-2,237446 -0,115491
-0,739689 3,709569
3,268196 0,358954
2,724298 -0,124941
3,267426 0,998873
3,871364 0,039428
-1,350492 -1,035415
0,837810 3,008181
3,497742 0,469253
3,639583 0,021180
3,216701 0,325906
4,172856 1,103534
3,624423 0,320068
-1,807086 -0,419335
0,072057 3,286209
-1,011652 2,701465
5,114024 0,358992
-0,713889 -0,464322
-1,277296 -1,080015
-1,945266 -1,352816
-0,504836 3,865607
-0,776493 3,225660
3,124344 -0,318530
-0,775367 4,178042
3,487252 0,268469
-0,668365 3,479342
-2,112639 -1,243288
-1,551106 -1,790373
-1,904763 -0,839692
-0,010078 4,743053
-1,059674 -1,146386
-1,654072 0,240255
2,760288 -0,834653
-0,436591 -1,519560
-1,984627 -0,731468
-2,447976 -0,350036
-1,222747 -0,160401
4,065420 0,181858
-0,287324 3,918008
-0,198089 3,127545
3,392391 0,044886
3,277112 0,095334
-0,032916 3,641855
0,734419 3,103871
-2,487617 -0,371727
4,250717 0,428472
-0,711163 3,325200
4,085012 1,150108
-1,444378 -0,132291
3,858325 0,656469
-1,287385 4,338476
-1,603719 -0,952443
-0,843298 4,838055
4,246939 0,949653
2,785003 0,816661
-1,944953 -0,429866
-1,550901 4,629217
3,739274 0,750394
-1,359672 0,533933
-0,410697 4,791833
4,934760 0,188770
3,561708 -0,314959
-1,498447 -1,374024
0,056415 3,896630
-2,786062 -0,753673
4,671003 0,354902
-0,418439 2,954141
-0,532048 3,612716
-0,552931 4,018481
4,011369 -0,174677
4,250169 0,011698
-0,914768 5,014812
-0,946370 3,662644
3,570928 -0,088909
3,589213 0,230022
-0,746574 3,177467
0,579603 4,125736
-1,002095 4,976061
3,922531 1,291349
0,420260 3,964239
-1,403715 -0,086663
2,878271 0,240713
4,208451 0,284457
-1,958023 -0,836245
-1,675633 -0,914820
-1,465264 2,458492
3,058169 -0,384689
-0,238841 -1,005935
4,296295 -0,567506
2,629084 -0,473710
0,280642 2,790924
4,288042 -0,520060
3,946827 0,554173
3,971863 -0,105879
-0,875463 -0,947470
3,457984 -0,115209
-0,665773 -0,924013
-0,993379 3,656339
-1,947475 -1,581822
3,889758 0,031903
4,114659 0,512092
-1,449617 -2,155326
2,984298 -0,511437
-1,421851 -1,571260
2,715629 -0,656445
4,596571 0,079835
-0,238852 4,296696
-2,258947 -0,788082
-2,206372 -0,653971
-1,407615 3,039081
4,282255 0,757070
0,433375 3,866569
3,865111 0,420511
3,238692 0,603082
-1,723754 -1,222876
3,829682 -0,099612
-1,542161 -0,277735
3,208247 0,320659
-2,786798 -1,456094
0,089526 3,754259
-2,506286 -0,417631
3,375195 -0,068210
-2,005185 -0,267913
-0,363951 4,173711
-0,404214 0,422941
-2,268689 -0,482888
-1,264680 -0,960125
3,472497 -0,384428
-0,283513 3,502081
-0,331074 -0,414332
-0,861366 2,833395
-1,066647 -1,494752
3,908179 -0,311394
0,029886 3,257099
-1,507727 -0,922075
4,051658 -0,523968
3,998235 -0,330259
0,321910 4,014891
-0,420725 4,189859
3,528812 0,957971
-1,932277 0,341367
-0,326182 2,730860
3,309630 0,090504
-1,667621 -1,515972
-0,001091 3,922077
3,892304 0,522769
3,322020 0,901211
4,468846 -0,702776
0,849343 4,441813
-0,161984 3,281823
3,569030 -0,360216
4,089265 -0,047424
-0,028876 4,867494
3,954114 -0,318844
3,639585 -0,406504
2,942951 -0,487835
3,452137 1,603930
3,342447 0,401461
-0,990495 4,299661
-1,647156 3,674378
0,091512 5,250401
3,299242 -0,874520
0,844855 4,339713
3,851659 1,776174
3,745887 1,081198
-0,288781 3,639741
-1,308565 -0,929168
2,681134 0,581589
3,527998 0,862483
3,095546 0,553080
-2,758006 -2,142661
-0,531799 0,006136
3,307320 1,199324
-1,867443 -0,591468
4,161072 -0,252841
-1,382264 3,694194
-1,703876 3,767806
-1,174719 -0,183687
-1,810653 -0,827930
4,018493 0,730982
-1,042352 4,959647
3,975859 1,435317
-0,857517 -1,762907
-1,539503 -0,235337
4,155119 1,200286
3,731368 -0,259790
-1,397204 -0,694785
4,315512 0,661568
3,968408 -0,630031
0,033058 3,178525
-0,758711 2,429208
-0,770353 4,136612
-0,588847 2,791070
-0,348863 4,423037
3,812370 0,536607
4,290527 0,415303
-2,147272 -0,186553
4,282383 0,439907
-0,552956 2,398326
-0,816077 -0,713969
-0,543347 2,951570
-0,113579 4,331536
3,411722 1,569150
-1,291968 -0,918869
-2,225122 -0,878041
3,587033 0,926812
-0,766996 -0,181743
-1,227309 0,075555
-1,197556 0,027432
3,856619 0,358669
-1,544207 -0,998252
3,127059 0,079420
3,298215 0,832094
3,645109 0,224967
3,727748 0,419492
4,195420 1,772185
-1,221343 4,008980
-2,029988 0,084607
-1,171813 -1,667804
-0,426975 4,036532
3,806452 1,151754
-0,851322 0,507956
-1,258632 3,421450
-0,702135 -1,272014
0,371995 3,927487
3,559133 0,385284
-1,649728 -1,689214
-0,908178 3,874190
-0,142517 3,681163
0,302268 4,262116
-2,776406 -0,166301
3,688838 1,265501
3,898628 0,088921
-0,239155 4,089414
0,462465 4,390638
-0,160095 3,591782
-0,527293 2,935225
-1,763206 -1,349809
4,691592 0,336190
4,528238 0,718953
-0,943126 -0,450097
-0,882934 4,069602
-0,396399 -1,064243
4,947108 0,679604
-1,925653 -1,093112
-1,744279 -1,293532
-0,866176 -0,307643
3,364437 -0,403140
-1,376365 -0,991782
0,086317 3,927875
-0,246070 4,371351
4,658674 1,590938
-0,026017 3,829751
-1,935177 -1,755496
3,022135 0,174879
0,877472 4,284069
4,519273 1,265004
0,733156 4,182899
-0,901554 4,600849
0,067418 3,241133
3,681097 -0,190895
3,953187 0,504992
-1,286608 -0,480470
2,717999 0,228429
3,301468 1,568999
-2,293630 -0,860308
3,066250 1,117736
4,094843 0,418158
3,717678 0,627461
3,394262 0,351527
-1,940172 0,352557
3,820047 1,191535
-1,454550 -0,880858
-1,475183 0,248494
4,310196 0,171907
0,379336 4,401196
3,721730 0,557981
-0,637390 3,551459
-0,913021 4,103708
-2,226540 -1,040488
4,055997 0,042121
-1,026279 4,743821
2,716943 1,285168
3,422781 0,089411
-1,100958 4,079865
4,010733 -0,268351
-1,737023 -0,144011
0,366822 4,730751
4,590585 0,840842
4,107527 -0,044193
-0,576786 2,746503
4,364112 0,484479
-2,234014 -0,072948
3,398374 0,091016
-0,244116 -1,053707
2,910254 -0,320440
-0,540967 3,225956
3,798551 0,725165
-0,665569 3,441264
-1,068528 -0,616601
-1,446653 -0,638901
4,878599 0,448777
-0,800238 4,697734
-0,985461 4,071433
-2,491158 -0,746997
-2,234680 -1,741594
3,755949 -0,365793
-0,264627 4,063417
-1,995405 -1,094128
-0,123437 3,299681
4,332121 0,223609
3,550028 1,000277
-1,559469 -1,122649
0,601864 3,407029
-0,231943 4,624230
3,646679 0,460922
2,985518 0,687109
-2,397751 -1,043629
-2,041233 -0,005926
3,353001 0,095706
-1,495289 -0,318138
-1,318103 -1,259508
-0,819485 2,973436
2,679621 -0,781808
-1,364345 -0,805121
3,614727 0,202205
-1,086553 -1,253478
-0,987568 -1,615915
2,737116 0,648617
-2,470679 -0,343689
-0,676238 -0,263124
-0,192638 0,247437
4,579204 -0,372274
-2,129579 -0,928065
-0,723073 3,338282
3,189573 -0,595897
-0,244027 3,733733
-0,697251 -0,612664
0,459993 2,973995
-0,541901 4,003247
4,331503 1,515470
3,601928 0,204652
4,497202 -0,202985
0,035304 3,585715
-0,690859 4,060612
-1,973344 -1,450146
4,300602 0,975224
-1,436938 -1,078927
-1,118387 3,769744
-1,149689 3,370430
-2,773719 -0,762034
-1,943666 -0,474293
-1,868150 0,198123
-0,150454 -1,228980
-0,607068 4,737550
-0,407861 4,593739
-0,845830 4,286324
-1,713281 -0,529669
-0,337617 3,595082
-0,261031 4,838927
-0,627833 -2,066070
-1,994239 -0,234785
4,641186 0,987005
3,598954 0,941579
0,371519 4,964187
-1,065147 -0,715692
-0,223742 3,842551
-0,896345 -1,395612
-0,279260 3,157661
-2,446660 -0,737562
0,168325 3,403816
-1,173825 -0,527045
-1,597334 -0,154783
0,024527 3,436827
0,614072 3,014189
3,455086 0,348565
3,920925 0,175497
-0,773066 4,319316
0,121971 3,647250
3,413735 0,420697
3,827594 0,000998
-2,102999 -0,894491
-1,875735 -0,908463
0,769037 4,433201
-0,035775 3,410947
0,593561 3,147321
-0,153341 -1,243024
-0,920322 -0,530760
-1,304679 -0,333771
2,943854 0,537530
3,690330 0,153530
3,805287 0,913153
-0,252205 -0,123985
4,152505 0,066522
-1,942367 0,287222
2,845471 0,031669
0,256356 4,554759
4,118795 0,298162
-0,552188 4,630672
0,720060 2,552804
-1,939172 -0,273110
3,802330 -0,046363
4,577405 -0,088990
-0,288263 3,143419
-1,064057 -0,712927
3,716172 1,328074
4,205952 -0,769361
0,507767 4,271243
3,472181 0,325956
3,651569 -0,143347
-1,197884 0,265252
-0,773260 -1,050790
2,990850 0,382706
-0,358153 4,797551
0,212737 3,967652
4,149640 0,370594
-1,340076 2,769820
3,936191 -0,912947
3,341668 0,098136
-0,349171 4,765304
-1,596291 -0,967674
0,253723 3,650763
4,450775 -0,346239
0,642918 4,482206
0,367149 2,535384
3,362887 0,934799
-0,669732 -0,911935
-1,077987 -0,878690
0,087346 3,653960
-1,728744 3,731610
-0,851767 4,102621
3,904935 -0,178706
-0,786101 3,615177
4,350018 -0,616513
-1,745305 -0,509528
2,732389 0,285438
-1,364347 -1,188021
4,274634 0,415553
-2,045756 -1,809033
3,399060 0,617187
-0,762532 -1,045207
-1,868308 -0,221267
3,458682 1,005287
-2,046592 -1,287195
4,977449 -0,390798
-1,172467 -0,222582
-1,091973 -1,401541
-0,034405 3,473471
-1,249570 -0,992712
-1,418892 -0,910973
-2,288457 -0,779502
0,260944 4,479625
-1,351100 -1,537785
3,666531 1,255119
-0,571326 4,502833
-1,984859 -1,241697
4,687161 0,668847
-0,894232 -1,415292
-1,409207 -0,923152
-0,326611 4,912893
3,682670 -0,510403
-1,913996 -0,971639
-0,632343 3,204930
3,850905 0,333126
-2,479014 -1,393322
2,434937 0,494844
0,257083 4,359132
-0,944889 -0,733096
-0,311190 -1,135002
-0,733263 3,070845
3,011229 1,730484
-0,539253 4,172508
4,903553 0,046628
-0,232591 4,452298
-0,093523 3,610060
4,498392 1,047548
4,117454 -0,064484
-1,587946 -0,627749
-1,561627 -0,628895
-1,975434 -0,351876
-0,299361 4,461282
-0,265879 -0,793659
-2,232967 0,047498
0,248081 4,007422
-0,946414 -1,795587
-1,752561 -1,801919
-2,877082 -0,352969
-1,939781 0,038246
3,177820 0,361512
-1,445846 -0,637715
-2,311515 -0,264467
2,783754 0,497224
-0,339162 -1,294031
-1,768486 -0,131693
-1,829647 0,285498
4,269050 -0,543226
4,535266 0,115343
-1,091664 4,824777
-0,915505 -0,270605
-1,105031 4,344015
4,024057 1,168978
-2,503513 -0,323031
3,497872 0,301425
-2,502000 -1,936932
-1,416896 3,270422
3,833017 0,286243
-1,218660 -1,366798
-1,499563 -0,614524
-0,111586 5,241567
-2,514082 0,659751
4,953372 0,685012
-2,273024 -2,005939
3,984657 0,221519
-0,257678 3,089628
0,100218 4,643269
-1,512911 -0,693227
3,411298 0,748993
-0,661059 3,829430
4,180150 -0,349947
-1,137576 3,953193
-1,661129 -0,689986
3,414230 1,444109
-1,804231 0,155102
-0,365832 4,250298
-1,501776 -0,725663
-2,509811 -1,054735
-1,510218 -0,640767
-1,706998 -0,825937
-1,202197 -1,084004
3,589458 0,715829
4,137835 0,702044
-0,348687 -1,305754
-0,425488 -1,561038
-0,721938 -0,166576
-0,748855 4,092245
4,193400 -0,956491
-0,679053 3,835084
-0,748134 3,217058
4,604369 0,122292
-1,416570 -0,073655
3,746978 0,458993
-0,769909 0,257643
-1,206858 -1,160662
0,133923 4,374937
-1,535808 -0,769522
-0,490132 3,587641
-1,161051 -1,604823
4,078932 -0,590908
-1,780838 -0,814853
-0,764368 0,586001
0,199255 4,415115
-0,451647 3,574618
-0,251685 4,176566
-1,588389 -0,046249
3,762484 0,556232
4,396746 0,208310
-1,377357 0,257522
-1,573816 -1,469180
4,292856 -0,934792
3,616782 0,159075
0,034013 4,299602
-0,238112 3,710595
-1,600006 -0,904815
-0,930108 -1,169595
-0,671497 3,508648
-0,048771 3,863679
-0,793473 -1,368314
-0,299794 3,101918
-0,055221 3,601037
4,464420 0,249259
4,945642 -1,035731
-0,706045 4,158360
0,174947 4,273516
3,755647 1,201695
-1,182589 4,643257
-0,546981 4,273556
-0,561206 4,136937
-0,793756 -1,578329
-2,342608 -1,990065
-0,239096 3,243103
3,829310 1,219760
4,076733 0,114322
-0,200760 3,769214
2,681874 -0,346415
-0,546987 3,941058
4,047041 -0,546496
4,108740 -0,204612
-1,013795 0,240493
-1,159191 -0,597500
-2,078529 0,371948
4,979247 1,624682
-1,657435 4,554070
-0,720071 3,869707
3,448265 -0,397976
-1,023862 -1,456283
4,042206 -0,377611
-0,513396 -0,048933
2,809281 0,116998
-1,707833 -0,340256
-0,686885 0,180295
3,324783 1,320198
-1,443077 -0,444816
0,405825 2,852437
-1,707506 -0,923659
3,450091 -0,951026
2,775040 1,396672
4,584067 1,020613
0,242592 3,280759
-0,327591 3,797744
2,931369 0,068928
-1,263656 -1,197541
3,195500 0,818074
0,011839 2,654562
-1,355869 3,758616
-1,444109 -1,248017
-0,695811 -0,050211
-0,946529 3,089196
0,134072 3,837799
-1,784244 -0,834975
4,056127 1,257205
3,613890 1,616494
-2,042288 -1,100958
3,573522 1,051018
-1,609536 -2,212768
2,826725 0,261750
-1,234356 -1,178836
-0,822588 3,464501
-0,648047 -1,324174
-0,597770 -0,994233
-0,437855 4,856650
-1,329311 -0,115651
3,038316 0,772279
-0,921941 -0,240549
-0,497563 3,667959
-1,392829 -0,615805
4,067064 0,316050
4,403823 -0,322714
4,115718 0,943908
-0,109075 -0,892072
-0,361937 -1,125444
-1,081881 -1,345198
3,825866 -0,021187
-0,229937 4,402928
-1,742348 -0,827051
-2,579799 -0,828681
-1,097132 2,550823
-2,884000 -0,523546
3,886820 0,047574
3,529802 0,671748
-0,578850 3,401984
-1,146944 -1,340750
3,768852 0,048709
3,863310 0,939316
4,967003 0,625735
-1,059766 0,056367
-0,727622 4,110422
-2,718040 -0,372131
-0,414540 3,878351
-0,420668 3,987510
3,549237 -0,180163
-0,809202 3,218796
-0,652265 -1,360650
-0,983063 4,593977
-1,959031 -0,960391
3,321485 0,612882
3,509465 -0,637770
-0,036269 3,578871
-1,026522 3,841996
-0,603613 0,454903
3,480933 -0,074074
3,886539 0,365988
-0,508136 -0,500071
-0,289321 -1,923467
-1,391210 -0,498270
3,369742 -0,030634
3,093465 -0,237121
3,582685 0,438518
-1,557120 -0,798181
-0,132779 -0,529046
3,241232 -1,098898
-1,244461 3,699431
4,975443 1,268724
3,043334 0,277690
0,824658 4,317269
3,237530 0,068901
-1,202202 3,816413
4,375588 0,444917
3,365144 1,369297
3,727924 -0,539963
-0,854927 -0,056144
-0,560023 -0,693775
-1,894195 0,530675
-2,035354 -0,615637
-2,446032 -1,425931
3,445221 0,451752
4,154377 1,031932
-2,195267 -1,997795
-0,627416 -1,423610
5,177462 -0,438583
-0,410126 -0,991606
-1,888845 -1,001729
-0,057526 -1,822072
-0,717879 4,238686
-2,007533 -0,449574
3,390902 0,093673
0,204922 3,892148
-0,762778 3,583000
-0,874488 3,538261
-0,085544 4,640388
-0,222221 4,629106
-1,292963 4,367722
3,920918 0,466796
-1,561097 -1,586065
-0,789905 -0,918477
-0,241179 4,721303
3,730625 0,667934
3,468686 -0,923748
3,798296 -0,779213
-0,004556 3,655013
-1,558197 -0,071151
-0,280818 4,545671
3,829466 -0,178127
-1,614799 -1,559712
3,789314 1,597182
-1,222399 -1,683934
-0,287297 3,935428
-2,766646 -0,013432
3,769561 -0,134823
-2,600369 -0,042528
-2,689054 -0,616958
-0,470647 4,412553
4,933360 0,530595
3,547875 0,323002
-0,710014 4,288723
2,880104 -0,384813
-1,369459 -1,074983
0,161077 4,336056
-1,389479 -1,066317
-0,320125 -0,474095
-0,450645 3,196836
-1,381621 -1,981405
3,114575 1,418958
3,329654 0,801917
3,250957 -0,397783
-2,570646 0,075623
-1,422344 -1,452410
-0,642819 3,763722
-2,420232 -0,939729
3,853169 0,834784
-1,648006 3,945734
-0,426206 2,638377
4,939033 1,081864
-1,372047 -0,508493
3,905165 0,211330
-1,185067 -1,144143
-0,568759 4,498270
-0,672332 3,876887
-0,133833 3,382125
-0,375974 -1,421306
-1,210220 0,466281
3,124545 -0,631425
-1,388485 -1,623947
-1,006863 2,721825
-0,265123 2,736591
-1,752579 -1,025957
-1,342344 -0,809790
-0,209722 3,780512
-0,257019 3,474419
-1,682638 4,863707
-0,807673 3,960744
-1,529168 -0,683939
-0,787301 4,787927
-1,017946 -1,185043
-1,713565 -0,831182
4,039249 1,155858
-0,635667 -0,573137
2,895177 0,927966
-0,884294 4,269317
-2,253776 -1,786363
-1,300204 -0,603908
-2,699201 0,195305
4,105094 0,305270
3,643266 1,743008
-1,054929 4,185849
3,736730 0,498064
-0,219540 4,066789
-0,427318 -0,715585
-1,265955 3,669856
4,423634 0,464149
-0,767370 -0,197477
-1,443350 4,215526
4,163246 -0,528926
3,026102 1,225746
0,070841 2,781319
-0,473925 3,215006
-0,328263 4,014632
2,701055 -0,353868
3,389224 -0,200567
3,667009 0,213360
-1,768075 -0,267285
0,275239 4,922838
4,386927 0,276678
3,203827 0,598014
2,932514 -0,069641
-0,574722 3,052438
-2,618814 -0,691083
0,105506 3,741141
-2,124043 -0,264723
2,717064 0,822408
-0,247643 -0,926125
3,905349 1,609856
3,952552 1,170221
4,610317 0,527185
-0,159297 -1,149743
-1,492328 0,521196
-0,671630 2,582123
2,995981 1,307495
4,045067 1,042386
-1,003801 4,823475
-1,841729 -0,973260
-1,134200 3,709889
4,518759 0,488030
-2,191053 -0,939126
-2,438551 -1,466581
-1,308024 4,878879
3,764937 0,651902
3,312434 -0,926563
0,018738 4,125388
-2,193785 -0,797665
-1,255601 -0,388828
-0,568655 3,286914
-1,497356 -1,415738
-1,309522 -0,217577
4,681716 -0,224816
-1,341514 -2,258233
3,637076 1,222463
-0,314031 3,769970
3,166836 0,299065
-0,843749 -0,626165
-0,615996 4,157026
-0,930458 3,595261
3,051967 0,561180
-0,313958 4,474002
-2,560809 -1,544556
-1,072107 -1,719165
-0,193165 3,437316
-0,625357 3,123194
-0,900379 -0,863719
3,197526 0,510817
-1,248324 4,480192
-1,437165 -0,855366
-0,386989 3,155017
-0,304178 -0,830346
4,350010 0,245979
-2,473531 -0,458690
3,458883 -0,233890
-0,613392 2,838102
-1,308039 0,105619
-1,552817 -1,016884
3,643793 -0,009290
3,331649 -0,478899
4,225824 -1,017088
3,941895 0,570879
-1,876388 -1,205104
-0,858973 3,142489
0,476078 4,765063
-1,041095 -1,730702
-0,233549 3,907412
-0,484708 3,677752
4,137113 0,364643
-1,925756 -0,909474
0,160355 3,902258
-0,651244 0,231440
0,377579 3,274763
-1,062587 -1,727331
-0,657016 -0,843246
-0,924821 -1,842547
-1,574775 -0,219941
-0,098250 3,533934
-1,060518 4,095271
3,709411 0,329054
-0,741723 -1,897479
0,433667 3,661343
3,222044 0,699704
-2,158916 0,431767
4,500036 -0,098114
0,398510 4,309558
2,752477 -0,196529
-0,502661 -0,530680
-0,340136 3,842948
-2,466414 -1,765631
-0,271624 3,051395
-1,523957 -1,214523
-0,158416 -1,417362
-1,259219 -1,035776
-0,819951 4,110080
-1,394762 -0,740151
-0,317687 -0,663405
3,876303 0,632394
-1,765613 -0,590967
0,016119 4,742191
-2,314167 -0,443913
3,411029 0,504486
-0,018741 5,009570
3,560404 -0,044511
-2,027293 -0,781898
3,873182 -0,688581
3,360483 1,133638
-0,671182 -1,449478
-1,570913 -0,758826
3,806647 0,098657
4,913118 0,804804
0,554416 2,943670
-0,816732 -0,408866
0,165890 3,592920
4,099375 0,141837
0,358782 2,792883
3,060215 0,308668
3,925102 0,777301
-2,650015 0,145517
4,598630 1,256840
0,197321 3,887764
3,742649 0,198661
5,065501 0,661917
-2,333704 0,243845
4,845468 1,084199
3,485512 1,137835
-0,094453 -1,050354
4,543525 1,713337
-1,079357 -0,887707
-0,238372 3,155174
3,915572 -0,113620
3,860224 0,310641
-0,688032 -0,344843
-1,032461 3,852363
-0,791501 3,105835
-1,600193 0,461665
-0,423132 3,229660
-2,084971 0,133568
0,090913 3,233220
-0,717639 3,816302
2,838253 0,312753
0,040288 4,075549
4,091198 0,355825
-0,302004 3,666497
3,975665 0,744931
4,188985 0,938263
3,709415 0,336264
-1,852852 -1,274305
-0,352524 3,206235
-1,575906 -0,710861
3,563656 0,336098
-0,601652 -0,389089
4,115068 0,785707
3,900112 0,017556
2,584116 1,110501
4,047077 0,156444
3,776048 1,206626
4,347712 0,920736
4,776503 0,327907
3,349552 -0,338858
-0,559348 3,574710
4,751614 0,666590
-1,709631 3,654327
0,264879 4,179072
0,142748 3,914719
2,732702 0,453816
-0,522683 -1,609879
3,492692 0,601909
4,206312 -0,641137
-0,887789 4,594187
2,640977 0,645008
3,648307 -0,602259
-1,949138 -1,604750
3,986763 0,830400
4,879448 0,432195
-0,714796 3,063003
-0,539397 3,776357
-0,902559 0,199775
3,632684 1,169685
-1,702370 -0,480395
-0,456290 3,973741
-0,720283 3,739444
-1,186183 -0,447313
-0,492526 4,799100
-0,843112 4,413427
-1,223401 -0,707906
3,847365 0,311045
0,716848 3,499840
-0,526725 -1,109977
-1,333198 -0,717051
-0,227680 3,060093
-0,122893 3,994345
-2,080936 -0,302948
3,887813 -0,371501
5,177478 0,193812
-0,757173 4,147578
-0,183853 4,035070
-0,911855 -2,046294
3,125833 -0,451355
0,790297 4,214585
-0,574134 3,855839
-1,084559 3,535910
-0,881726 4,452183
-0,426255 3,328291
3,429330 0,503696
-2,078167 -0,671658
3,543022 0,211013
-0,024507 3,786376
2,827997 0,075834
4,625492 0,670966
-1,327742 -0,349735
-0,992775 0,044302
-1,357113 -0,403900
-1,004185 2,580081
-1,416766 -0,739520
1,020895 4,871947
-0,352072 3,669621
0,538231 4,478616
-1,499226 -0,036390
-1,109594 4,639033
0,253501 4,527911
0,086191 4,062450
-1,318015 -0,288388
0,524626 4,582677
-1,606016 3,453076
-0,487958 -1,666949
4,907768 -0,259291
-1,465520 0,212619
-0,578318 4,922782
3,883041 -0,958179
-0,204109 3,999416
3,707243 0,471124
-0,872078 -0,584333
-1,704377 -0,132500
3,017437 0,238774
0,073181 3,697085
-0,481473 -1,287809
-2,451731 -1,029516
3,528260 0,820524
4,381446 1,200101
-1,856462 -1,726291
-1,517014 -0,247552
-1,621003 -0,153461
-0,823069 4,184890
-0,232473 3,340335
-1,342237 -0,494442
-0,889743 3,913669
-1,589089 -0,276849
0,033476 4,196927
-0,229961 -0,228982
2,986880 -0,930812
-0,896661 3,396550
0,809394 3,791216
4,768123 0,626433
-2,186403 -1,420893
4,137998 1,093996
-0,034401 4,072913
-1,579045 3,619574
2,730832 0,937158
-2,098945 -0,617200
4,124943 0,489035
-1,192073 4,123374
-0,409661 3,846879
-1,198188 -0,027573
3,691676 0,783356
-2,246118 -0,822562
-0,610089 -0,073490
4,621166 -0,126237
3,096159 -0,069076
2,685417 1,270478
-0,948582 3,854585
-0,110242 5,144499
3,678853 0,079505
4,873854 0,903646
-0,559877 3,258672
3,876086 -0,697175
-0,990322 3,892776
-1,505453 -0,920894
-1,517768 3,100192
-1,839770 0,021909
-0,851250 -1,363513
-0,330935 3,886011
3,976364 0,120841
3,512490 -0,203802
3,497733 0,226753
4,762607 0,462173
3,024749 -0,135187
-0,544672 -0,293175
3,086696 -0,361406
4,604661 0,282397
-1,700403 -1,099722
-2,347140 -1,117171
0,044453 3,609602
2,787910 0,195930
0,004688 4,155762
-0,855528 -1,325485
-0,395482 2,830417
0,667000 3,395024
-0,289336 3,916490
-0,379957 -0,690652
-1,862891 -1,748445
-1,187255 -1,429954
3,579552 -0,702922
-0,127496 4,601443
1,092214 2,413493
-0,059732 3,363385
0,114507 3,884751
3,894323 1,323871
3,602589 1,382208
3,740609 1,503530
-1,044869 4,377662
-1,287394 0,020421
-1,240349 -0,846480
0,577777 4,824292
-1,575740 -0,554001
-1,559420 -0,337478
-0,590195 3,932898
-1,574093 -0,018079
3,617799 -0,292013
0,052827 3,055927
-0,487002 -0,445646
2,940652 0,053926
2,929444 0,204930
3,977162 0,734557
-2,185261 -1,144534
-1,426030 3,830572
4,951335 1,076774
-1,465580 3,815204
3,718199 -0,027141
-1,285819 -0,664285
-0,531847 2,723194
-1,371842 4,834467
-1,170281 -1,684763
-1,089589 4,505869
4,130186 0,638235
0,344567 4,714509
-1,589410 -1,049100
0,779054 4,979996
0,242412 4,384204
-1,276968 -0,935621
-2,596071 -1,274550
-0,110485 3,968775
-0,462661 -1,351794
-0,598401 4,539202
-2,252086 -2,137494
3,590576 0,528501
0,226663 3,208647
-0,666075 4,303965
3,536518 0,459888
-2,149101 -0,006914
-2,258141 -1,348288
-0,618973 -0,573056
-0,761369 4,525100
3,646495 -0,877557
-1,356334 -0,588286
-0,010415 3,854707
3,648068 0,580285
-1,477712 -0,737253
0,275498 4,455888
-1,435600 -1,598461
-1,560255 -1,427019
-0,918768 -0,731192
0,048082 4,132307
-0,676923 4,578210
-1,313066 -0,823802
0,629371 4,757100
-1,570127 -0,709220
-0,776241 4,954511
-0,424210 4,233522
-1,410151 3,290146
3,678352 1,562241
-1,833721 0,199233
5,165874 1,001611
3,760918 0,622916
-1,249271 4,114047
-0,328202 5,240431
-0,825145 -0,977885
-1,663191 -0,649094
-1,436776 -0,914913
-0,271476 3,847187
-1,186966 -0,761119
-1,030969 -2,247727
-0,245982 4,676332
3,602688 0,214065
-1,118483 -1,274953
4,536490 -0,339232
-2,294654 -0,341808
4,094548 0,942090
0,447245 5,000378
3,160722 0,321152
-1,677862 3,189543
-1,151584 -1,068280
4,201903 0,768193
3,447880 -0,286704
-0,445630 4,629714
1,073666 4,733589
3,789222 0,274049
3,770581 0,032677
3,641424 -0,918725
3,896874 -0,275801
-0,984550 4,066343
-0,114680 4,760605
3,630191 0,980210
-1,351411 0,376025
4,306383 0,381488
-0,652233 0,434108
5,249584 0,623002
-1,441282 -0,879715
2,909538 -0,330123
4,203412 0,613528
-2,369651 -0,795272
-1,315369 -0,319816
3,666939 0,384114
-0,838087 -1,590706
3,358714 0,604471
-1,764238 -1,290880
-0,724554 3,602941
-2,917772 -0,645903
-0,987424 4,297486
-2,156809 -0,798207
-1,619121 -1,552671
-0,148318 2,828058
2,975336 0,058545
-0,493978 4,404755
-0,135203 3,641583
-0,281290 3,564102
0,658952 5,023872
4,956088 0,519383
-1,799374 -0,987594
-1,510473 0,141946
3,144229 0,679554
-2,447802 0,001205
-0,714630 4,422580
-1,717414 -0,468675
-0,174541 -0,878438
-1,373960 -1,311030
-1,621579 -1,545752
-0,521421 4,712157
-0,947176 -0,512298
-0,690030 3,742685
-1,994771 -0,914696
-1,635650 -0,800833
4,245838 0,142894
-1,149096 4,614158
-1,521683 3,941927
4,265259 0,666908
-0,287031 4,053480
-1,521105 -1,673830
0,270923 3,823022
3,783384 -0,789251
2,430703 0,113381
-2,348115 -0,702264
-0,793232 3,599900
4,636455 1,522790
0,413320 3,073814
-1,004028 -1,075699
3,700545 -0,514235
-1,917296 0,192130
3,026744 0,258438
0,334520 4,498934
-1,279737 3,406293
-0,285024 -1,541786
2,910134 0,517899
3,990100 0,421141
-1,259599 3,277277
2,880827 0,333157
4,504040 0,228345
-0,717368 -1,762857
-2,497824 0,277416
3,728072 0,875416
0,181987 3,559883
-0,566145 -1,598957
5,030781 0,208189
0,340103 3,749962
-1,325959 -0,767983
-1,434441 0,234726
-0,021098 3,115711
-2,570995 -1,775539
4,599914 -0,309325
3,263459 0,150804
2,765193 0,805503
-0,961327 3,885892
-1,333826 -0,342271
0,744844 3,173044
3,787372 0,823382
4,200483 0,144703
-1,399030 -0,496391
-2,219352 -1,125665
-0,863554 0,410130
-1,243809 -1,654566
3,954989 0,227770
-1,259754 -1,687868
-0,384916 -0,049621
-0,488496 3,222871
-1,719779 2,849061
-0,651986 3,224041
4,025439 -0,228974
-0,886644 -1,787886
-0,053297 4,448767
4,357758 0,241066
-1,275187 -0,175968
2,557590 0,385674
-1,226003 -0,391264
3,669873 0,771491
-1,875460 -0,629920
-0,329837 4,606309
-0,227827 4,006974
-1,679751 -1,408029
4,273943 -0,657651
-1,147879 0,148221
-1,209905 4,658477
2,810884 0,292919
3,809810 0,176657
-0,421442 -1,658502
-1,398751 -1,914450
-1,360677 4,375267
-0,231335 4,575554
-1,953836 -0,611679
2,548047 0,579078
5,123920 0,731183
3,397466 0,836943
-1,799521 -0,963129
0,721536 3,562787
0,310806 4,123690
4,453655 -0,257505
-1,041324 -1,440517
-1,050240 2,882008
4,314226 0,567907
-1,175012 2,892162
4,885389 1,280019
-1,100983 4,368770
-1,884615 -0,200275
0,490196 2,812265
3,761825 -0,607446
-0,815254 -0,974872
-1,299956 3,291964
0,790550 3,908936
0,747437 4,810527
-0,659937 -1,409854
4,264133 0,757519
-1,313177 4,207561
-0,553721 4,281871
-0,461708 2,949169
-0,007002 4,086931
3,792755 -0,507320
-2,399603 -1,817227
3,607676 1,478946
-1,187246 3,485578
-0,440582 -0,469906
-0,257442 2,851477
-2,045314 -1,887064
-1,183712 -0,404225
3,460029 1,249628
0,622715 2,943876
3,837494 0,694037
0,385110 3,188491
-0,820157 0,148308
4,173724 0,108726
3,480459 0,471706
-1,951642 -0,607029
-1,038328 -1,421582
2,959158 -0,361779
2,655228 1,128295
0,078198 3,285195
-0,555701 4,090130
-0,462089 -0,699781
3,676651 -0,505895
-0,968120 0,379960
0,729894 3,920710
-1,109840 -1,001200
-1,706341 -0,737117
4,907862 -0,011571
-0,353794 4,196378
-2,085708 -1,993946
4,483945 0,676299
-0,482868 4,453751
-1,975000 0,190574
-0,134885 3,631223
-0,575799 -0,736032
0,157602 3,899521
-2,187735 -1,118758
-2,287118 -0,602130
3,979765 -0,557415
-0,588007 3,014379
3,908824 0,525121
3,585132 0,385653
0,165601 4,415324
-1,301353 2,762459
3,196700 -0,612573
-0,494343 4,447864
-1,666350 2,680739
5,018154 1,555065
0,523950 4,080299
4,390418 0,840408
-0,984926 -1,979504
-0,893689 -0,804694
-0,211169 3,784798
0,775001 4,008255
-1,621198 -0,874957
-0,077147 3,912749
3,693424 0,380277
3,283388 0,370911
-0,700310 -0,430607
-2,028675 -2,104651
-1,116535 -1,103234
-0,961064 -0,051853
4,006705 -0,813944
4,873273 1,159270
-1,632575 -0,350948
3,484153 -0,342904
-1,902632 -0,400547
2,889711 1,156406
-1,124533 3,925194
0,217333 3,198798
-0,568617 4,209337
-0,932882 5,120567
3,001156 0,368288
-1,058996 -1,507653
4,061675 0,082426
-0,330167 4,455667
-0,249599 3,977717
-0,538285 3,582082
4,966284 0,573009
-1,824956 -0,391253
-1,531186 -0,572462
-2,902128 -1,111806
-2,472606 -0,224927
4,179069 0,803674
-1,247650 0,336185
2,763889 -0,580833
-0,641189 4,128676
-0,373375 4,288062
-0,118936 4,253419
4,121849 0,427129
-1,191121 4,905529
-1,041471 3,576560
3,263529 0,406768
3,880587 -0,523693
2,967985 -0,868626
-1,459631 -0,243549
-0,840649 3,822469
4,289997 0,202822
3,717367 -0,290566
-2,849374 -1,592578
3,791235 1,099976
2,884654 0,596124
3,985309 -0,335660
-0,033181 3,981675
4,282697 0,851928
-1,624833 -1,117340
4,714272 -0,487535
-1,091542 -0,703971
-0,730239 -0,192073
-0,414808 3,290035
-1,416831 4,211057
0,089180 4,634697
-2,530269 -0,624047
-0,903565 -0,671675
-1,156574 -0,502785
-0,901040 0,095058
4,013232 0,352787
-0,994488 3,728359
-0,166482 3,494351
-2,391540 -1,209565
-0,860709 4,317644
2,977583 -0,635751
5,055054 0,683282
-0,929222 -1,074242
-0,432695 4,878178
-1,317146 -0,536175
4,402924 0,629761
-0,975884 -0,804606
-1,527206 -0,962850
3,122819 -0,154995
-1,195574 4,055424
0,461448 3,893179
0,825507 3,766170
-0,546688 4,575213
4,332781 -0,494357
-0,434413 -1,579331
-0,919577 -1,055816
-1,159431 -0,004263
-1,828628 -1,879279
-2,703606 0,336209
3,453269 -1,063114
3,384012 1,187203
-1,141353 -0,697474
-2,024927 -0,002594
-0,698955 3,794341
0,451156 3,843160
3,072626 0,921614
3,315948 0,173419
3,610634 -0,176819
-0,708810 3,773213
-1,353188 -0,380006
0,250992 2,929003
2,704137 0,575566
3,245262 0,462324
-2,278085 -0,134533
-0,013880 4,908976
-2,769782 -0,172004
-1,351972 -0,463122
3,924791 0,847265
4,477413 0,340841
0,277650 3,542928
3,224937 -1,102004
-2,298505 -0,549458
-1,400591 4,939419
3,599575 0,488353
-1,671048 -1,587025
-2,401010 -0,856074
-0,749770 -0,879021
-1,461477 -0,100345
-0,143389 3,631751
-1,360759 -0,460140
-0,239704 3,432698
-2,380872 -1,418223
0,192190 3,706098
-2,658380 -1,070098
-1,139593 3,655838
3,806160 -0,453495
-1,129630 2,783757
-0,346640 0,266538
-0,237637 4,127119
3,567972 1,201126
-1,270649 3,998505
-1,557323 -0,665760
3,096034 0,215411
-1,804603 0,644013
-0,461703 4,231796
-2,487284 -1,576193
3,224017 -0,598318
-1,270356 -0,798745
-0,791215 -1,949395
4,029052 0,396151
-1,696808 -0,703091
-0,937700 5,069018
3,143077 0,248037
-1,507798 -0,836039
-1,810896 -0,533641
-0,219853 3,779181
3,629261 0,420774
-1,238990 -0,349810
-0,251993 4,633373
0,360920 3,906344
-1,157648 -0,822787
-1,214177 3,056917
4,750449 -0,370705
3,010826 1,073753
-0,489158 3,465904
-2,010318 -0,604928
-1,566207 -1,274558
0,889962 3,404358
4,357849 -0,023736
-0,791087 -0,706395
3,183088 0,465875
-1,119947 -1,947991
-0,397430 3,934600
4,451350 0,726015
0,270823 3,676847
-1,594027 3,332110
-1,217079 2,482840
3,735225 0,519658
-1,161731 -0,884112
-0,428597 -1,152755
-0,681749 3,494590
4,248624 1,346044
3,150091 0,283734
-1,316266 -2,097937
0,393881 2,716315
3,277303 -0,198464
-0,864084 2,785977
4,347233 -0,786420
4,253482 0,340821
-1,197462 -0,544032
3,583430 -0,455693
-0,217936 2,907147
-0,371234 -1,316914
-0,461245 -0,465014
-0,767897 -0,220748
4,729210 -0,180109
3,886896 -0,420843
-2,109116 -0,829347
3,912631 0,360568
4,449958 1,342292
4,288004 0,311597
-0,414732 3,078857
-1,242865 -0,125057
-0,331719 4,060714
3,761465 0,837237
3,960418 -0,207016
-0,808536 -0,924889
4,544520 1,046303
-1,243642 -0,941999
0,271391 2,834486
-2,050923 -0,741042
-0,613553 2,744235
0,811453 3,257447
-1,472481 -0,060954
-0,534292 3,758188
-0,874279 4,241772
-1,978489 -0,986331
3,625786 1,161974
-1,064735 -0,694059
-0,460994 3,524340
0,198243 3,610091
3,090478 0,816613
4,022120 -1,080004
-1,275395 -1,111411
-0,775665 -0,002167
-0,045561 4,283765
4,583068 1,150809
3,964691 1,400685
0,531383 4,023281
3,792710 0,199723
-1,320037 0,503891
2,808133 0,357416
3,455323 1,249612
3,105730 0,103328
-1,323189 -1,063416
4,241895 0,115524
4,713670 0,078642
-0,922941 -1,964746
0,085594 4,272318
-0,681911 3,447253
0,415111 2,772727
3,603793 0,255616
3,518238 -0,209428
-1,237582 3,028205
-1,790462 3,749007
-2,008213 0,307554
-0,413021 4,828701
-1,778163 3,449795
-1,319523 4,420490
-1,188912 3,560387
-0,264424 3,592020
-0,084696 3,520434
-0,663374 -1,541664
2,958241 0,271247
-1,014971 4,081064
0,217037 4,904515
-1,233252 -1,362209
-2,254069 -1,185046
3,243074 1,041932
4,187118 -0,634317
-0,292860 4,235449
-1,196786 -0,923096
-0,592081 4,779205
-1,313730 3,211463
-1,677020 -0,819305
3,869741 -0,272260
2,854234 0,190203
0,241742 4,725299
-1,691545 -1,213079
4,710107 0,734502
-1,459463 -0,376192
4,521064 0,107033
-2,032454 -2,075676
-1,379172 -0,847965
4,015504 1,519566
4,106970 0,482869
4,254500 0,776248
-0,156183 4,872432
-0,425827 -0,649904
2,764711 1,283761
-1,508007 3,737671
-0,435035 4,349902
-0,826132 3,264537
3,304790 0,044809
4,571897 -0,444224
-2,402290 -0,907248
-2,160247 0,285392
3,902010 0,473524
0,184875 4,026872
-0,318683 4,050753
-1,746661 4,472056
0,863423 3,984471
-1,517885 -1,802812
-0,475186 2,687545
-2,184876 0,006759
-0,328097 -0,664684
-1,228196 4,748210
3,897997 0,240625
2,929841 -0,117968
4,636417 0,965428
-0,565787 -0,262559
-1,007620 -0,167195
-0,728947 2,470065
-0,896490 3,440533
2,656617 1,095110
-2,021671 0,618215
4,355772 0,650093
-0,885441 -1,374210
-0,629015 -0,999797
-0,159914 4,838963
-1,537735 0,328474
2,789092 0,450870
-0,560067 2,776858
0,245063 3,823213
-0,372992 0,416917
-0,784155 4,851178
-0,928270 3,522139
4,303624 0,935754
-1,795180 -0,328505
-1,581380 -0,459928
4,047024 0,536769
-0,884352 4,892339
-2,310516 -1,729922
-0,844020 4,466375
-0,594974 3,403622
-1,850500 -1,282899
4,931885 0,478865
-0,516142 4,364591
-1,223314 -0,218794
-2,091759 -1,098867
-0,815767 3,262732
-1,653918 -0,740182
3,752249 0,110508
4,173062 -0,384617
0,079842 3,647169
-2,876791 -1,199372
3,194527 -0,335003
-0,583576 -0,310449
-1,413398 2,417263
1,021617 4,352041
0,547984 4,724602
3,375405 1,699991
-0,017681 5,021690
-1,868255 -0,453650
3,184869 -0,098826
-2,551376 -0,924998
-0,869235 3,197412
-0,612654 -1,787986
-0,717871 0,544711
-0,607531 3,548305
3,977286 -0,435330
-1,448196 -1,249115
3,719209 0,717671
-0,492633 -0,688046
3,431172 1,586276
3,701992 0,953929
-2,384025 -1,278179
-0,248624 4,060304
-1,447086 -0,471898
3,678413 0,088451
-1,761809 -0,462805
4,123116 0,880218
-0,566181 3,167558
0,405387 3,554231
-0,917808 -1,879153
-0,078569 4,716667
3,387685 0,162124
-2,530929 -0,392707
-0,650261 5,154169
3,572036 0,472171
-0,877575 -0,975658
-1,619459 -1,628115
-1,727129 -1,440720
-0,393559 4,612375
-2,567990 -1,008685
-0,196654 3,420995
0,639537 3,865967
-1,371458 -1,300085
-1,423945 4,278900
-1,404520 0,293584
4,199930 0,310480
3,252008 -0,357575
-1,958832 -1,407888
4,144599 1,615076
0,238793 2,569803
-1,305487 -0,523580
-2,275337 -0,630599
-1,305841 0,022436
-1,275129 -0,525424
-1,327124 -1,092050
3,785467 0,790406
3,557505 0,617479
-1,370680 -0,911088
-0,970962 4,770502
-1,102903 4,160855
4,183837 -0,034811
3,972101 1,318879
0,468460 3,256706
-1,623685 0,199136
-2,138500 -1,099759
4,370021 0,762099
4,646522 0,440469
3,678430 0,023533
-0,835472 -1,318731
-1,201391 -1,539432
-1,561554 2,800767
-1,759648 -0,985386
-1,764644 0,390629
3,792521 1,088522
0,144923 4,102628
4,230105 1,020014
5,062029 1,327520
-0,689832 -1,377065
-0,834146 -0,394958
-1,048985 -0,503791
3,476592 0,522597
4,582130 0,279525
-0,330311 3,601899
2,733076 0,769691
-1,743876 -1,476173
3,974103 -0,781207
4,441766 0,342761
4,034013 -0,810225
-2,269079 0,364524
3,426571 1,347403
-0,684077 -0,854140
4,292685 0,073671
0,026258 3,899668
3,228815 -0,510021
5,043195 1,212761
-0,283585 3,524190
4,314166 0,477106
-1,698720 -1,438756
-1,945567 -1,371923
3,761273 0,216606
-1,013990 3,216910
3,149597 0,395571
2,737920 0,997241
5,090310 1,238716
-0,243967 3,395105
0,990205 3,205774
-1,490769 -0,802297
-0,218181 3,070348
-0,523399 -1,613986
3,584684 0,464944
-2,090573 -1,372110
-0,973574 3,732004
0,813209 2,653518
4,157224 0,122752
-2,278120 -1,028509
4,778768 0,665411
0,240143 3,272783
0,081034 3,357869
-1,441617 -0,831160
4,399556 0,326990
-1,762441 -0,717625
0,013868 3,731864
-1,194809 3,160320
0,272992 2,740776
-0,971548 3,996964
3,452624 -0,122660
-0,650595 -1,497421
-2,269490 -1,144208
-1,286989 4,640342
-0,701741 -1,583037
3,814266 0,467979
-1,344720 -1,401552
3,670537 -0,426569
-0,465000 3,526812
-1,162337 4,465579
-0,310146 3,789480
3,195339 0,132331
-1,048823 -1,274424
3,443407 0,234650
-0,353215 4,097097
-1,140294 -0,436265
-0,569214 -1,805324
3,092536 1,241692
1,016836 3,739695
-1,681892 3,160656
0,842827 4,052844
-0,633582 4,581363
-0,990917 4,717611
3,657317 -0,532738
3,557879 0,712479
-0,626765 3,115004
3,565201 1,354269
3,668672 0,083505
0,336345 2,563922
0,362583 4,027740
0,169912 4,032173
-2,432546 0,048309
4,170057 0,849800
-0,897666 -1,858121
-1,750599 -0,470848
3,659873 0,950171
4,929050 0,411457
2,748965 0,946749
3,826814 0,453050
-0,787089 3,910715
-2,053657 -0,219702
0,048594 4,448497
3,676353 0,406947
3,866033 1,624823
-0,493459 3,463408
-0,088068 2,818495
3,870614 0,119534
4,388281 0,218658
-0,228723 5,145584
1,501627 -1,695370
1,350854 -1,691334
1,459037 -1,211674
1,574590 -1,280230
1,438625 -1,472374
1,522353 -1,372258
1,239350 -1,439794
1,468732 -1,335884
1,593057 -1,398270
1,450508 -1,469655
1,528178 -1,601758
3,092293 -4,610191
3,016395 -4,748733
3,202996 -4,608513
3,265895 -4,686395
2,989269 -4,529560
2,948714 -4,554741
3,430359 -4,537065
3,446364 -4,581456
3,067612 -4,475579
3,253480 -4,500245
3,037103 -4,671968
1,405505 -4,840721
1,504200 -4,716889
1,545172 -4,721823
1,551836 -4,802867
1,324170 -4,636774
1,310352 -4,467723
1,329154 -4,926501
1,408212 -4,772299
1,254044 -4,726968
1,381289 -4,738038
1,425869 -4,817738
-0,127319 -3,688777
-0,470887 -3,725953
-0,082402 -3,644619
-0,167951 -3,494985
-0,279566 -3,965987
-0,212676 -3,528771
-0,418446 -3,699418
-0,040301 -3,540912
-0,250593 -3,879195
-0,325138 -3,602699
-0,136036 -3,842810
-4,452319 1,326275
-4,393493 1,198962
-4,273918 1,003651
-4,624619 1,219252
-4,226006 1,005121
-4,338110 0,998150
-4,297264 1,342018
-4,436026 1,003886
-4,307129 1,472372
-4,286762 1,276291
-4,242718 1,334029
