-1,071135 7,164111 638
-1,096900 7,804201 1547
5,041687 -0,318696 6713
4,751422 -1,798558 7788
-0,721614 6,178084 2689
4,199446 -1,621473 8485
-1,920575 7,788637 5605
-1,876585 6,636960 948
6,823563 2,391395 4059
-1,229900 6,209360 1673
9,373519 2,650911 4772
4,854839 -2,064224 5598
-1,158779 7,481498 3269
8,429357 2,556103 1072
-1,224335 5,978384 8745
7,989313 1,582664 151
8,917344 1,891700 300
2,885839 -1,829580 7973
3,079533 -1,585477 9738
-0,254652 7,159867 9526
-1,074217 7,354814 6617
-1,769294 6,420169 5775
7,760669 1,732812 1521
5,286473 -2,039309 2403
7,076483 1,562000 6032
7,453795 2,402090 9121
-1,471663 7,204418 558
4,405328 -2,263213 6440
4,175119 -0,837405 5014
4,393966 -1,029666 3594
8,535203 0,938232 6636
0,145595 7,169547 9106
-0,334834 5,585485 9391
8,440088 1,882509 8713
8,466358 2,237549 2184
7,139534 2,838895 2022
-0,151245 7,380598 6168
-1,872154 7,115332 3008
-1,789856 7,137954 4394
8,930636 2,278145 2666
0,202879 6,863245 7059
-0,561175 7,709698 9037
7,666057 0,850477 8544
8,508460 1,446256 7461
7,397037 0,998622 7699
3,415715 -1,931107 2010
6,708303 1,923686 1308
7,708716 2,326524 1806
-0,794782 7,184097 518
-1,457418 6,442008 7699
8,173859 1,663812 6578
3,595485 -1,888007 8788
4,141514 -1,759316 6682
-1,163979 6,712172 8804
7,176737 2,372372 9625
-0,563267 5,971858 3493
3,994042 -2,287871 7823
8,176515 3,323508 2644
8,179220 0,704004 359
7,976822 1,116796 6452
-0,591206 6,271069 2029
7,521122 2,719401 5800
3,399462 -2,566795 6219
-1,130354 7,870245 259
8,041900 1,164774 3879
7,579194 2,432427 7154
4,924207 -1,003010 1447
4,827724 -1,491832 8109
4,322740 -2,318972 704
-1,264287 6,665914 8055
-0,998407 7,105330 330
3,595565 -0,970423 5347
8,110525 1,648147 7305
-0,919802 7,667479 4175
7,675583 2,574216 2276
3,681230 -1,181026 9415
0,075915 6,392728 9204
3,568296 -1,795018 2911
4,439190 -1,619762 351
4,676223 -1,572442 7872
4,841649 -0,744922 8687
7,015089 2,156555 1912
-1,004429 7,280347 6962
7,673926 1,381584 1669
-0,555141 6,323797 8848
-1,886247 8,262386 3394
-1,620099 7,039346 4652
-0,341253 6,966053 5025
3,724937 -1,641386 7471
7,924727 1,885799 757
8,420317 2,112899 9630
8,010929 1,433052 1832
8,597160 2,441940 9413
3,066365 -1,662009 3168
-1,185793 6,701238 2537
2,746730 -1,930898 7976
4,510817 -1,145092 314
-1,198228 7,051338 8513
7,968412 2,403059 556
8,183867 1,967471 3763
-1,921661 6,106636 2509
-0,754747 7,811689 6432
8,172266 2,449190 4670
-1,344335 7,279339 125
8,305175 2,375333 5123
4,099624 -1,518728 5511
5,541319 -2,459569 8139
3,903437 -1,832551 7460
-1,437076 5,711196 299
-0,879899 6,683815 9256
4,505713 -1,664640 8196
7,833798 2,358032 85
-1,489149 6,527052 3145
8,106117 1,365128 9241
0,098405 7,541444 3861
3,790397 -2,083579 1809
-1,228633 6,208757 4791
8,130564 2,085186 5381
-0,457560 6,505934 756
4,965866 -1,309811 8683
-0,202270 6,764909 6372
4,233468 -2,324156 9465
4,670541 -1,237056 5786
5,531069 -1,502991 5583
4,871937 -2,312787 8432
8,545451 1,797105 8237
4,866611 -1,553242 3750
-1,070198 6,613808 5098
4,488747 -1,681121 3072
4,192786 -1,611266 4997
8,167845 2,040465 2215
-1,139539 6,963717 4471
-0,974744 6,753957 4329
7,017371 0,949198 5068
-0,779568 7,376934 3575
-0,081594 5,948554 4368
-2,214104 5,995485 6215
5,581434 -1,702958 9893
4,226575 -2,280093 1799
8,507770 2,363438 836
4,143606 -2,450705 9384
7,768213 1,379892 2593
-1,193093 6,659839 8192
7,638128 1,745831 2215
-1,816941 7,081635 9217
7,438526 1,137915 5418
4,190108 -2,742600 857
9,256275 2,821039 4926
-1,690183 7,346802 8689
3,834182 -0,773404 5845
-0,839483 6,851423 8766
7,721156 0,796306 4254
5,079917 -2,084412 4329
8,023858 2,711069 6506
4,368602 -1,516578 3820
-2,076358 6,204569 3998
7,660340 1,704639 5040
-0,472626 6,840015 7369
-1,620306 6,513699 2046
7,235756 3,341814 8456
8,126339 2,454775 7287
3,213869 -1,110972 6053
4,162187 -0,581832 4478
-1,247245 8,348829 9513
5,307688 -2,268149 3904
7,460804 1,817618 8205
8,009228 2,584826 1604
-1,246517 8,258850 9526
7,047557 1,651474 8264
-0,767255 5,814682 8071
8,816722 2,205093 3053
7,649345 1,353370 1845
4,927119 -0,571299 1672
4,460168 -1,478821 5550
8,407714 2,171272 1523
4,898948 -2,116399 6572
-0,076102 7,365293 7215
4,079355 -1,300655 3499
-1,147539 7,011785 9583
7,896090 3,171330 6854
4,260717 -1,487372 6814
8,353434 2,616940 299
3,237160 -2,303841 9782
8,824253 1,243600 8982
-0,750295 6,042939 4458
-0,279790 5,887821 6678
3,133331 -2,057161 8510
7,787139 2,809959 9043
6,817690 2,394573 672
7,583268 1,305262 8335
5,456320 -1,692325 9686
3,959577 -2,377817 3334
7,844133 1,771581 7965
3,252688 -0,933693 8773
-0,795582 7,360854 8459
8,737378 2,180225 6539
3,209179 -0,838549 5267
8,137177 2,276239 3014
8,007189 2,589938 6042
8,137777 1,624736 7073
3,945350 -1,412462 4256
8,055445 2,528360 9413
7,157786 2,578350 8412
6,660656 2,834368 2311
7,934471 2,543111 5380
-1,041465 7,108062 1370
-1,166121 6,734755 9853
-0,691087 6,977246 8195
4,664691 -2,224433 5485
4,614506 -1,931150 3167
7,429351 1,205927 3013
-1,056152 6,025698 2046
-1,803664 6,442071 2422
8,078163 2,892352 5144
4,171015 -1,997344 3629
5,286719 -0,491848 2828
3,839365 -0,926111 2306
4,368967 -2,036059 5184
-0,451444 7,021138 6261
6,891390 1,350693 9636
4,225946 -2,766792 5811
8,203320 2,080233 263
-2,023238 6,716200 6315
8,173327 2,039654 4012
8,973680 2,417135 228
-0,790800 7,833169 6788
9,122102 1,512930 8698
4,829378 -1,126831 5128
-0,228016 7,423219 5084
5,306872 -1,966416 3716
-1,220409 6,684390 8944
4,819962 -1,149586 9729
4,059067 -1,774565 3446
4,211864 -1,479210 817
-0,892795 6,846277 6209
8,752990 2,505868 9454
8,931937 2,633982 3420
-0,812954 8,054070 7799
4,379983 -2,672755 2456
4,959346 -1,763094 6855
7,269857 1,782647 6185
7,590526 3,327523 7236
2,846869 -1,349229 260
3,610153 -1,445304 543
8,395117 2,501651 7100
3,314178 -0,796942 1004
8,675434 1,984967 732
4,251064 -2,932315 6051
3,882476 -2,196891 5966
-0,501995 6,722315 3046
3,761116 -2,054976 7852
3,333516 -2,414659 6880
8,977274 1,829978 9084
7,618456 2,110698 6622
-1,540694 6,298472 3321
-1,254692 6,963986 4994
-0,863325 7,584731 5517
4,214336 -1,094712 3926
-1,108520 6,584237 4833
4,173012 -1,891669 5986
4,443391 -1,914477 8018
7,218127 2,445102 3688
7,983532 2,171859 7217
4,843955 -2,577556 5320
-1,254048 6,367078 5943
-0,419157 6,655069 2577
4,668046 -2,158005 2821
7,960841 1,975836 56
9,271070 2,099799 5318
5,059775 -2,157703 1952
-1,513200 7,627373 4104
9,022853 1,669662 1095
-1,538548 7,704035 2986
8,870752 2,102970 2949
3,811497 -1,625161 3340
7,454146 1,920674 9
-1,522481 6,529865 8769
-2,168593 6,295435 5459
3,628961 -1,306688 758
4,053254 -0,432115 7968
0,237980 5,989031 5284
0,074489 7,606866 7530
-1,897993 7,023670 9156
-1,027347 7,545676 3348
3,984946 -2,075636 1184
8,710339 2,860082 4207
-0,971899 6,720083 1680
4,663045 -1,755909 2423
-0,134448 7,286072 2807
8,172933 2,776069 7467
-0,463953 6,886033 4593
7,581468 1,434936 9046
7,798896 2,444604 6318
-2,168461 7,185576 3745
8,218582 2,719949 3028
7,616030 2,339333 8872
4,815069 -0,916190 3219
8,008928 1,927800 395
-1,458886 6,359634 6914
7,253040 2,028847 4778
3,227268 -2,633081 5198
5,277484 -2,044097 5599
7,546911 1,290088 5797
3,970033 -1,568535 9945
7,587061 2,050995 4255
3,710884 -1,244159 5416
-0,746795 6,663379 2697
-1,176712 7,089190 9991
3,341792 -1,909571 8487
4,894986 -2,183185 3104
3,760778 -0,339703 9288
5,045842 -1,084714 1995
4,066349 -1,899084 6136
3,463467 -2,138825 3653
-0,055244 7,760276 2488
4,520526 -0,697452 4013
-1,116018 6,216675 4672
4,944487 -1,268681 2285
7,568208 2,138071 7363
7,879572 2,425836 433
3,545015 -2,763437 7313
8,038847 2,855221 1087
7,429284 2,270090 7698
7,763685 2,155084 4972
7,088508 1,738847 5951
8,155203 1,183761 2382
-1,334758 6,472557 8289
4,320214 -2,087364 9063
8,345648 3,077767 8026
3,764229 -1,330019 3458
5,098116 -0,906591 9802
4,800422 -1,903491 855
-2,042184 7,332311 3061
4,632101 -1,020667 5351
8,584804 1,948970 6850
-0,316244 8,151713 8685
4,821464 -2,169734 259
8,586431 2,742245 5221
8,018978 2,410773 896
4,219287 -1,206339 4291
5,057268 -1,662782 234
8,698835 2,009538 398
8,076001 2,015131 9234
4,312076 -1,212994 39
-1,790275 7,834439 5587
4,134639 -2,014868 7015
3,634425 -1,503120 5469
9,053161 2,800673 4854
3,428140 -2,206624 5192
4,973321 -1,920364 7479
7,848211 2,653786 7907
-1,431919 6,543767 2575
7,623272 1,062206 3709
9,006419 2,316241 4395
-0,606726 6,264184 2184
-0,422150 8,126899 7199
6,829781 2,235032 4213
-1,486467 8,048449 7048
-0,652151 7,619025 2612
-0,974641 7,067953 517
-0,158816 7,007971 278
-0,791906 7,126155 6668
-0,271454 6,521310 2965
4,451855 -1,548125 4614
-1,510574 6,253057 3294
8,819765 2,172331 8428
4,648340 -1,220226 5500
7,606739 3,243472 5781
5,092223 -0,799567 7356
7,203050 1,549081 8087
8,191772 1,671854 8905
-1,261919 6,135023 6699
3,388095 -2,887638 9919
-1,832130 6,389388 7517
-0,755185 7,774640 6378
-1,069904 8,051163 5473
8,767363 2,593014 6072
8,321619 2,103243 9068
-2,011848 7,946345 301
4,117144 -0,877183 617
-1,443286 8,031368 6451
-0,859356 6,954450 121
6,792198 2,772599 8955
-0,541740 7,839561 4200
6,736009 2,778267 3155
-0,925597 6,015869 6289
4,259178 -1,587816 5108
7,170335 1,922171 2573
3,190117 -1,216214 6750
-0,902098 7,773574 2619
7,597015 2,118121 8381
-1,439954 6,660089 814
-0,347934 6,384334 7092
9,047884 1,987125 5680
3,043629 -0,405675 2372
8,055293 2,129242 6788
-0,767865 6,541471 8236
4,311507 -0,557526 3796
7,810186 2,685554 8814
-0,292147 6,735715 5114
3,519713 -0,991250 553
-1,194281 6,160478 8104
-0,414823 6,588788 3773
0,037271 6,720362 6218
-1,499373 6,394062 2755
0,295523 6,912175 5392
-0,312886 6,874299 2516
8,413178 2,397637 7121
3,365881 -1,692451 4119
3,718579 -1,665079 9859
2,920744 -1,603657 9531
4,499201 -1,209500 195
4,771653 -1,186879 1386
-0,467498 8,153081 3715
3,806070 -1,016375 8047
-0,027628 6,466863 8891
7,519176 1,298670 6939
8,709197 1,389534 4082
3,904629 -1,810065 5278
3,851214 -2,342505 8949
-2,330310 6,406002 3056
-1,397649 7,224704 8852
-0,546312 6,396123 2205
3,946583 -2,790408 3060
3,895618 -0,568805 2804
4,133249 -0,866948 6010
4,642022 -2,755401 561
3,061534 -1,367844 5894
8,832532 1,235225 5545
7,027184 1,118916 7814
8,527850 1,921744 1457
5,046727 -0,410475 4790
8,854978 2,478681 2399
-0,764000 6,952108 4625
7,887977 1,848701 4989
3,143851 -2,996665 4729
9,025713 2,553525 2509
-2,051759 7,374974 3923
0,282448 5,995372 6874
4,505578 -0,796988 1038
-1,068828 6,031098 5983
3,546137 -1,830090 6054
5,227666 -2,121333 9634
3,968087 -1,659244 3160
3,444715 -1,451546 519
0,232230 7,746315 1348
-1,738889 6,771207 6811
7,806726 2,817737 7485
-1,916797 7,388345 2230
-0,094557 8,178437 1597
-0,951543 5,911820 4419
3,987387 -1,002143 2753
7,432209 2,660005 2133
8,308896 1,869555 2737
-0,706439 6,827437 7999
-0,537781 7,263307 7707
8,697962 2,691391 3817
8,130312 1,402388 285
-0,961087 7,862887 725
9,077860 2,049966 8192
7,137325 3,104049 465
8,415712 1,475401 4631
9,165691 1,925672 3372
8,344344 1,567413 2241
0,051863 6,266563 6931
-0,573577 6,787511 6511
4,413795 -1,846547 7098
-1,656919 6,815649 8672
4,190496 -1,596486 2792
5,351649 -1,534080 2197
4,138494 -1,267681 2121
4,819315 -1,353717 9755
7,405491 1,397448 3639
4,163234 -1,498406 1380
-1,845631 7,107572 117
7,444356 1,888087 9882
-0,798323 5,945409 3900
7,845794 0,920086 6404
8,137902 2,176007 7692
3,388876 -1,914998 1583
3,640631 -1,792398 3358
-0,938651 5,629987 984
4,345360 -1,812352 5016
4,681399 -2,041190 4078
4,007755 -1,029843 4341
-0,267320 7,153262 9313
4,009456 -2,531214 4018
4,058171 -0,519761 5110
3,593634 -0,648872 6677
3,877399 -2,175846 6261
7,579261 3,128387 3113
3,597196 -0,970843 5432
7,227299 1,561541 371
9,324639 2,700991 4256
8,547639 2,651744 5913
-1,230853 7,146042 8937
-1,497246 5,455333 5333
8,923121 2,503378 3136
-1,391686 5,916747 8729
4,281570 -1,837179 3119
-0,775315 7,269186 9549
-1,976477 6,802828 6656
8,201803 1,897508 6200
8,970891 1,622489 2279
5,004531 -1,989021 7827
4,107956 -0,936689 5713
6,967170 2,593516 2522
3,799174 -2,569764 9073
-1,788632 8,123656 5854
5,298487 -2,267407 5192
-1,718328 7,186319 4683
6,838086 2,790739 3342
-0,720453 7,611240 1726
9,050502 2,237942 487
3,846148 -1,358349 6964
7,382718 1,349398 6572
-1,271852 6,280772 5348
8,840443 2,078378 5935
-0,865864 5,835261 9005
7,875423 3,245929 3896
8,794066 2,907823 4945
8,897859 2,352363 7299
8,055966 1,555835 9304
7,055487 1,998103 869
7,627182 1,262744 9945
4,452401 -2,172107 1261
-0,885158 6,533109 7054
9,170842 1,139660 5714
-1,771342 6,862783 6975
-1,045596 7,442277 5840
3,268759 -1,755217 7662
-1,855393 7,637859 855
-0,555405 6,676478 7504
9,244772 2,384812 3243
7,958355 1,161363 5039
8,241130 1,811874 3473
3,917903 -2,266564 1677
-0,681521 6,814782 7762
-1,553369 6,276246 6104
7,710467 1,911778 8169
4,147609 -1,519474 2348
4,187864 -2,329943 1023
-1,048124 7,560781 1558
8,128151 2,208483 8389
7,076188 2,151174 3416
-1,150707 6,670140 2087
6,613742 0,907485 316
-0,344103 6,596424 7068
8,859750 2,624903 4786
4,314314 -2,678925 4946
-1,652508 6,761288 2395
-0,014412 6,094781 7131
-1,068799 7,986858 4278
5,313815 -1,648767 2003
7,331264 2,885782 4163
4,440551 -1,967462 6336
4,107585 -1,827507 3868
7,583098 1,916542 5886
-1,265748 6,814236 1980
3,722822 -1,551467 5306
-0,299524 7,699459 5190
3,249645 -1,359541 4346
4,919780 -1,278062 2845
-0,901709 8,046123 469
-2,032283 8,054516 6446
4,153048 -1,751592 2306
7,153345 2,749232 9907
-0,784853 7,014551 8547
-0,072898 7,073486 1936
3,673107 -1,902715 9408
-0,859882 6,508030 3673
8,114880 1,598583 8036
5,017023 -1,070488 4638
7,952773 1,907443 1484
4,249591 -2,576552 5861
8,340195 1,946588 1822
7,713627 2,261402 6161
-1,776260 7,724627 8773
8,472515 1,667404 7907
7,607799 1,846468 6979
4,484748 -1,110191 1088
-0,464088 7,329407 9899
8,186421 2,487636 5852
4,619934 -2,120371 7783
3,975316 -1,160548 8276
7,178583 3,500483 6422
8,529180 2,178886 4899
7,776396 1,683901 2648
8,011983 3,042479 6615
-0,781812 6,792267 6405
-0,562888 7,108184 7478
-0,764023 7,775108 5225
4,487811 -2,397506 7555
7,240503 2,992604 2862
3,913122 -1,507863 610
8,416965 1,974927 4124
4,271013 -0,706432 5992
5,006158 -0,993724 1335
3,709081 -0,894412 1685
3,027550 -2,762639 9638
-1,967511 6,750030 2641
-0,632339 6,988911 6676
-1,121670 7,840540 1420
3,999131 -1,379566 2674
0,144875 7,000191 312
8,609926 1,096937 4327
0,123726 7,217821 2121
4,458743 -1,418060 2528
8,516875 1,177393 3304
4,097985 -2,029694 8882
0,237202 6,487211 1179
9,169210 1,773588 348
4,780082 -1,338608 1796
7,702434 2,459174 9182
-1,725473 6,397978 2915
-0,503829 8,290868 4137
3,387612 -0,831767 2279
-0,364966 6,405614 3201
-1,573482 7,475036 3367
7,762880 1,922570 2984
4,756061 -1,820978 3298
3,361356 -1,303241 4791
4,072885 -2,058226 9335
7,654569 1,953718 5692
3,914048 -2,802143 8630
3,641258 -1,471635 3274
3,954387 -1,559416 2454
-1,521848 7,665453 963
8,155693 2,171276 1733
8,198856 2,159833 193
8,109987 1,636295 4669
-0,244748 7,404629 6484
-0,081013 6,174487 8978
-0,395262 6,696740 9007
7,729475 2,152824 9663
0,022767 6,322092 9818
3,497061 -1,661688 8259
4,007421 -1,114717 8727
3,682428 -1,806240 8043
7,427756 1,514947 5958
8,038483 1,980888 9404
8,768984 2,979080 8827
-2,064198 7,270653 4475
-1,285258 6,389386 2190
3,920549 -1,595337 6378
-1,509478 7,410185 5079
3,753819 -2,248684 6159
0,510963 7,409571 618
-1,257323 6,692426 2882
-1,321795 7,999834 1209
4,120629 -0,934081 8783
8,371262 2,213589 9286
7,727822 3,442744 9229
4,223395 -0,294085 4587
9,159604 1,824481 6970
5,111347 -1,768837 1241
0,148651 6,088153 9403
7,369894 0,789112 7362
-1,371951 7,615060 9421
7,697235 1,804743 3980
4,062671 -0,367971 9571
7,899531 2,108218 1208
-0,699600 6,928833 684
-1,485171 6,708863 3722
-1,871544 6,066250 2714
7,079377 0,774880 8919
4,556761 -1,839923 201
-1,364928 7,591201 4492
7,006024 2,692806 3300
-1,249976 6,304054 5646
-1,035557 6,532905 8166
4,477022 -1,974947 3915
8,470477 2,204515 1326
5,048591 -1,519119 5122
-0,215098 8,101745 823
4,364734 -1,235400 645
7,897528 2,476416 8950
4,213476 -2,787648 8987
7,214393 1,789045 246
8,714257 2,417796 3137
3,922823 -1,012762 8697
7,740274 2,240589 9958
3,337061 -2,709867 8364
4,089139 -1,895181 8506
4,867126 -1,914367 9825
7,615112 1,573479 7932
3,489099 -2,176068 1916
4,773456 -1,818837 6535
7,037158 2,329916 7498
8,942839 2,131183 6107
8,023269 1,842399 6257
-0,298147 6,809748 4619
4,411292 -2,006971 3403
7,984528 0,904506 2311
-0,296765 7,146057 6492
4,708062 -1,945153 7758
-1,617665 6,019013 2835
4,685205 -2,722302 9035
-1,327655 7,143072 7957
3,165248 -0,609121 3046
8,007341 1,468895 5285
8,321862 2,863174 2017
8,363745 1,458080 1320
3,119719 -2,066184 7916
3,898163 -1,164246 8998
7,927363 2,374282 5208
7,622637 2,655418 7662
4,277077 -1,905436 7213
-0,940616 6,676864 8677
-1,150147 6,762824 2461
-0,594931 6,225466 6231
3,176320 -2,296080 8322
7,054149 2,420144 2100
8,042968 2,116469 325
3,416842 -1,481323 4989
2,968472 -1,532149 9783
8,133884 1,531632 9064
4,165168 -1,952762 5502
-0,402596 7,237139 2549
3,522432 -2,245884 3787
4,744534 -1,505726 5637
8,384776 2,182509 2302
7,820495 3,144621 4593
7,022995 1,642327 2196
4,423584 -2,696639 1295
9,373415 2,122913 229
-0,226286 6,568076 3218
7,382310 1,556918 8323
7,958844 1,874147 8221
-1,414062 7,381130 7297
7,692281 0,615360 5574
-0,934448 6,844086 769
8,030382 1,536236 6261
-0,700367 6,851574 5005
8,145955 2,837858 844
7,467722 2,090487 9367
7,426673 1,577414 2314
-1,250442 5,845048 6359
8,374782 1,204558 5934
7,342764 2,959225 7617
0,189981 7,474107 7003
4,147397 -2,514982 2202
-1,915562 7,296924 3258
3,612433 -1,770133 926
3,072985 -1,201590 5044
3,517307 -1,582470 5180
3,947279 -2,329283 7702
-0,648439 5,441175 5286
-1,223270 6,495963 7074
3,157695 -2,552284 3037
-1,145530 7,421431 3616
5,049076 -1,738552 3858
3,673488 -1,407455 9241
-0,555224 7,747372 2706
-0,678428 6,759484 3899
-0,956621 7,531532 6007
4,301071 -1,682454 8006
4,330172 -0,841820 2361
8,320062 2,735584 7917
7,026770 2,701298 1656
6,801318 1,758221 1104
8,099559 2,887942 4379
8,627906 1,759707 4039
-0,870423 6,881696 5183
-1,913677 6,379912 3506
8,031776 2,509367 352
8,189451 1,767755 6281
3,499563 -1,209888 375
-0,233853 6,939688 4492
4,213838 -1,597448 5551
8,089186 2,120421 9640
8,117497 2,698896 5960
8,074411 1,867062 2189
7,652957 1,960462 7022
3,973314 -1,619204 9223
-1,236304 7,138565 9449
-1,633101 5,847926 7954
8,121415 1,158133 2592
8,509022 1,671123 8588
-1,058982 7,622343 4294
-0,695258 6,475744 9925
3,984166 -1,723634 6722
6,871405 1,593948 4901
8,480493 2,636624 1670
8,610956 2,268850 1707
-0,534757 5,957670 6322
3,418827 -1,066355 5407
8,453793 1,959320 4058
5,032546 -0,831197 6895
3,469809 -2,086971 9543
-1,150033 7,075070 2362
-0,748753 7,072107 7457
4,966836 -2,399365 6081
0,486442 5,997028 2797
-0,352005 7,244012 8680
7,419043 1,930623 6905
-0,475676 6,540908 9145
-1,331340 8,203398 12
8,317475 1,415808 4908
-1,241739 6,904270 8973
-0,962948 5,524057 6314
3,886009 -1,681113 1981
7,754091 2,640070 7014
-1,287915 6,730562 6839
-1,545669 6,275398 7802
4,474750 -1,245435 8641
-1,429452 6,741521 5011
-1,698075 8,027519 6769
4,442639 -0,489780 7158
5,056204 -1,503575 7211
-1,255212 6,379134 3445
5,188732 -2,251001 3903
4,006940 -1,506233 1485
4,433224 -2,627896 7971
7,593218 0,891165 4459
4,634043 -1,463206 884
3,950205 -1,520420 2246
-1,032814 6,768862 5453
5,029056 -1,335617 8028
-1,866789 5,845729 8102
4,164183 -1,320240 4020
5,022054 -1,606058 2567
8,185555 1,130937 9891
-0,786739 8,269342 8882
4,130604 -2,732703 977
-0,596128 6,833627 9530
7,241254 2,199043 3265
9,277262 1,808951 5454
3,811447 -1,158000 698
-0,470503 6,611484 9775
-1,892125 7,369986 1045
7,332134 2,231660 6783
-0,963683 6,318819 6
8,057297 2,726097 2169
4,241629 -1,287096 6604
8,592265 1,393835 4660
8,055977 2,429007 5512
7,964355 2,139947 5552
4,729242 -1,656914 5983
3,882097 -0,661744 6430
7,572962 1,969754 4786
-0,698464 6,172017 5820
4,307233 -1,649329 3014
8,618089 1,550297 4823
-0,201382 7,221497 9497
7,253665 1,922194 5193
4,179308 -1,247789 7662
3,785212 -2,147592 2529
8,064081 2,152350 1263
9,268078 1,922894 1466
8,070704 2,222732 3659
3,262073 -1,444061 483
-2,050108 7,639841 7513
7,386621 2,124122 1586
2,803337 -2,211320 8480
-0,074739 6,542806 882
-1,693763 5,933085 9809
6,872229 2,069753 1281
3,924512 -0,749631 7074
3,654377 -2,228071 1674
-1,750618 7,049998 2231
4,287140 -1,375716 7584
6,798914 1,653338 5046
3,691258 -1,877166 6907
8,186768 1,861309 5400
4,907107 -1,754834 8402
7,742119 0,823175 3677
-0,328214 5,502119 742
-0,788443 5,977074 499
8,356498 0,907998 2104
4,550607 -1,583113 9767
8,559467 2,869228 404
3,941072 -2,171462 3544
0,322356 5,993734 3948
7,346571 2,033275 2315
3,866661 -1,794070 1643
-0,815979 6,973415 2238
5,200760 -2,176013 2915
7,088694 2,694401 2743
-1,087105 6,842173 4330
-1,463592 7,556544 9927
-0,918216 6,831445 6299
5,158042 -1,523603 6582
3,758228 -1,694696 4669
4,590062 -1,298330 127
-0,594932 6,084716 1636
6,697527 2,720055 522
8,653084 2,107336 5415
-0,556734 7,744395 2091
4,018565 -2,256650 7537
3,083687 -2,311075 6314
4,926347 -1,832575 9430
-1,829161 5,854407 4317
8,015430 2,132123 9089
-1,046280 6,488040 6643
7,606369 2,252670 2348
8,919528 2,958653 4546
-1,699470 7,216223 6695
8,247666 1,786647 2651
3,001812 -1,259660 8987
4,278575 -2,211431 6194
-0,939610 6,302739 6464
8,936662 1,705552 8489
-0,712682 6,626578 5292
8,672146 3,224564 8628
3,303002 -1,402695 7864
4,213772 -1,434944 521
8,723820 2,571908 8575
3,124171 -2,205883 3725
3,655679 -0,993322 2929
-1,174235 6,014525 1673
-0,676371 7,242213 7354
3,678309 -1,067645 1199
4,538234 -1,049093 96
0,272291 6,483459 203
-1,952286 6,116734 3783
4,332277 -0,893690 3755
-1,662000 5,937810 6344
-0,446634 5,854510 4092
8,139769 1,123937 1490
-1,191299 7,379477 7811
8,141763 2,536586 5192
3,146793 -1,969652 5930
-0,217785 6,912944 9181
3,514695 -2,044879 2482
0,142343 6,412099 5841
8,006620 1,976981 9747
8,097846 3,119805 4141
8,064664 1,757451 3275
8,645915 1,386224 8082
8,102636 3,207136 3877
-1,180723 5,533266 2380
7,438364 1,786369 383
-0,642330 7,295697 717
-1,400026 7,231618 2055
-1,700432 7,997607 3530
4,257655 -0,836840 8402
4,543715 -1,282646 2531
8,387927 2,453157 1292
-1,739068 6,777529 7999
7,734943 3,195031 6878
7,453266 2,718222 4245
7,910090 2,333704 6175
-0,652429 7,660864 2632
3,415241 -1,325323 1715
-0,277951 7,398998 8929
8,498868 1,820658 4801
7,156688 2,187108 9075
-1,398123 7,102457 7712
7,686010 2,264993 6410
7,074632 1,595317 3203
-1,221145 6,747834 6377
7,437894 1,449651 3210
5,324201 -2,096473 9057
-0,749191 7,362786 7255
-1,042239 6,886069 3400
3,582989 -0,809793 5772
8,067590 0,912707 4981
4,009371 -2,234595 5373
8,617140 1,543381 9437
-1,606086 7,133760 9066
-0,527200 6,754181 5691
3,411314 -1,340503 3546
-0,178391 6,729961 1578
7,268729 1,467772 8521
7,533253 1,917438 7078
7,844964 2,582578 5561
-2,262008 6,478966 8856
-1,160131 6,749733 2184
8,214377 2,586407 9168
4,850173 -1,511391 4372
-0,684932 7,751156 1710
7,323216 2,918623 2374
7,496641 2,059485 9448
3,632722 -1,223027 9348
0,088509 6,282301 4441
4,686586 -1,691015 7426
4,286204 -1,396320 9545
-0,758946 7,683573 6704
7,581238 1,856928 8007
8,743996 3,190425 2907
-0,944259 6,898408 6242
8,272385 1,062026 7676
9,199899 2,928784 4773
5,036063 -2,620412 9611
7,109083 2,513598 8822
3,973746 -2,214121 2651
3,170986 -1,077614 6734
4,420107 -2,871520 8909
4,566557 -2,320312 3357
6,621589 1,623532 1419
-0,798554 6,876837 2600
-0,768473 6,726970 2838
5,206271 -1,930960 475
-1,749209 6,964591 3137
-1,500664 7,879723 3605
-0,916651 5,964512 1605
0,387562 7,613527 6166
-0,600104 6,584640 1313
8,104158 2,275324 5215
-2,248919 7,017790 6117
-0,346232 6,715841 2284
8,349798 2,795002 3530
-0,886654 7,616086 8501
0,309946 6,871526 3393
-1,069273 7,820507 2550
-1,476857 6,931124 6452
8,975419 3,505025 9981
7,822056 0,986403 8685
6,721265 2,184232 3483
-0,389683 6,899320 9855
-0,103503 6,352738 4978
8,199795 0,894470 2431
3,469906 -2,549161 2752
-1,881392 6,485994 3210
-1,409360 6,821833 9106
7,877160 1,794126 3897
8,271246 1,929068 3518
5,511211 -0,709522 8185
8,024630 1,645690 4554
7,910510 0,757747 6110
4,411790 -1,652224 5363
-2,299116 7,720098 7105
4,629980 -1,401998 3317
0,160914 7,016308 5145
4,056717 -2,053793 8794
7,676553 0,958805 5021
-0,822813 7,957602 6366
4,076422 -1,263704 4047
8,568716 1,536654 616
8,063548 2,494392 579
7,210487 2,516583 7848
8,214799 1,986021 8285
-0,690509 7,784029 1302
5,186353 -2,448813 8621
4,730331 -1,811880 586
-1,398166 7,605750 8398
-0,646013 6,602260 7852
3,682809 -1,737652 4993
-0,224667 6,260145 4963
6,742322 3,288301 5242
-0,874235 6,847421 7633
7,139961 2,250577 5196
4,230618 -1,892273 4859
5,308141 -1,130044 3387
7,905972 1,902087 7064
2,923873 -0,234490 1130
4,691025 -2,026828 1825
-0,842453 6,040324 3198
-0,709790 6,259475 305
-0,721965 7,046321 3539
3,604482 -1,334964 9062
-0,687557 6,711617 3727
8,595529 2,773188 6711
3,881130 -2,050033 8605
-0,906992 7,157025 5029
7,098862 2,027999 8892
3,974165 -1,070087 1415
8,236167 2,249524 5448
7,574135 1,881502 227
8,490441 3,460301 2040
-0,769903 6,453248 576
-1,302897 5,833984 7499
7,753624 2,630088 925
3,428962 -2,739091 6750
7,079564 2,454414 4620
3,989549 -1,050859 7950
3,371892 -1,356899 4314
-1,200466 7,628255 1941
-1,244333 6,759942 1177
9,149523 2,366546 8053
3,998706 -1,898682 7118
8,160988 2,916785 268
-0,188636 7,111661 7185
-0,978991 5,639438 2993
-0,529115 7,534162 7175
-1,584132 6,377759 6661
-0,554932 7,366326 1212
6,960263 2,345187 2566
4,489035 -1,023712 6793
8,166544 2,341755 7206
-0,650662 6,774297 7382
-1,126555 7,485657 4553
-0,612082 6,226183 6980
4,023624 -1,499934 9647
7,485353 1,649845 9817
-1,691259 7,353849 3049
8,292945 2,132067 2436
7,703728 1,822963 1272
3,811425 -2,087766 1067
4,099125 -1,291623 9005
7,458814 3,105306 1596
4,123541 -2,014926 844
3,672266 -2,009810 5287
7,934579 2,054853 4367
4,672301 -1,550366 7130
-0,508151 7,414082 5609
-0,133845 6,088386 5657
4,475262 -1,067691 8314
7,479238 2,716341 1173
5,320188 -1,879229 5031
3,392583 -2,305142 5724
4,320949 -2,062399 3687
3,974981 -1,458749 3643
-0,990261 6,546533 4116
4,097405 -1,434216 1221
-0,581692 6,733293 129
3,376508 -0,219999 7405
7,406854 2,035920 1328
-0,679572 7,148303 6723
-2,356759 6,723100 9878
-0,813530 6,639218 1774
-0,557457 6,564472 2297
-1,341865 7,710252 3467
-1,028278 7,028166 7025
7,078317 3,195576 9327
8,444515 2,553651 3400
3,086334 -1,867116 6995
-0,025504 6,294607 1326
3,947462 -1,716174 7947
3,751790 -1,659641 6148
7,219513 2,078192 2013
0,156433 7,274082 5504
8,895889 2,672824 6958
3,939632 -0,652033 9600
-1,501556 7,417592 4505
4,006052 -1,991286 1204
7,472394 3,226285 1049
8,458368 2,994384 3411
8,159484 1,971122 4094
3,985556 -1,407469 9917
-1,074107 5,918728 6986
-0,424155 7,718974 4349
-0,378213 8,017038 39
-1,309123 6,699512 1540
7,467019 2,396908 6417
3,008428 -1,497901 598
9,327205 2,731670 2903
7,170620 0,945057 7256
4,010357 -1,970395 7145
7,797890 2,238828 1394
4,041701 -1,383687 581
8,587760 2,446356 9919
3,808636 -1,669622 9387
3,483655 -1,182018 1519
4,169709 -0,896909 583
4,494729 -1,436879 7731
7,652074 1,441275 1629
4,688308 -1,377454 3930
3,707073 -2,681962 8339
3,717725 -1,423956 5637
5,153716 -1,149482 5711
7,230742 2,416674 8810
8,105133 2,081581 4809
4,608682 -1,539642 4366
7,411370 1,709397 2401
4,066406 -0,595822 1944
7,056115 1,834237 426
4,696824 -0,781078 7421
9,005108 2,071794 1201
4,001579 -2,259239 5333
7,355868 1,003303 1512
4,937733 -2,561167 2816
-0,129937 7,051790 5623
4,549537 -2,585732 852
-1,335295 6,762125 7802
4,277193 -2,038199 2365
-0,929780 6,617312 9408
4,416143 -0,293922 2936
7,917560 2,316499 6511
8,103203 1,590164 5647
7,987396 2,379167 4407
3,303214 -2,526520 2771
4,225504 -2,377268 8232
-1,163157 7,798142 1115
-0,965129 6,611128 3693
5,311162 -2,185284 1080
7,904862 1,555397 5910
-0,744080 6,921907 1773
-0,296199 7,209327 7619
-1,306247 7,118642 8504
7,427529 1,304128 2018
7,677816 1,814014 2298
-0,977056 7,772491 3028
-2,176708 6,737492 9371
8,240172 2,656707 9756
4,110216 -1,820503 6138
-0,913884 7,214771 1699
8,014174 2,125805 3808
4,797365 -1,916930 9169
-0,723578 6,893644 8113
8,135232 1,269951 8504
-0,023936 7,934796 7256
3,702276 -1,662734 222
3,503096 -0,774552 2627
3,509587 -0,974470 5
-0,761721 6,662206 931
9,317254 3,350266 343
3,990934 -2,534680 2366
4,657420 -1,662685 9655
4,706423 -2,225856 2067
3,268959 -2,501764 613
4,242635 -1,701536 5365
-0,316441 7,309313 2754
-0,970246 7,232555 8873
4,688294 -1,314329 9038
8,789258 2,379706 7635
7,084082 1,136929 8991
7,736706 0,881866 4276
4,827543 -0,908338 614
-0,417959 7,137806 1118
4,499388 -2,118003 3368
-1,203414 6,562314 4787
3,253554 -2,177513 5740
7,982550 2,374523 9950
8,874150 2,373610 6335
3,946140 -0,499796 409
-0,845822 7,136665 7173
4,349899 -2,347920 3817
-1,182445 7,821399 5302
8,342662 2,316042 688
-1,579974 6,823967 589
8,104163 2,878494 7990
7,839355 2,379227 5877
-0,630470 7,170463 7428
7,844724 2,048341 5276
-0,815824 6,567663 1905
3,662587 -2,188786 4348
-0,156344 6,035302 2119
7,239185 2,428795 7084
-1,365931 6,787477 8335
7,867181 1,535856 2033
7,261689 2,374483 9292
8,455931 0,987528 4652
8,043576 2,007262 2990
3,572751 -1,811805 7302
-1,641983 7,802934 7889
-1,758633 6,722612 7773
-0,572478 7,346719 2068
7,472606 2,784032 9044
4,284601 -0,968287 6375
-2,112082 7,875222 2167
-1,644778 7,560016 6648
-0,996345 7,660033 2032
-0,661625 6,669276 8019
4,638151 -0,282294 921
3,405330 -2,349174 317
3,077080 -2,160570 5791
8,724806 2,041695 4450
-0,412203 7,360957 1041
4,114748 -0,492692 688
3,744806 -1,687384 5151
8,956535 2,443633 3628
4,390686 -1,952000 6588
0,062381 7,516390 2794
-1,583853 6,793627 6737
8,873279 2,089659 4206
3,883788 -1,689255 9456
-1,260105 6,784030 3794
7,081761 2,045106 4215
4,423914 -0,603927 1926
-0,934122 6,453402 1280
-2,006046 7,347043 3426
8,232453 3,474267 9461
8,642249 1,493599 491
-2,295397 6,952085 4524
7,154408 1,545246 327
-0,087213 6,975144 3344
7,903861 2,014724 3149
3,861200 -1,307100 711
4,243524 -1,766759 7563
-2,293152 7,118259 5275
8,143541 1,739735 823
8,653625 1,895072 2869
8,101264 3,050643 5713
4,341231 -1,347320 6205
4,937803 -2,325049 6096
3,604282 -2,098496 5080
3,683851 -0,456449 2481
8,695550 1,572678 2019
4,346059 -0,870494 4063
3,741872 -1,534924 5109
-0,201680 5,994779 6049
7,051180 1,884003 702
-0,698151 6,416596 2068
8,145551 3,005691 1962
4,420354 -2,000219 5182
3,599609 -1,355192 318
4,354088 -0,621113 2057
8,152416 1,722774 633
4,231287 -1,581721 4674
8,132036 2,133067 8050
-1,014519 6,700299 3200
-0,630525 7,249433 6578
4,765111 -2,011188 8817
7,792371 2,769702 4215
0,072373 6,707025 1955
-0,332891 6,537616 2575
6,961252 1,399383 7163
-1,285416 6,439449 1638
8,095386 1,492076 5232
7,785665 1,821692 7617
4,225755 -1,648776 5656
3,303110 -1,972746 377
5,061203 -1,894523 1561
7,630109 2,486235 979
3,438775 -0,662458 7569
8,008481 3,110380 1631
0,068797 6,723160 9839
-1,241058 6,584803 3631
7,942230 1,020513 23
3,754953 -2,161480 5045
4,664286 -1,154176 8568
-0,273628 7,401626 3311
7,914490 2,059843 4689
-0,932404 6,174550 6023
0,379108 6,397653 2105
-0,995388 6,208563 1663
7,952483 2,225966 1500
3,814228 -1,403775 8741
3,984851 -0,607747 3731
3,797891 -1,972037 4835
-1,901688 6,769631 1897
4,027270 -2,311840 7486
7,617350 2,286105 124
-0,386747 7,893699 8003
-1,013503 7,530262 5533
4,028575 -2,272730 9119
4,495949 -1,296184 5457
-1,561234 5,888704 6157
7,840057 1,486456 3743
8,422313 1,617768 1197
-0,206380 7,197724 2412
7,448849 1,728317 6972
-0,220096 7,680923 4763
-0,613616 6,116109 5585
4,699464 -1,359495 3896
8,227516 2,302076 2390
5,098380 -2,960777 7143
-1,955853 7,007621 804
3,856703 -1,869619 2892
4,968132 -1,643595 5839
-0,833090 6,468580 5637
7,735105 1,540754 1319
4,655879 -0,877138 9031
8,660840 2,993746 365
4,227919 -0,832419 4854
-1,143107 6,762257 4513
4,018182 -2,006759 3052
4,533273 -1,515523 4326
4,102992 -1,071328 5273
7,127476 2,545624 7589
4,510206 -1,676654 6510
7,900355 2,244240 3179
4,152602 -2,344112 1781
3,557718 -0,974962 6708
-1,812585 6,795089 7172
4,809736 -1,983358 7994
-1,752879 7,280528 8957
-1,521398 6,350286 2777
0,177918 7,424239 8793
4,988668 -1,024479 9416
-0,379075 6,875593 4406
8,534700 2,173485 9819
7,455143 2,231199 1209
-0,694369 6,637362 3048
-1,405025 7,773706 2092
3,720365 -1,327910 7804
4,757153 -2,111442 1153
-1,243518 7,178882 1554
7,621752 1,763891 6976
4,672278 -1,339483 2453
-0,923488 7,657728 7421
4,656721 -2,075690 3039
-1,282878 7,222152 3325
-2,313825 7,623865 7653
3,933497 -1,384638 4969
8,619159 1,164812 4321
-0,953144 7,908129 5862
-1,961976 6,390304 8951
7,590429 2,077779 813
-0,858523 7,019828 3468
-1,832143 7,318933 879
7,916586 2,140859 3682
-1,265578 5,964347 3120
3,953256 -1,766850 6937
4,947532 -1,181678 7075
5,371516 -1,508151 5304
8,251297 1,614231 8326
-0,453914 7,537960 1037
8,555155 1,925965 7703
7,106531 1,419695 8649
8,880030 2,027289 4589
7,216229 2,590717 2455
-1,495371 5,874892 6167
-1,300129 6,902032 909
7,438691 1,570685 4080
-1,061010 7,101842 3751
3,606092 -0,444691 6840
3,543981 -1,010102 819
4,601335 -1,797175 7496
-1,164925 6,454624 1397
4,173458 -1,903220 5491
-0,524073 5,824824 3418
-0,162361 7,941483 9491
9,061368 1,793108 7326
3,401611 -1,508963 3150
4,367853 -1,650465 7608
-0,744455 6,620604 6007
-0,680136 6,067263 9031
8,453298 2,581456 4291
8,614794 1,887010 4037
5,178447 -1,429671 4090
-1,569152 6,749256 5610
8,979738 1,883483 2811
4,847337 -1,868808 7501
3,414270 -2,172579 7850
0,510406 6,243006 4848
3,498631 -1,384298 4088
3,146508 -0,144349 1561
-0,037470 7,857488 2724
-2,024774 7,497406 2488
-1,147955 6,008007 8747
8,422616 2,289347 1236
-0,292972 7,998047 1833
3,931933 -1,997388 8013
8,944839 2,681306 7141
4,684471 -2,700509 4100
4,550054 -2,000297 6034
4,175981 -0,999901 284
7,790766 1,399482 1141
-0,681103 7,024399 1110
-1,823976 7,488162 770
-0,337366 6,434946 1031
7,083325 3,025104 973
7,141200 2,162913 8661
2,962877 -1,989324 2106
5,265503 -0,873746 8112
7,785155 2,013206 3988
-0,819857 8,024273 5617
-0,149737 7,362925 3289
3,072887 -2,489795 6032
8,140034 2,067425 761
8,508062 2,421760 3233
5,166995 -1,811001 9810
3,880763 -2,567606 5483
7,613425 2,764543 7536
7,611163 2,478502 3239
-0,652883 6,199650 6003
3,631553 -1,865265 6293
7,198613 2,183973 8887
8,070029 1,263142 9183
7,908748 2,830835 4597
3,879009 -2,338364 5750
8,809188 2,816107 4416
3,269452 -2,412937 9927
-1,641239 7,496861 609
4,350761 -2,186769 1864
8,284405 1,808257 1834
-1,563884 7,735988 2870
8,620357 2,462275 5543
-0,133922 6,635223 6792
8,649300 3,060025 3991
8,494153 1,073634 9632
-1,520427 6,315580 545
3,740692 -2,119358 3916
-0,582614 7,045413 9681
8,311404 3,070358 8703
8,518542 1,285840 5701
5,008656 -1,862727 7682
-0,167054 5,997454 3421
-1,221298 6,794831 392
4,727537 -1,819212 9243
7,565709 2,061058 3722
3,947017 -1,810382 7314
-0,907727 6,340394 4233
-1,546794 6,752888 1505
8,345036 1,544595 2916
7,452716 2,158380 5448
7,945711 2,774674 63
8,584185 1,906770 4004
4,595190 -2,817274 1981
9,001631 2,570179 8341
8,390394 2,607117 1836
4,609314 -1,576844 225
7,734142 1,269835 9706
-1,703995 6,287548 1704
8,228429 1,924591 8091
-0,902595 5,766692 5704
-0,535934 7,606723 6825
4,578234 -2,148540 8496
-1,046881 7,169667 84
8,714715 1,947023 5644
3,905899 -1,750395 1594
4,494134 -2,584168 869
7,565942 2,368332 9871
3,473561 -1,177237 6452
3,297936 -0,560020 6111
3,939545 -1,035198 9019
-0,843809 6,041365 7925
7,610013 3,095905 5971
8,120115 0,890782 7919
8,652169 1,573144 1072
-0,577879 5,995371 7576
6,896313 2,802708 2483
3,214947 -1,732117 2399
-1,302469 7,645859 9748
5,389238 -0,941096 7264
3,934479 -2,618621 6261
0,106427 6,886319 177
-1,412070 6,200189 461
4,078683 -1,582698 5265
4,232397 -1,598223 4251
8,061931 2,639492 5182
8,011226 2,510193 741
7,539756 1,998176 9907
3,006266 -1,519866 1577
3,284937 -1,065955 1564
9,037300 2,458724 2510
5,079178 -1,430232 6634
3,089096 -1,478204 6182
-0,379289 7,022084 5065
8,308561 1,798304 3411
7,682096 2,252589 8804
8,253015 1,472621 8667
-1,711648 7,719170 9705
4,364854 -2,149207 3722
4,267403 -1,057916 8459
-0,756830 6,296203 9092
8,531967 1,665094 9608
3,758408 -1,875596 9821
-0,695625 7,336243 1662
-1,781174 6,162341 1417
-1,048999 7,677626 3412
7,973111 1,559450 6716
7,331458 2,454553 4115
-0,426318 6,233164 4736
4,212568 -0,877802 8390
3,427434 -1,609979 2882
8,704231 1,964652 891
-0,270695 6,469182 9505
0,308730 7,195975 9061
4,119746 -2,362961 6112
3,492755 -2,593649 1024
7,900076 2,545690 1593
-0,910962 7,232196 9835
-0,742892 7,278291 312
-1,456161 7,191273 3537
-0,901467 6,239103 3810
3,853555 -2,161321 2529
-1,314356 6,744567 5587
8,090069 1,796009 5633
3,458142 -2,580380 1871
4,386038 -1,473537 2428
8,423087 0,911401 871
-0,899550 5,965978 5748
4,226265 -1,652515 9532
7,919676 3,274482 2226
4,628438 -0,519357 4995
-0,308154 6,844804 7091
-0,699239 5,931950 6326
-0,844292 6,570001 7514
7,895826 1,664603 513
3,529220 -0,778901 9081
-1,040505 6,873453 9891
7,632000 2,016748 1055
3,564049 -1,643191 4946
4,911870 -2,443043 1233
3,729503 -0,841486 6258
-0,511736 7,042743 5290
4,641266 -1,821469 7335
4,138256 -2,287026 5690
3,804745 -2,364343 4741
5,211953 -1,532908 2727
-0,938395 6,416274 7238
7,113744 2,112625 2746
7,028171 2,120898 7406
3,888281 -1,783407 7864
7,477443 1,633080 3024
-0,632909 6,483088 8189
3,891698 -2,659658 8287
3,596012 -2,567044 244
5,561884 -0,964891 4153
7,800789 2,292450 2706
4,164606 -2,073994 1750
3,331680 -2,180941 2121
3,660543 -0,398121 3643
3,495789 -1,510305 4345
4,325566 -1,630813 3076
5,226260 -1,581741 496
4,625601 -2,392674 6826
7,917138 2,158449 3024
4,111941 -1,148661 7140
-2,065675 6,158515 10
-0,501654 8,270608 9434
-0,519855 8,055478 3746
7,666252 1,357288 6078
-0,566559 7,119140 7402
4,842129 -1,852203 7308
8,106130 2,420531 6083
0,261779 6,144306 682
7,677897 1,180408 2064
8,593163 1,171421 4091
-0,910550 6,249583 4311
-1,468949 7,022424 7991
-1,371861 7,368427 2014
4,476555 -1,169546 242
7,778521 3,100280 216
-0,873132 5,978089 4600
7,859886 3,035227 9208
6,993438 2,588053 3497
-0,811378 6,796559 9084
-1,117164 7,741580 7601
-1,160758 6,142793 2590
7,780977 2,280844 3289
3,729289 -0,887236 2965
4,373941 -1,866196 9177
-0,078409 6,963301 9080
7,815809 1,759468 9458
8,029704 1,754233 3966
-0,684179 7,692819 3141
-1,944473 7,766354 496
-0,528966 6,698552 3759
4,969166 -0,631074 2470
8,723317 2,743025 7755
3,984448 -1,422758 9110
-0,677875 7,339544 4001
3,708895 -1,283658 2317
-0,104706 6,615692 9707
7,969896 1,789666 368
4,601882 -0,738549 2170
7,987435 1,260542 6965
-1,624346 7,137866 1896
-1,555095 7,386183 3397
-0,570208 7,054502 1105
-0,267957 6,951350 2765
3,596798 -1,047879 9116
-2,151401 7,044076 3245
4,282919 -1,502293 2764
-1,445865 7,659218 6823
4,231273 -1,660863 9462
-1,390307 6,778038 1063
0,100259 6,350206 6369
-1,517680 7,145885 9269
-0,657545 6,307718 7461
8,114202 0,788426 1800
8,085384 2,435883 2210
-0,830738 6,970251 7723
-0,839391 6,522321 8345
4,242210 -0,831802 2223
8,332062 2,216678 4216
3,720109 -2,501806 7494
-1,670018 6,630371 1152
3,362255 -2,380353 1412
4,263642 -1,864177 1668
7,365809 2,374759 1190
-0,366764 7,594909 4456
-0,376211 6,573116 3536
4,003382 -2,141300 4593
4,447230 -2,496369 5669
3,897050 -2,153808 6523
-0,304139 5,864673 9780
-1,480820 7,062978 3157
6,610051 0,969080 5940
-0,930496 7,075887 566
-0,778239 7,591543 8768
3,545605 -1,251650 906
8,623796 2,250527 365
7,417357 2,426132 232
4,802193 -1,271737 4284
-0,637616 6,066780 1874
8,453719 2,036245 2393
-0,740728 8,010872 8769
3,877085 -1,615820 8306
3,640832 -1,464536 358
-0,864995 7,466211 13
5,452014 -0,991858 5673
3,348009 -2,315900 9135
0,091734 6,295088 4996
-2,088641 6,917347 5176
8,654940 1,474222 156
7,571105 2,291748 1985
5,166326 -1,214830 3510
4,735153 -1,771329 6817
7,933827 2,109500 4405
-1,177653 6,357413 2663
-1,518532 7,101177 9661
7,897729 3,242204 9043
8,291657 1,248754 5048
4,756530 -1,298062 5382
3,290333 -1,438201 7413
8,546198 1,890235 7542
4,129451 -2,170296 4427
3,436115 -1,474501 1593
7,908415 1,254999 4199
-0,859861 8,130503 6543
8,384290 2,608425 8099
3,546859 -2,199803 5739
8,116534 1,912981 6161
8,775439 0,905817 3213
4,403270 -2,178106 6365
-0,382877 7,281678 4697
8,298158 3,133118 1316
3,739225 -1,888727 6452
-1,807363 7,533752 8962
4,968231 -1,799911 627
-0,683069 7,991164 4833
3,863001 -1,751930 3650
-1,561260 6,181697 4960
7,240765 2,489097 7164
9,030586 3,018219 454
4,027030 -0,985180 2655
-0,412317 6,741213 1999
4,180376 -2,949057 9955
4,052534 -1,599192 6798
3,663692 -1,240687 6198
4,561505 -1,669820 8741
7,559797 2,125741 2307
-1,033979 7,293553 7835
8,041261 1,869027 3380
4,555186 -0,808766 9399
7,306651 2,040757 5464
-0,072664 7,808403 8441
4,475178 -1,406439 4848
4,463400 -1,413811 2483
8,651023 2,797003 7845
7,272189 2,524003 594
4,883846 -1,524602 7548
8,076935 1,804787 6919
7,430194 0,924095 4829
-1,019422 6,074200 2531
3,974235 -1,583048 1911
8,104320 2,153783 8946
8,218769 3,186249 7813
-0,858485 7,915207 6339
7,515585 1,089426 5779
5,314586 -1,889674 5361
8,895217 1,373898 9974
-1,779564 7,250523 9440
-0,720006 6,586432 2741
-0,924404 5,824788 9670
-0,932338 6,866949 5659
-0,648201 7,072545 86
8,139876 3,009536 4463
-1,588225 7,196463 3117
-0,102413 6,693060 1156
8,429321 2,071642 1901
8,532803 2,005845 4613
-0,558878 6,277045 1849
4,225302 -0,674296 1477
-1,609492 5,866419 9615
9,197152 2,463634 4022
8,045305 2,074173 309
8,313275 2,810425 278
-0,839885 5,933225 6169
-1,274213 7,808482 6870
-1,125318 7,473952 51
-1,853094 6,227873 8214
-0,096041 8,040556 4384
7,931458 1,939003 439
-1,122634 8,162757 6968
4,228591 -2,391155 5825
4,037907 -1,322056 3307
7,053721 0,859833 7168
4,405204 -2,957435 6461
4,687481 -1,937813 2563
3,946272 -2,220246 4833
-0,879294 7,097690 2750
4,592053 -0,970088 1494
4,546600 -1,340743 8344
7,220904 1,878156 9406
-2,125893 7,154093 8293
-0,651208 6,766963 2584
3,927850 -1,350033 9690
-0,699291 7,235258 2037
7,642723 1,268692 4296
4,223229 -0,909361 4611
4,138070 -1,543682 4428
4,212504 -0,357213 2604
8,211368 2,213665 7569
5,262314 -2,967885 8007
9,112665 2,522996 1894
5,407046 -1,915951 1149
3,957764 -2,779688 3998
-1,388135 6,062830 3550
8,679367 1,987698 1048
8,931906 1,639458 9791
8,611726 1,830263 3512
-0,788725 6,926632 3803
-0,164305 7,188203 205
-1,829200 6,705077 6066
-1,037761 7,500088 4658
-0,767857 6,490999 1369
0,284939 7,155407 1953
7,530240 1,071203 1596
-1,102862 7,625996 9392
7,166508 2,751218 3836
8,862860 1,710686 6261
-1,383045 6,497448 7177
4,620783 -0,759500 7575
-0,914860 6,599164 3095
-1,276241 7,525834 1080
-0,758892 6,115445 5615
-1,195552 7,242099 1724
5,051748 -1,434258 4244
4,557652 -1,126417 6267
3,860798 -1,519645 3105
-0,230474 6,124220 2692
8,208601 1,614276 6268
-1,834086 7,759226 170
-1,006372 6,656493 2422
7,975156 2,953395 9511
-1,420895 6,837201 777
4,544044 -0,930408 8713
0,162153 6,842648 3159
-1,995685 6,982705 6831
4,394555 -2,706141 4787
-0,082500 5,879075 6700
7,622331 1,579453 4307
8,053632 1,998733 3755
8,136766 3,143378 5740
4,409693 -0,482925 6829
-1,348570 5,520861 6093
8,051064 1,428776 1092
-0,141524 6,264529 3440
-1,928237 6,986562 421
5,583376 -1,984781 546
8,600965 2,300211 4694
8,344995 2,848098 4814
7,975367 2,793101 4687
3,096960 -2,062209 7847
7,820441 0,662226 5807
8,291381 2,986688 5544
3,562118 -1,370951 8143
7,924299 2,105529 8579
3,178165 -2,668673 4841
8,470828 2,124440 3729
3,553303 -1,342182 6594
8,973077 2,389815 8610
7,201130 1,969623 8553
-0,335453 7,641801 4023
4,949634 -1,256603 3017
-0,965788 6,694716 1015
9,216319 1,384928 3173
-1,257281 6,796932 7837
-1,807951 7,398544 7613
4,191779 -1,854222 7269
7,098290 2,721236 6072
8,378912 3,243294 1264
8,459391 2,308283 5710
-1,270619 6,910762 5567
3,473574 -1,607988 1440
-0,681126 8,105343 2334
-0,926911 5,821934 6258
8,260331 2,313114 8886
9,334530 3,204323 4709
-1,985834 8,098212 6256
7,815292 1,989360 4062
-0,854339 8,085262 7758
-0,961210 6,764526 1556
8,050133 1,904103 2323
4,706497 -1,543905 5572
2,956969 -1,729215 8208
-0,696034 7,218264 5677
4,459572 -0,857123 9527
-0,707529 6,995703 4681
7,386802 2,411850 5003
5,045166 -1,505667 7832
4,089137 -1,494045 7359
-1,070732 7,541543 8613
-0,535005 7,635321 2312
8,848734 2,198430 8028
4,074022 -0,559278 6314
5,286648 -1,602443 6310
-0,407473 7,141028 536
7,815743 1,812199 1200
4,979779 -2,089799 4975
-0,624412 7,581195 3207
0,084020 7,622091 3203
5,401107 -1,790730 1726
-1,040898 6,614771 4348
3,938498 -1,507243 8840
-1,140039 5,810408 6630
-2,370204 6,626430 3550
8,314066 1,148679 4760
-0,566857 6,243860 8262
-1,992278 8,117677 1275
-1,602696 6,922039 5092
2,785991 -1,760463 1186
-0,277483 8,023402 482
3,641557 -1,932758 2152
7,356231 1,106596 7276
-1,610809 7,816879 8238
-1,474623 7,071461 9005
7,640554 1,897976 9248
8,168959 2,439620 7191
5,297833 -1,648519 4828
-1,462593 6,686985 9463
-0,293974 7,031954 7460
-1,216922 5,994495 3311
-0,279946 7,147621 8554
8,789539 1,956091 5382
4,412644 -1,058565 6047
-0,621565 6,849740 8810
9,042777 2,552544 3566
3,435135 -1,105223 4457
3,693724 -2,481006 7207
7,574506 2,014881 3279
-0,357527 5,953014 4172
3,124932 -1,678523 6797
4,648588 -0,895097 85
-1,067255 6,797132 35
-1,380463 6,521942 6610
8,679536 2,914419 6659
-0,120330 7,862029 5698
7,984265 1,505030 4528
4,194630 -1,484908 6269
7,996337 2,448872 8180
-0,113310 6,527106 5628
-1,846490 6,191279 9132
-1,388634 6,957828 9717
4,150546 -1,335259 5210
4,814943 -1,066717 3502
8,521021 1,444465 336
8,797016 1,630919 9192
-0,119259 6,037526 1429
7,022350 2,762394 653
3,788999 -0,671547 1613
-1,931475 7,091604 8151
-2,038688 6,449705 2503
7,767868 2,223993 3489
-1,015696 6,868304 9306
8,898130 2,188675 3148
8,429291 2,098847 4694
0,023308 7,014979 9750
3,423375 -0,361309 5136
7,777254 2,033121 4688
7,621841 1,277254 6045
8,084291 2,363296 8350
4,187790 -1,155324 2476
3,226162 -2,906807 2014
7,235347 1,602200 2238
6,878804 2,663824 4691
-1,673410 6,118704 8206
4,347927 -1,081711 730
-0,286140 7,648645 318
8,351508 1,792497 150
7,897554 2,319834 1168
7,179895 1,903589 3665
-0,705445 6,598835 570
4,551387 -1,750958 7484
-0,715287 7,290655 1642
8,995140 1,992016 1910
8,481593 1,894736 4305
7,178468 2,909931 9651
7,877164 3,050535 6832
-1,600239 6,848044 9539
8,104502 2,981066 8059
0,325810 7,855439 6508
3,470622 -1,881913 5095
-1,036202 7,870674 9387
-0,954640 6,828938 5846
4,692050 -1,906069 3134
0,260167 6,025179 6864
4,267526 -2,146550 6776
4,201771 -2,001449 9775
7,772258 0,747049 8850
4,315093 -0,878107 1423
-0,860941 7,226027 8689
8,848128 1,683973 9388
4,857812 -2,156233 488
-1,488604 5,898176 2538
4,788884 -1,362840 9781
7,175973 2,200639 1468
4,127872 -1,964761 7642
-0,251643 7,719348 1813
8,356409 1,859536 939
8,013897 2,329633 6586
-0,158010 6,425492 3368
7,491113 1,563917 8962
4,691100 -0,336927 5987
8,110225 0,856523 1447
5,250493 -2,231075 13
7,141967 2,006656 2640
4,081243 -1,383018 6301
-0,170812 7,103107 8044
4,765009 -1,415030 2867
8,285606 2,231843 9722
5,394484 -1,526516 8616
4,516407 -3,047372 5975
8,877030 1,815898 2855
5,202286 -1,761301 6921
-0,662686 7,836114 8545
7,841992 1,739928 8969
4,245810 -0,939957 3047
8,546481 1,183599 51
4,920611 -1,801701 1394
8,066673 2,312842 3356
-0,415867 6,860484 8248
5,048979 -1,898729 3252
7,170781 1,258734 9843
5,382776 -0,972971 1946
9,119093 2,159991 3732
8,502181 1,189243 8559
-0,784431 7,032466 5324
-0,411515 6,448105 2145
-0,010968 6,342741 2222
-0,595299 7,066406 4149
8,478869 2,408460 2478
8,514197 2,496201 9355
7,043508 2,328858 366
3,609446 -1,851806 8459
-0,684259 7,325887 5915
-1,245061 5,640170 6259
-1,199639 7,055294 8039
7,689057 1,959128 7649
7,842571 2,600175 8945
4,361920 -2,275999 4153
-0,815212 6,240372 2231
-1,054841 7,826215 5283
-1,889744 6,325679 3731
7,502313 2,554004 8615
8,089230 1,246232 7730
3,555096 -1,728682 7458
-1,612440 6,197514 3833
-0,713959 7,363628 5930
-1,227278 6,276851 8143
3,957439 -1,463457 4264
-1,017029 6,424516 1031
0,031858 7,021002 9822
-0,800820 6,568883 2980
-1,951508 6,723322 2286
7,389256 1,531421 4987
-1,364208 6,303834 5064
-0,714890 6,398837 2125
4,610057 -1,720939 5371
8,303621 1,051281 4787
-1,001404 6,760426 8315
3,550422 -2,339631 5908
3,852750 -2,088254 7918
3,975463 -1,727690 30
9,063934 2,290262 2722
3,850093 -1,164326 3244
8,213818 2,444425 2032
-0,661836 6,220285 5804
3,991033 -0,568018 5204
-1,678013 7,342717 8811
4,851465 -1,207774 4914
9,076131 2,592048 8149
8,988392 2,136914 9726
5,380796 -1,726503 6257
-0,275855 7,038817 9460
4,058584 -2,545517 1469
-0,815241 7,826787 5353
4,686166 -2,211214 1895
7,895987 3,043565 501
3,814981 -0,829823 7870
5,112947 -1,893907 7176
4,728397 -1,249108 2340
8,121744 1,999582 275
3,810915 -1,633996 9094
9,042895 3,105328 335
5,228012 -1,091022 39
4,747281 -1,072465 7938
-0,808168 7,606595 9478
5,359360 -1,736923 5012
7,902333 2,686779 615
3,381525 -1,741499 2418
-0,222564 6,843127 4333
8,672892 2,525779 466
6,785233 2,722146 1377
-2,322149 8,000686 2665
7,813323 0,896320 1117
-0,913741 7,498950 3226
8,915370 3,078324 2623
-0,974892 7,742344 8327
8,013367 1,515361 5374
-1,274388 6,713638 6364
-0,590937 7,535576 1817
-1,108344 6,496709 7338
4,535508 -2,232981 7921
-1,568049 7,647433 8809
-0,816757 7,430999 6501
8,275317 2,808232 4050
7,964961 1,788939 3001
-0,357821 7,180624 6002
7,889275 2,032319 6896
6,667919 2,686346 400
-1,066191 6,405236 3990
-0,216563 7,161997 4539
4,534833 -1,317236 6387
-0,531994 7,302707 7111
2,803084 -2,006302 6227
8,345010 1,627534 7252
8,227007 2,035471 3418
9,154913 2,549820 3763
-0,865777 6,255846 5113
4,537096 -1,861874 3782
8,938052 1,999807 9615
8,731359 1,493071 9276
7,380056 1,866637 1894
5,566779 -1,383485 3686
3,572164 -1,549994 4996
8,468601 3,068365 2599
7,758987 1,250600 5930
-0,359701 6,840279 2776
7,875215 1,827713 1908
7,247125 2,406806 8148
-0,655361 7,364298 8933
8,966867 1,988597 4311
7,688838 2,253324 2066
4,194358 -1,901089 7789
7,839506 2,931372 2146
-0,775940 5,905320 3509
7,838253 2,842604 7308
3,584476 -1,597085 5390
3,952438 -1,389668 6002
4,645119 -1,246961 2247
-0,834814 6,402857 5359
8,126302 1,658477 615
5,336069 -1,452628 9459
7,721042 1,322516 2064
4,269481 -0,664726 842
-2,137383 5,824898 7805
-0,909379 7,863020 6670
-1,789971 7,081289 9075
4,185679 -1,539687 9567
8,121019 2,015336 3426
-0,549199 6,382054 6966
-0,811172 7,461383 2010
8,731549 1,962509 2509
8,342772 2,308180 3306
5,429366 -1,551383 7329
4,181858 -1,651643 6875
-1,943849 6,690477 4591
-0,211510 6,546308 3992
8,058448 1,504815 6966
3,387908 -1,434077 6695
6,897461 0,728006 8063
4,749151 -2,443307 3548
7,462517 2,068727 8238
-0,095009 6,969328 8895
-2,312793 6,361799 1809
8,743812 1,724122 1026
4,831500 -1,682678 254
5,189200 -1,939259 358
4,696928 -1,156084 5671
-2,113663 6,860533 8293
9,156643 1,935177 9664
-0,411893 7,166252 9780
4,211023 -2,071474 1592
7,287392 1,974978 3164
9,153863 2,829314 55
-1,011422 6,713450 8360
4,109923 -1,766708 3063
7,873481 2,960595 422
3,608194 -2,227912 6186
2,888919 -2,357211 6819
4,656030 -1,478462 658
5,253686 -2,360767 1594
3,875015 -1,832290 4554
-1,574550 6,694140 732
3,182444 -2,933125 5676
-1,657472 6,365744 6626
7,792892 2,765693 7771
7,401495 1,915110 524
7,169259 2,538834 8768
3,944079 -1,555377 8661
7,037796 2,406301 6743
4,637197 -1,457409 9554
4,149183 -2,147232 1661
-0,268933 6,336897 7680
7,430232 2,370209 5942
-0,134262 6,876376 1316
3,805201 -1,636978 1001
-1,955900 6,119079 8717
7,639356 1,947633 6410
4,030158 -1,748359 5280
8,149046 3,069845 4990
8,981621 1,881769 5220
-0,645141 7,814431 9795
8,271178 1,450398 3772
7,963119 2,690762 4995
8,341504 3,142199 3049
7,926383 1,344644 5234
4,701007 -1,037188 8413
8,481175 1,752607 1662
-0,092522 7,843391 6631
3,623697 -1,277972 3717
4,489755 -0,693795 2182
-1,804412 6,162535 1518
4,327476 -0,728328 3265
5,075681 -2,573873 9423
4,638197 -2,983185 3720
-1,616578 7,292100 4363
5,456388 -1,175112 7380
-0,530200 5,902391 5648
7,953322 2,858225 1365
3,732150 -2,786640 3039
3,158941 -1,261201 8266
3,491308 -2,426570 4306
-0,621374 6,180963 1402
7,950546 2,936408 7325
9,242727 2,395856 6086
7,627073 0,763836 8383
8,927271 2,017867 6417
4,349793 -1,110191 7600
5,078128 -2,413323 8327
3,469341 -1,073744 804
-1,301158 6,570564 4916
7,704846 1,739493 4214
8,269969 2,009189 5824
4,169585 -0,956500 9732
-0,926644 5,888300 7227
8,254756 2,044193 7319
3,717559 -1,607819 4324
7,292024 3,312700 6550
3,114375 -1,187189 3737
7,453012 0,976597 4143
-0,131392 7,009694 9215
-0,286988 8,246871 7137
4,312686 -2,502129 3406
4,745297 -1,801759 623
8,144686 1,737783 3226
-0,352690 7,694138 9776
6,590405 2,464355 4362
-0,812128 6,219967 2329
8,138198 2,036661 7145
-0,428055 7,274617 7697
-1,802947 6,556705 9015
3,100605 -1,402092 4577
-1,412131 6,913252 6603
-1,362283 7,336956 6814
4,629116 -1,516778 7280
8,695256 3,212125 3061
7,516663 2,602675 1051
3,215880 -2,690056 1700
8,470413 2,384016 2724
3,831362 -1,268004 8695
4,444633 -2,074470 8380
7,815846 1,571098 6668
0,409661 7,755017 4743
7,866364 1,205630 6947
8,662819 2,140092 8346
3,942761 -1,488915 1632
-2,271898 6,981532 8075
-1,667890 6,918445 6870
8,174069 2,111426 1918
-1,491727 7,710985 8092
-1,291045 7,043809 8450
3,409470 -0,847175 4905
-0,806392 6,256502 3270
-1,354847 5,955639 5640
8,641928 2,088383 6572
-0,510377 6,825126 7246
-0,461094 7,142457 8486
4,520168 -1,328815 8746
9,098053 1,940714 8340
8,271570 2,130509 6883
8,086682 1,706662 9887
-1,596499 7,007018 9047
-0,878195 6,864090 4190
7,787777 2,626994 3132
-0,917028 5,556513 252
4,727176 -2,090179 3572
-0,928956 7,020903 7356
7,796681 1,630839 9869
4,440765 -2,080499 7930
6,942042 1,595046 6179
-0,673184 6,490685 2270
4,239418 -1,226392 3068
-1,411308 7,082589 3796
7,202572 2,920558 1771
-0,143492 6,759339 4915
-1,669596 7,704711 3555
8,168716 2,302275 8104
-1,453658 7,570977 3086
8,060692 1,326632 4365
4,138002 -0,375266 9291
7,228776 1,438399 7624
7,338533 2,110946 5804
-0,674370 7,227445 5181
-1,131861 5,558686 84
-0,517927 6,999222 3342
7,263543 2,411371 1839
8,523390 1,182252 8864
4,875514 -2,128562 3060
-0,915065 6,851250 4471
3,626820 -2,138222 5015
7,597463 1,688157 8913
4,864507 -2,191670 3816
8,308620 1,721802 5472
5,428441 -1,714711 1631
9,099064 2,082885 6285
8,303566 2,449229 2345
3,043222 -1,882579 543
4,905510 -0,874408 4190
-1,889188 6,425155 7305
-0,970197 7,726998 5950
-0,331674 6,864213 1461
-0,315143 7,014173 3600
-0,940519 7,222904 983
8,069059 1,073854 7649
-0,318088 6,052245 9979
4,497606 -1,762290 6667
7,643070 0,876587 9840
-0,938436 7,719684 1686
-1,319926 7,535196 3454
4,645201 -2,500616 673
4,039700 -2,274650 3527
4,372367 -2,031325 7690
-0,982000 7,601429 3184
4,022192 -2,335233 1092
-1,058939 7,120568 8537
2,961718 -2,358749 2903
5,255041 -1,013669 3164
7,317550 3,031961 1976
8,965184 0,765619 8108
8,130470 2,759093 1154
4,066785 -1,955422 1538
-1,130983 8,114950 4781
-1,052765 6,093943 6137
4,089269 -1,352630 6651
4,758785 -2,759273 4852
-0,791671 7,254422 3490
8,317557 1,504762 5575
5,337884 -0,338536 7151
8,820536 2,608229 4012
3,858694 -0,600674 7415
-1,748710 6,548935 1290
6,864328 2,830054 663
-2,023060 6,795120 8436
-1,115069 6,148467 9971
7,588360 2,317665 7662
5,215071 -2,058209 4722
7,747278 2,742376 2344
8,715400 2,484066 6854
-0,577630 6,731816 732
-1,177647 7,074066 3367
8,049133 1,613769 3744
8,058162 2,633681 6502
-0,225822 6,954454 7255
4,348103 -0,621321 1466
-0,690244 5,595476 6013
4,617311 -0,347926 9996
8,143328 1,934772 8444
-0,954274 6,977327 1402
4,709137 -2,165966 1678
4,767739 -1,179616 8175
7,447869 2,335838 3246
-1,666280 7,936040 7429
-0,991032 7,511868 5664
-1,295995 7,619619 3577
-1,737439 7,304973 2909
4,524912 -1,706942 5755
4,225677 -2,088721 6389
7,474876 2,650664 8347
8,571733 0,857173 1348
-0,958608 7,721876 9126
-0,723049 6,986823 6392
4,345475 -1,642170 5143
9,320959 3,106113 5869
2,885404 -2,865043 1242
-0,759900 6,859430 3876
6,948890 2,325890 2098
8,687491 1,924324 4673
3,970306 -0,518478 5326
5,203361 -1,567516 4330
-0,478006 6,832340 78
7,991268 1,420673 5933
-0,930553 6,875483 1871
4,435768 -1,976231 2832
-1,398115 5,901426 6902
8,571032 1,830694 5138
5,027911 -1,531411 2824
4,996318 -1,445184 5579
4,424039 -1,602195 8501
8,831638 2,250060 456
5,028338 -2,194351 9831
8,865062 2,695695 9665
-0,862060 5,693675 7818
7,530561 0,969356 7103
3,858366 -1,583064 2168
5,266174 -2,755326 5762
7,939381 3,027106 8383
-0,951241 6,724606 46
-1,914354 6,449594 6365
5,104368 -1,355653 4951
8,420612 0,849618 5207
7,964566 2,793938 3592
8,686811 1,896333 3911
4,074744 -0,612540 9247
0,256888 6,866591 6640
7,403022 2,841636 5700
-1,249116 6,362731 2043
8,482383 1,900697 5698
4,087514 -2,515540 8812
7,254052 2,353961 7457
4,477243 -1,615479 7360
8,470588 2,002779 710
7,046554 2,356463 2034
9,061960 2,273991 9141
-1,105976 6,468106 5810
5,120378 -0,969642 5523
-1,356245 7,059768 1538
4,865117 -2,306550 5954
4,117920 -2,582733 2878
0,256029 7,294314 6378
4,221249 -1,855166 9309
-1,754934 7,095336 8517
4,410946 -1,260445 6872
4,317833 -1,259790 2560
8,545537 1,926008 4887
5,063474 -1,180841 2201
8,973877 3,233254 3042
-1,236155 7,494643 8234
7,149882 0,974089 3748
3,441585 -2,025401 6872
8,546736 2,288366 9032
6,984510 1,474341 4998
-1,178899 7,103251 1201
7,901230 1,042724 333
0,056663 7,223175 541
-1,816033 6,580402 1010
5,058340 -1,844277 5340
3,908135 -2,320404 5185
4,104118 -1,602524 1428
7,957692 2,367480 4376
4,736108 -1,302182 1519
7,943166 1,951407 8488
7,678385 3,043127 2123
4,832566 -1,420070 7726
3,243403 -1,551037 1693
-1,288677 6,234532 2635
-1,037589 7,744018 2843
8,937514 2,451722 4104
-1,407061 6,477026 7450
-0,172504 7,248065 6733
8,668069 2,492098 7027
-0,610847 7,095555 7969
-1,594725 5,550650 3047
3,602140 -1,654865 4388
3,887265 -1,444854 3018
-0,938298 7,724277 5419
8,542501 2,431316 22
8,055956 1,868766 3306
7,555083 3,028487 3017
4,150824 -1,513061 9261
4,615211 -1,336079 7057
8,139309 2,060560 3329
8,559616 0,571299 7210
-1,171784 7,402828 7952
4,440952 -1,639692 2882
3,862029 -0,740738 5317
3,964701 -2,733089 7728
9,031841 1,324735 996
4,171046 -1,551554 9223
8,469119 2,644303 7274
-1,158076 7,119366 8245
-1,392183 6,242805 559
-1,308158 7,270351 8861
5,286962 -1,594390 7464
-0,097365 7,623352 7746
4,208844 -1,847717 7757
-1,175625 6,438545 932
8,739482 1,093114 1432
4,723040 -0,681876 4058
7,569080 0,930857 1949
8,330521 2,024018 5981
7,012429 2,659823 4770
8,577479 1,947454 1380
4,060241 -1,617048 8330
8,345727 1,441937 2295
4,114942 -1,518758 7954
-1,843832 6,757037 6284
7,968450 2,987883 7353
-0,920964 6,606981 2144
8,239898 2,400175 638
4,563470 -1,181521 404
-1,627067 7,450911 9005
-1,706996 6,859545 2350
0,362222 7,852267 1781
-0,338298 6,047987 5816
-0,353057 6,302376 9049
8,105927 1,888516 2131
8,071431 1,664561 9976
-1,358164 7,143849 7072
4,723294 -0,893471 7369
-0,404784 8,039626 5001
-0,004303 6,101286 4177
8,655911 2,157476 7055
-1,381292 5,923800 8282
-1,002991 6,796475 6029
-1,097001 7,105080 6098
8,249173 2,849676 1739
3,996654 -1,368424 1093
8,395794 2,304493 502
4,649415 -2,563808 6183
4,916098 -2,308225 7958
4,432183 -1,582218 6839
-0,549742 6,233162 8711
4,523518 -2,209396 4792
0,181004 7,909038 9860
4,267935 -1,138731 4355
-0,479348 6,374205 3773
8,522793 3,266777 2113
8,045378 2,115799 5732
3,967217 -1,422740 6070
4,534003 -1,937212 6866
3,819922 -0,706111 3351
8,065138 0,793204 264
-0,620899 6,851095 4978
4,817082 -1,329946 7065
3,616671 -2,148356 1483
4,964491 -2,176086 5729
-0,972405 7,111782 4797
-1,337196 7,491611 5364
4,646521 -1,016554 838
7,277134 1,654802 3483
8,739530 1,233495 7677
8,438782 2,805486 8654
9,157319 2,229912 2795
3,466395 -2,161940 8277
7,701148 1,326095 4584
-1,823858 5,805397 2600
4,329001 -1,724856 6024
-1,402848 6,595461 8318
7,793375 2,174922 1882
-0,348912 5,511524 3032
8,541870 2,319341 9561
5,083065 -1,458180 6252
3,426504 -1,484436 2046
-0,501638 5,641243 6334
7,756009 1,591221 4168
8,976307 1,993743 4111
7,215334 1,775055 5370
7,567644 1,632518 8275
-1,550262 7,604049 1918
-1,861592 6,859403 8313
7,991810 2,492927 1333
-0,663677 6,313937 339
7,787966 2,869190 7857
9,102104 1,975788 9682
3,432816 -2,388001 5159
-0,755635 7,098266 5237
3,302150 -0,420669 7247
7,808498 1,531790 9680
5,289103 -1,732731 9785
7,103119 2,190696 6833
-0,246704 7,238857 1765
8,343388 2,446562 1581
-1,063150 7,874430 3095
7,028010 1,537217 4596
7,748073 2,421458 5013
4,501844 -1,775026 6424
7,282428 0,973678 2167
8,210315 1,180946 4517
3,648893 -0,755827 3687
3,862178 -0,987147 1688
8,102264 1,212784 1338
7,770401 1,288148 1574
6,880442 1,281296 17
3,696412 -1,683210 5263
-0,921234 7,694642 783
-0,479661 5,599910 9819
7,509784 2,710455 6173
-1,474901 6,948363 7947
8,029590 1,375078 498
6,855734 2,448378 7542
7,907229 1,686378 7719
8,610576 2,318761 1551
-0,191253 7,941842 1930
7,355759 2,544505 2179
8,636102 1,184425 4711
8,109302 2,062980 1390
7,734000 2,456437 1554
7,635205 1,854256 7780
9,029665 2,527206 2383
-2,005432 6,935213 5117
7,134726 2,873379 7023
-1,121217 6,326195 7504
-1,209101 6,785472 9731
4,879245 -1,990551 3421
-2,113601 7,049871 7566
-1,244599 6,506909 4387
0,279504 6,820048 7801
-1,717935 7,100376 4074
-0,935279 7,082006 8431
-1,154871 7,627220 9947
-0,549679 6,860568 7877
8,872428 2,154714 6200
-0,813594 7,518755 5143
8,916944 1,944367 548
5,390468 -1,734887 724
7,849852 1,937492 5758
-1,278639 8,081106 2069
-1,401551 6,427126 3887
3,870358 -2,334571 9905
-1,382493 6,713888 6987
-0,813273 7,020225 1516
-0,676562 7,860832 834
-1,433914 7,244694 2591
8,103247 2,286568 7422
4,474777 -1,924680 3073
4,409526 -1,457161 2441
4,062400 -1,184730 404
7,627406 1,645183 7593
4,345634 -2,016846 500
8,337993 2,895696 4254
7,815720 0,627927 7095
4,332829 -2,040973 2557
5,310931 -1,503280 1681
-1,456757 6,125097 6100
-1,551062 6,659940 2363
-1,453890 8,064530 140
4,714268 -2,706632 8408
8,517851 1,915711 6528
5,192455 -1,903390 9416
4,743695 -1,917817 2450
7,033707 2,763721 9282
7,192826 2,007748 4921
-1,470587 7,976988 824
-0,738124 5,816820 8575
-0,795939 7,724515 826
4,107441 -0,720506 5909
9,078834 2,273626 3785
4,547205 -1,638691 1767
8,375828 2,098245 9721
9,166407 2,759139 4751
3,923349 -1,980039 5984
-1,458642 7,775979 4832
3,942026 -1,620902 9935
4,463926 -0,200388 5718
7,599610 2,199434 1247
0,311131 6,111888 4686
-1,358898 7,290634 7697
-1,614675 8,023972 1170
0,476653 6,931282 6426
8,511003 2,001744 1725
-1,761860 6,785110 9792
4,459156 -1,434091 3278
8,212307 2,559937 3053
0,157117 6,339579 3666
-1,915848 7,253842 4353
7,542425 1,444949 6259
-1,134861 6,092865 8865
3,875298 -1,003762 8774
4,401584 -1,810848 8017
-1,663057 6,754010 4103
7,810721 2,485949 3740
7,989793 1,715891 8496
4,582462 -0,568260 7797
7,811341 2,678123 2651
5,149506 -1,398874 8831
7,347408 2,461091 5096
-0,244587 7,655807 7956
-0,859733 6,757540 9708
7,861173 2,966269 1174
-0,102039 6,962452 4256
8,889400 2,391256 8232
4,080615 -2,011824 446
3,774962 -1,469802 3806
4,142463 -1,569902 7079
-1,100287 6,873085 953
-1,394488 6,094321 8046
-1,652266 7,602754 2763
-0,317905 7,276347 2002
4,839419 -1,188009 2188
4,624282 -1,156282 8179
-0,003671 7,005271 1933
3,241297 -1,819573 2946
4,730676 -0,660601 8354
9,085146 1,920964 874
7,417844 1,376757 4595
-0,596664 7,786514 4535
-0,985053 7,756049 421
7,092559 2,040273 6688
-0,083800 6,209684 450
-1,511168 6,497399 9837
7,303217 2,202787 8081
3,458620 -1,638043 1038
7,715121 2,448250 612
4,281750 -2,301293 9568
5,125281 -2,270283 9504
-2,066578 7,706163 6933
7,484108 2,342646 6858
-1,201531 6,767423 7179
4,501504 -1,896962 9710
-0,297851 7,579600 9357
8,516302 2,512896 175
-2,051970 6,939143 4617
7,800687 2,566613 9119
0,240904 7,626133 6327
4,344057 -1,023491 6525
7,884117 2,041875 6888
7,557040 2,354727 2678
8,086302 2,302998 7790
-1,033445 6,562119 9406
8,180667 2,380967 4157
4,457365 -1,729215 4585
4,725009 -1,538154 2000
7,284402 1,860232 1390
6,713480 1,954154 850
7,001644 3,137447 8530
8,840570 2,030041 520
-1,091063 7,181196 1492
4,980714 -0,717405 8373
7,473940 3,321105 8306
-0,648589 6,678579 6587
8,709380 2,131298 5253
3,917601 -1,606016 6539
3,633770 -1,169561 5520
8,551317 3,478685 9427
-1,501427 6,559379 7236
-1,931012 7,312535 8349
5,204138 -1,207604 6563
-0,220738 7,438687 2106
-1,635573 6,393981 5837
7,303008 2,974275 7509
-1,288465 6,092853 1929
5,146345 -1,528436 5141
2,916162 -1,982723 4164
7,643256 2,692372 2416
8,698427 1,103831 2620
-0,182185 6,768876 2352
-1,835868 7,095389 3404
7,974311 1,858287 2549
-1,837358 5,683251 5924
3,724828 -1,971222 9701
3,660304 -2,250714 2297
4,152885 -1,672363 7152
-1,910767 7,045512 7690
-1,297222 6,436453 113
-0,573705 6,803494 4519
-0,137304 8,008909 3417
3,782181 -1,549882 8404
-2,145268 6,438553 9075
-0,483651 6,745603 4945
7,553195 3,213047 9370
-1,445652 5,537682 3580
-1,227108 6,634549 9276
8,050451 2,279546 8420
-0,181191 7,800637 1129
0,053172 7,730625 8763
7,918523 2,565198 787
-0,239872 7,298119 3819
4,221666 -2,678156 5201
7,250574 1,602309 2239
0,453226 6,958459 3239
9,219862 2,534876 880
-1,213532 7,437303 3962
4,242180 -1,739776 9331
4,132722 -1,497618 6372
0,216249 7,627343 1018
-1,494398 6,989244 9655
-0,206171 7,454778 2908
7,609733 1,577056 1590
4,332799 -1,228965 1159
-1,188641 6,603686 7173
3,799778 -1,505863 2954
0,296784 7,453145 8708
-1,124932 6,594696 9890
0,093629 6,848546 2383
9,436468 1,774374 3034
7,449812 2,798139 5471
-1,893943 7,421046 8920
4,568688 -1,612371 2783
-0,420196 5,723842 4173
3,262269 -1,822059 491
3,820648 -2,622765 6776
-0,605843 5,938456 8164
-0,582899 7,499806 7324
3,484725 -2,506036 6633
-0,404041 7,020699 5066
4,353261 -1,459996 8156
7,580038 1,239669 3561
3,185163 -1,740201 8953
3,527966 -2,585516 5175
7,199309 1,889738 1730
-0,440478 6,673614 4869
4,059241 -1,518731 618
7,692737 2,852160 5755
4,024221 -1,731586 7877
4,814859 -1,099168 2748
4,641174 -0,819570 9430
9,015478 2,860826 5632
-0,847467 6,779614 4424
7,329183 1,395581 339
-0,838639 6,239868 6272
5,157003 -1,168408 8172
8,093699 1,532130 4969
8,789203 1,456233 7541
-1,081083 6,271473 464
8,495029 0,821127 7688
6,741506 2,262751 9100
-1,501857 6,898037 369
7,680304 2,270434 5996
7,659026 1,812670 4745
-0,302614 7,810909 3965
8,657100 3,309691 355
-0,185777 6,915368 1707
7,383662 2,463827 4950
-1,334464 6,972410 3470
3,635515 -1,055034 3096
3,858897 -1,165723 4384
7,852632 1,739038 7060
-0,898615 7,031043 8258
-0,515158 6,919666 2589
-0,782471 6,934477 1234
4,426757 -1,439299 664
8,376091 0,889234 3876
-0,634536 7,074928 6189
-0,877588 6,026793 8545
-1,978084 7,223019 4692
7,273230 1,872862 1821
7,797866 2,229977 1201
3,219352 -1,330061 6616
8,072276 2,531774 5181
4,305239 -0,789854 6128
0,178702 6,218429 5159
4,299241 -2,413453 3864
-1,688962 6,220749 1250
4,208837 -1,210689 1809
4,530904 -2,566423 4636
-2,274565 5,875075 2406
3,171550 -2,977669 7418
4,899597 -0,490716 4372
7,168919 2,002310 6119
0,040107 6,636633 2705
8,385891 1,693786 1907
-0,861485 6,169472 4932
-1,208083 6,350842 6695
-0,456399 8,323948 9740
0,054344 6,899707 3153
-2,095233 7,590380 6966
8,232761 2,726009 4211
3,372821 -2,151580 7370
4,021187 -1,061262 5529
8,057390 2,404026 7868
-0,250763 7,106049 7887
4,194881 -1,876025 1132
3,344511 -0,934097 9963
7,890670 0,862763 787
8,311264 1,847710 6546
3,576669 -2,305135 2929
4,728704 -1,640129 4973
-1,191581 6,339387 4310
8,501052 2,397870 6654
4,505849 -1,673190 2654
3,757581 -0,559571 5531
4,741638 -1,996041 4749
-1,017808 7,506776 9596
3,967940 -1,282832 4932
4,733766 -1,776372 8353
-1,946242 7,668047 1623
8,513013 1,689145 4085
6,648712 2,756282 1595
4,953339 -2,952130 515
-0,576341 8,144914 3272
4,985037 -2,184100 1966
3,908428 -1,432807 1652
-1,645946 6,712456 3350
-1,221463 6,106371 6430
4,050742 -0,731986 7119
4,695455 -2,067545 6967
7,752341 2,691709 6886
5,332919 -2,379401 5752
8,068731 2,691033 7217
-0,338322 7,633779 2172
4,916455 -1,941100 2037
-0,469132 6,685647 7643
8,541252 1,730336 6757
9,322942 2,698950 9459
7,598060 1,824378 4304
3,370340 -1,506603 5005
7,757201 3,225792 2597
8,625282 2,232436 1963
3,499589 -2,721671 6217
4,376803 -0,457701 5359
-1,519610 7,236306 4775
-0,333552 6,032809 2397
7,615514 2,719538 1820
7,812657 2,635899 4340
4,546272 -1,371187 6729
-0,238231 6,955934 1148
-0,920563 7,485152 7841
-0,182639 6,333789 854
3,489346 -1,790124 2702
-0,452316 6,673015 6164
8,591108 1,732187 1247
8,308038 1,595222 6239
8,026049 2,980875 9663
4,608769 -1,034921 7843
4,653160 -2,476356 2166
4,933671 -2,365288 1563
7,610999 1,810318 9351
-1,058863 7,446004 5178
-0,209974 7,657795 5424
7,424579 1,999326 8753
8,240085 1,868016 984
7,519671 3,392563 2301
-1,069558 6,913867 4833
3,047233 -2,109504 4895
-0,298642 6,613913 7584
7,130075 1,027431 491
4,150299 -1,038139 9410
2,997826 -2,163890 5695
-1,490233 7,097281 5802
3,467301 -1,945847 4273
7,951411 1,838033 3166
-0,929516 8,053276 2875
3,952952 -2,280768 7864
7,967750 1,971482 5258
7,545997 2,306119 825
-1,718603 7,221935 9163
4,723813 -0,752532 8156
8,379809 2,221568 6505
4,594820 -0,871499 9664
0,288655 5,859177 5496
0,002736 6,992254 2751
7,167127 2,793548 5451
7,104703 2,219209 5129
4,003791 -2,973505 3689
8,293250 2,458646 5602
-2,228365 7,191941 89
7,727987 1,160998 4331
0,093862 7,460904 1196
-1,641175 7,922719 7703
4,298263 -1,587412 9696
5,398371 -1,289385 7833
3,912245 -1,758051 5258
-0,001824 6,769339 776
8,215044 1,894670 200
6,704271 3,396779 2222
7,259529 2,182119 3732
-0,451745 7,801282 8257
-0,004699 6,737577 8264
-1,019015 8,181864 1263
4,617002 -1,881801 6457
7,872926 1,611089 1917
-1,021778 5,423256 240
-0,983199 6,976459 6708
7,112998 1,460478 1550
9,084692 3,362402 7421
4,399834 -0,960957 9225
7,511637 1,901651 5374
7,995289 1,923404 7429
-2,239870 8,006809 6838
-1,236338 8,110477 8763
3,361008 -2,418215 4865
-0,701432 6,579628 6821
-1,318227 6,082771 6248
-0,558577 7,816206 1336
-1,228480 6,942568 9421
4,457960 -0,335183 7446
-1,697211 8,175371 3561
5,512600 -1,537244 9354
8,083788 2,949135 7830
-0,823125 7,798463 1139
6,683285 1,070816 8188
4,737768 -1,230367 1285
8,738435 2,088285 4130
-1,603389 6,483717 1988
5,572159 -2,652507 5677
8,273331 2,145207 4398
-0,990851 8,357642 7446
4,062150 -1,318999 1691
3,397576 -2,258332 692
3,404029 -1,206156 3979
-1,589407 6,931010 5067
-0,022335 6,366356 797
-1,104889 6,121704 9761
-1,500371 7,279290 3366
7,481832 2,704927 1490
3,751477 -2,699452 3281
7,424911 2,259785 9692
-1,494722 6,209623 6606
3,937793 -0,931666 9789
-1,188123 6,857251 7008
4,546850 -0,989657 4837
-0,479495 6,173450 6509
8,354106 1,761968 8955
3,867663 -1,497972 8683
4,435417 -0,519746 5766
3,177927 -1,180328 4112
3,923789 -0,784990 6367
8,276732 2,158225 2188
-0,638276 7,328936 8482
4,888386 -2,121201 6334
3,458144 -2,891155 3954
0,100056 6,389477 7572
3,542828 -1,479935 6763
-0,789794 5,963486 5399
-0,398747 6,327669 3212
-1,246882 6,373699 7379
4,601399 -1,969810 2236
-0,932413 7,735992 5299
-1,115183 7,305320 6027
8,204467 1,857612 5220
3,320101 -1,160638 8741
4,024812 -1,739702 7227
4,261596 -1,313347 8571
6,793552 1,952038 4747
7,167194 1,591378 3955
7,913947 2,075598 8489
5,057271 -1,965395 1944
-1,087240 6,977583 8331
3,494136 -1,203641 7697
6,837232 1,231870 2519
-2,001922 6,999163 1728
-1,073048 7,243836 918
7,887874 2,493553 8912
-0,193687 6,597910 1106
7,791763 2,085851 4366
4,086107 -0,815183 9578
-0,717042 6,861519 3094
4,983648 -0,731842 994
8,748435 2,285339 2110
8,763616 1,755233 679
4,029973 -1,658671 5145
7,998966 2,259382 6265
8,817885 2,646246 2522
7,717375 2,565775 6269
3,822593 -1,897186 4773
3,849846 -1,357711 2914
-1,340833 7,057607 5188
-0,468107 6,935462 8577
3,970820 -1,485105 1200
-1,163995 6,878553 727
4,541559 -1,345067 3989
7,745159 3,305483 9412
7,577603 1,677127 2078
4,816217 -2,054205 3698
-0,343646 5,916713 8156
4,855704 -2,220821 6153
4,662750 -0,664096 6322
8,677431 1,416552 9763
8,341689 2,693044 9605
-1,245591 7,122081 6732
4,070064 -1,561994 5095
6,620745 2,721257 6666
-0,972702 5,863364 6825
8,571411 1,112843 969
4,670457 -1,657527 6031
7,583979 2,233035 1025
7,764794 2,111885 9431
5,023417 -1,283161 6890
3,919444 -2,490788 1618
4,005285 -1,240098 4151
-1,195637 6,486398 2353
0,361857 7,129227 7834
-0,104899 7,241451 4818
-1,686673 7,349430 8579
4,327402 -2,765835 9916
3,548214 -1,874353 2815
8,071710 2,141699 8491
8,256679 1,976923 8109
4,218401 -2,076354 4771
4,722489 -0,585557 8341
4,029942 -1,544017 7744
-0,987144 6,813074 3429
-1,166366 7,818678 2901
-1,040654 7,305774 9519
-0,639260 7,695755 2507
3,476106 -0,936950 7157
4,137550 -1,382061 9196
7,299073 2,328405 1656
7,383502 2,971075 6879
-0,461991 6,613591 3405
-0,956516 7,187114 5383
4,749207 -1,438492 8547
4,921984 -1,178093 9220
-1,666870 6,513246 7392
8,641916 1,713947 8808
7,546097 1,018919 3852
4,214381 -1,869242 3454
7,071857 2,805295 1315
4,302837 -1,869687 1981
3,051603 -2,052929 9391
-1,090582 5,936618 6302
3,513370 -1,173507 3261
3,687637 -1,608513 8619
8,106055 2,022834 8859
8,509525 1,085654 6552
3,943048 -1,723630 5648
-0,769932 6,897213 3523
-0,893318 7,308868 6140
7,193367 1,773592 8312
-0,731413 6,018524 7295
3,647635 -1,393547 8113
-0,788563 6,321544 4804
7,731082 2,504231 4260
-1,678000 7,237805 675
-1,268710 6,740409 6179
7,143693 1,948751 4500
7,089518 1,983872 460
-0,866647 7,607027 7648
-1,653000 6,719039 3693
4,253797 -1,490753 2697
7,703062 2,135278 6498
4,574099 -1,000587 1131
6,999749 1,584154 1707
-0,959662 7,748889 3145
3,151076 -1,213539 6001
-2,298701 6,906231 3111
4,210512 -1,883582 7180
4,664251 -2,136674 6301
8,445171 2,388722 7763
-0,904265 6,089713 7942
7,570112 0,954396 5794
3,853713 -2,263937 432
4,344714 -2,216117 7679
4,591486 -0,727385 1583
-1,141035 5,990301 4250
8,029726 2,118948 5805
5,139131 -1,369294 513
-1,143060 7,084537 3520
7,306823 2,413329 1670
9,237662 2,131055 5327
5,031006 -2,024176 491
-0,587007 6,468756 7651
7,829955 1,823174 4718
3,447936 -2,170264 4792
8,346133 1,374095 3767
4,451690 -2,506643 9206
7,498073 2,775369 2046
-0,867580 6,434318 302
8,874032 2,185804 4309
2,796086 -2,314002 1512
4,160312 -0,552800 8409
9,109704 3,075179 7966
-0,801148 7,222204 4652
8,510494 3,159123 977
-0,585009 7,169197 4217
5,165584 -2,891876 8369
-0,270843 6,097806 7634
7,461875 2,505244 7161
8,701996 1,538428 2978
7,778625 1,877455 8738
-1,581200 7,240645 1749
7,601106 2,806720 9875
3,834989 -2,315005 1073
8,339771 1,557917 3284
7,828169 2,203306 2414
4,690154 -1,714094 3191
-0,879695 6,800129 4905
8,739721 2,292517 785
-0,553041 7,014033 7883
-0,824888 6,229684 394
-1,466683 6,557501 7579
3,672650 -1,593678 9902
0,049067 7,076238 6385
3,026700 -0,814632 9509
-1,939488 8,035265 5025
3,709229 -2,588560 9084
-1,897783 6,115129 3175
5,396752 -1,922465 9929
7,615548 3,309351 1308
7,856184 2,269579 3849
5,160858 -1,283125 541
5,397742 -0,489013 9725
8,356527 2,843158 3005
4,100208 -1,889255 2446
-1,048493 7,449234 3521
-1,050881 7,399969 6716
3,327909 -1,750575 3248
8,758774 1,596809 7643
-1,471737 6,614822 5174
-0,357214 7,145790 1178
7,588809 3,356928 5880
7,503425 2,584098 9127
-1,185864 5,863555 1697
4,172521 -1,731105 4496
3,749319 -1,796757 4545
7,881462 2,150938 3807
-0,408750 6,495713 1401
7,560110 1,653651 7823
-1,228146 6,657531 4495
4,402966 -0,441974 6294
-0,871096 6,427229 7703
-0,503050 8,035548 8721
4,479352 -1,313514 5365
-1,108049 5,581618 4966
4,571482 -1,274535 2685
-0,752591 6,394658 2350
-0,210708 7,158792 9293
-0,735850 6,605044 2772
-0,215122 7,211031 4855
-0,606141 7,138083 8601
8,281485 2,159269 6389
9,022567 1,965238 7052
4,175788 -2,245975 8691
5,325260 -1,614794 2411
7,545355 1,931859 4856
7,866468 1,355859 7107
-1,235913 6,247433 9344
7,150676 1,366528 9845
7,702608 2,817996 3609
4,348115 -1,565142 9380
-0,323472 6,578342 4124
9,139218 2,442608 9764
7,439459 3,401628 8794
8,302233 1,593727 2752
8,760069 1,170165 6328
7,759451 1,352300 3216
8,906043 2,438572 9683
4,471550 -0,840239 2795
0,108548 6,364961 2558
8,449612 2,045446 7510
7,192583 2,106828 5007
-2,062176 7,017741 4078
4,912307 -0,922464 2191
4,040248 -1,893693 9825
-0,742496 7,662161 6268
9,339455 1,248444 367
-0,363996 7,907833 2202
7,486643 2,385885 544
-1,135898 6,469289 881
4,882243 -1,709528 1729
-1,954925 6,456125 1262
4,052152 -2,428216 4053
5,135628 -2,288223 2898
8,241797 2,044743 1448
-0,456310 6,833207 1673
-1,733520 6,934772 6441
-1,794984 7,063053 1140
4,508722 -1,286097 8489
7,866572 1,898216 5913
-1,749827 6,906420 4951
6,635040 2,017479 5723
8,252444 2,164951 1250
3,580833 -1,690986 9479
-2,203200 6,848164 1745
-1,469533 6,972201 3726
7,681046 2,070105 846
6,933472 1,852677 7012
4,074820 -1,965603 7680
-1,134331 7,364991 5306
9,199470 2,645616 2055
4,375133 -1,434094 3335
8,549066 1,457173 2783
8,433921 2,657447 2781
7,457366 2,053332 8762
-1,345308 7,418069 403
7,594816 1,854616 1802
-0,572682 6,019787 4025
8,168964 1,876337 8013
7,446571 2,382906 9306
-2,343744 6,935349 4071
4,518087 -1,748738 6422
4,403130 -2,353830 4303
-1,720459 6,950120 9655
7,973870 2,294612 1732
7,991988 1,669377 7261
5,103747 -1,658881 9075
4,773585 -1,517547 553
8,248287 1,881979 678
-1,256456 7,010767 6490
4,949567 -1,739962 1063
8,396623 2,005346 532
-0,428357 5,989831 504
-1,597268 6,949602 5987
3,531648 -1,540594 7876
6,834281 2,489377 2842
-1,360859 7,443474 1732
8,756959 1,317225 6553
8,510835 2,289994 4910
4,009034 -1,574039 610
-0,853154 7,122210 8187
7,727126 2,156205 4507
-1,229328 7,633358 2925
4,166616 -0,775856 3591
9,239428 1,847677 5262
-0,146642 7,592591 5962
3,837503 -1,260743 335
-1,111919 6,976557 7820
3,717013 -1,260864 2881
7,981505 2,638206 2108
3,402516 -1,515959 3635
4,454851 -1,474004 2811
-1,183896 6,945467 4528
7,987054 2,971068 1871
7,888023 2,621935 8982
4,192683 -1,925338 3539
3,952547 -0,858360 8043
5,068539 -1,454005 1120
3,811211 -0,891432 1794
-0,928334 5,766678 9184
4,040510 -1,184804 5346
-0,999529 6,962671 307
7,878783 1,531857 8582
8,409089 1,823096 7578
8,135931 1,731587 6941
-1,303811 6,568955 1265
4,458271 -1,239663 3202
8,832611 1,615226 9613
-0,421092 6,847563 3427
8,377714 3,053155 737
0,342799 7,097880 8318
9,296946 3,463529 8504
5,114255 -2,420837 6845
8,423879 1,443044 2320
-0,697332 7,381452 5739
4,157714 -2,473189 1065
8,255411 2,587968 2301
0,276779 6,792724 8021
3,436284 -1,127697 5005
7,635674 3,193249 2545
7,179030 2,611340 9640
-1,159990 6,925758 9960
-1,312678 6,728236 4570
-0,804346 7,464023 4226
5,100252 -1,977020 3283
-0,411157 6,857896 521
8,285664 2,674130 5238
-1,180668 7,684730 6540
-0,322497 7,399904 5845
3,507979 -1,743953 2382
-0,785121 7,478159 9623
3,785723 -1,244758 6200
4,873796 -1,666649 9957
3,970166 -0,805569 2007
9,303463 2,455333 2203
8,316406 1,794767 6558
-1,215729 6,688498 2362
4,613693 -2,256754 3697
0,363684 7,587451 4977
-0,631419 6,494629 5128
8,196134 2,018495 5927
3,150120 -2,065347 826
-1,241575 5,885609 8755
3,349166 -0,695222 4578
-0,910831 7,139566 7781
-1,784091 6,393735 7596
-0,792424 6,182849 321
8,463062 2,295137 4337
4,237439 -1,368409 4577
3,126624 -2,322896 6420
-0,603030 6,728873 8648
8,338795 2,646603 6520
7,876419 1,334081 6706
7,566300 0,804592 848
6,868523 2,125264 2994
-1,722152 7,072083 3289
-1,088805 6,756865 6110
-0,097342 6,983370 1043
-1,898315 7,618899 1717
-1,341618 7,197841 1550
5,248556 -0,948346 6650
-0,233068 7,089682 850
-1,378543 5,790811 1018
8,686380 1,813775 7020
-1,012517 7,627978 5827
-1,170192 7,246243 5553
8,828291 1,546281 3385
4,463113 -1,798359 7115
8,238623 1,410202 9520
9,274811 1,835062 8087
3,352225 -2,474766 6406
-1,557753 7,048385 1821
3,569254 -0,709784 6847
3,271385 -2,065688 5274
3,752217 -1,166671 1235
-1,111589 6,783744 8185
4,928843 -1,382694 3200
9,280261 2,650557 8338
7,723533 2,144685 1205
8,162668 2,794433 3861
-1,362314 7,380724 6207
7,772076 1,980359 5406
4,717124 -2,858746 7745
-0,391251 6,257032 5887
3,152368 -2,677877 2854
7,659694 3,034412 8895
8,100312 1,616545 1697
7,822185 1,815714 3799
8,922162 1,777231 1401
7,824063 2,616675 4858
8,680219 2,443608 1486
7,898731 0,997467 7279
-0,643067 5,848610 3357
7,917835 3,007433 7724
3,153774 -1,982902 3073
7,668273 1,498896 9241
-1,292766 6,269612 2521
-0,647741 5,959741 5708
4,256922 -1,750948 968
-1,446267 6,625902 9030
7,154276 3,378949 9033
-2,157371 7,328846 4349
-1,664897 7,171822 3923
3,162666 -1,815424 8259
7,685707 1,220902 7649
-0,930928 7,593529 2874
8,591828 1,802054 6460
-1,944610 7,035505 2708
4,743392 -1,207209 343
8,737365 1,893113 8480
8,439444 1,868014 6014
-1,899852 8,387038 6032
4,462647 -1,726039 1376
4,222436 -1,339579 855
-0,521976 5,710989 6965
7,832756 1,517742 8083
3,405380 -0,725909 6168
5,165924 -2,222080 4120
4,392914 -2,066429 2054
0,438605 6,186090 576
7,368305 1,398351 9787
7,684390 1,473210 5310
8,386494 3,321251 8087
4,861236 -2,000819 6375
9,100801 2,754591 7270
3,971578 -1,073158 5071
4,013012 -2,490134 7651
7,362143 1,942552 988
9,021293 1,837402 7316
8,063302 1,396515 3579
7,088411 1,655982 1336
7,583487 1,795943 6039
7,948613 1,272524 5157
5,002518 -1,100327 9051
-0,710649 7,051126 6604
7,032710 0,924364 949
4,026041 -1,564882 9272
4,177106 -1,360523 871
8,270046 0,685912 3544
-1,095275 5,593543 4976
4,185976 -2,378715 7615
-1,435516 6,479046 850
-1,389267 6,371409 2098
8,247842 1,824600 7040
8,086217 2,011837 6437
5,167716 -1,383227 7205
5,172365 -1,162507 7359
3,357658 -2,575813 3031
-0,399703 6,243042 9584
8,744675 2,957097 8533
7,847765 2,738566 9693
-0,331430 7,623330 360
7,067132 1,911154 8264
-0,644144 5,724871 9877
3,233684 -0,768549 2653
3,879580 -2,580588 6555
-0,761521 6,997983 7171
8,451724 1,558514 7315
7,120476 3,354204 1155
8,549824 1,639982 2846
3,889270 -1,083053 4594
3,434622 -1,979629 3115
4,358842 -1,381106 9020
0,010673 7,278372 2530
-1,095418 6,942387 6099
-0,905628 7,001639 313
8,891289 1,300367 4600
-0,894554 6,971508 6743
8,429090 2,364241 6600
-1,276072 6,598031 202
4,171979 -2,207006 1711
-1,157559 8,352349 7778
-0,987512 7,867360 6052
-2,294552 6,051710 5647
7,847869 3,138554 3953
-0,891674 7,063332 9823
-1,992775 7,480813 3368
3,958096 -1,338264 7859
4,869636 -1,080828 1604
8,603256 2,756780 5259
6,926766 1,075425 4606
7,916586 2,268075 650
3,503845 -2,606239 9185
3,800397 -2,030552 5253
-1,448823 6,879240 3325
8,402342 1,861847 5919
-0,845348 7,102728 9938
7,365992 3,217008 7219
8,468535 2,120164 2037
-1,441901 7,093560 5637
-0,177526 7,111597 7267
8,044369 1,821709 4519
8,421039 0,957029 7435
5,189711 -1,392507 4807
7,888642 2,689752 7854
-0,703825 6,458158 5663
7,481203 1,969472 1116
8,630520 3,369674 9495
8,072926 1,432226 7303
8,343112 1,819176 2028
7,824683 1,776296 2957
9,084118 1,477514 3984
3,973780 -0,871223 5871
8,974375 1,338194 2902
7,026998 0,798472 5548
4,410639 -1,699730 5589
7,946059 1,777237 5318
7,739106 3,056462 8901
-0,411516 6,770863 5008
-1,054601 7,272904 3617
4,688248 -1,679965 728
8,955457 1,454679 4177
-0,316787 7,555263 669
4,810897 -0,976653 5930
-0,548135 7,113206 2951
-0,835108 6,624839 7373
-0,588900 6,710479 5786
8,760215 1,203417 8898
3,685870 -1,422732 1802
3,659545 -1,062575 9718
-1,052597 7,131103 5302
-1,928112 5,879792 9972
3,181938 -2,028580 7760
8,912543 1,495302 9201
4,470806 -2,147760 1844
8,081994 2,903112 7440
4,651304 -1,189825 7561
-0,276591 7,372605 2050
7,933642 2,535940 5833
7,886410 2,733395 1268
6,958553 1,294256 3492
5,469811 -0,846838 6510
8,471579 2,367018 89
3,551915 -1,785044 3181
7,894964 2,604731 8373
-0,754210 6,171923 8635
7,724118 2,084632 1604
-0,842640 7,087047 4528
-0,241284 7,510512 2102
3,934825 -1,834749 8928
-1,202813 7,505635 6736
4,549687 -1,259984 9892
-1,472164 6,738962 8161
7,848820 2,863991 6053
8,938742 3,218941 6588
0,061987 5,869725 4631
-0,721346 6,696018 7250
8,126628 2,941502 6440
7,180075 2,699846 148
-0,408094 5,812583 8789
7,648752 2,001360 3320
-0,990448 5,819226 5725
3,426431 -1,566420 4866
4,500262 -1,968449 1845
7,874084 1,647905 143
7,533739 2,377342 8225
-1,709065 5,803654 568
8,900032 1,550571 1921
3,286898 -1,818028 6927
8,323289 1,740163 5539
3,712875 -1,742744 9700
3,939474 -1,141940 4193
8,990625 1,767173 4433
-0,355229 8,122532 9128
4,345452 -0,456097 4056
4,018755 -1,630868 5642
3,421383 -2,113061 4581
-0,905800 7,221117 6928
3,756742 -0,575255 6341
8,641372 3,203245 5221
-1,374294 7,199418 2217
3,754328 -1,226872 7308
3,235450 -1,605791 3333
7,649832 2,687459 6517
-1,739149 6,490356 3122
3,496099 -2,305179 6659
7,970759 2,025857 3023
8,797596 2,723512 1372
-0,181601 6,221239 2042
-0,702935 6,553102 5771
7,768750 1,872399 5726
7,627615 1,030004 2449
7,942808 1,903658 262
6,978343 2,054865 7061
8,922880 2,151402 6335
7,600032 2,534725 3554
-1,059579 6,441715 9842
4,354477 -1,190554 546
4,679052 -1,715305 2417
4,541114 -1,980523 6867
7,513203 2,686085 4747
8,411732 1,258179 8672
4,405609 -2,290209 7429
4,167930 -1,440206 3471
0,149097 6,405167 4136
7,880289 2,515224 1883
-1,350136 6,215644 6346
3,909209 -1,246091 6354
-0,969836 6,118570 469
8,004605 1,881106 6226
8,911273 1,979619 4515
3,693772 -1,685149 9146
7,040361 1,167078 409
3,201964 -1,335410 9681
8,707478 2,213904 7601
4,706198 -2,526291 9298
8,055903 0,990429 9642
4,329672 -2,149337 935
-0,991710 7,038257 7310
4,565969 -1,376430 7891
3,074309 -1,972202 2248
-0,409174 7,301177 3677
8,070264 0,937268 3021
-0,437656 7,088074 3040
-0,270158 6,718866 9443
3,017411 -1,324731 1221
7,473689 2,116772 8677
-0,358139 7,704505 7985
4,585458 -1,534861 3140
8,580606 2,129464 1353
-1,901658 6,270689 8723
8,317426 1,736678 3928
3,356951 -0,964386 3254
6,836667 2,075985 3011
4,601110 -2,107798 6260
-1,612280 7,549981 8005
-1,254866 6,664698 5349
8,337717 1,025317 6661
3,958065 -2,419438 9327
8,106984 2,933990 5005
8,528508 1,668428 9148
-1,974480 7,021631 3902
3,884880 -1,265614 1481
-1,672979 7,284871 2581
4,337420 -0,798895 6256
7,734682 1,543888 7631
4,223603 -0,381082 3693
8,519191 2,038481 7864
-0,548891 7,256669 4040
4,429624 -1,831556 318
-0,969080 7,280059 8356
4,299421 -0,621880 895
8,562335 3,102225 5039
-0,423937 6,431501 7317
-1,141204 7,119192 6595
5,165798 -1,821668 2547
8,545006 1,611276 3047
8,192976 1,625375 2314
5,127607 -2,386560 9370
-1,520316 7,499828 4007
-1,402252 6,028317 1146
-0,637558 7,015156 8051
9,188941 3,206981 2805
7,641458 1,855725 4557
3,956822 -0,901201 5424
5,081208 -1,500505 6760
8,381695 2,571603 1364
8,533253 3,222364 4671
-1,352861 7,339319 1149
7,551421 2,266704 8015
-1,075847 6,409582 3112
8,268148 2,022131 7935
9,151342 2,023139 5074
8,198550 1,280680 9406
3,340767 -1,369218 4564
-0,881798 6,367226 8159
-1,119506 6,091331 4734
4,003109 -1,499097 1246
4,420718 -1,130471 7180
8,183026 1,304599 9833
8,231088 2,638324 7077
0,020801 6,724146 7533
7,981143 1,055445 8275
3,537006 -1,281499 4579
3,268986 -2,579440 4789
7,948461 1,372572 4810
9,010203 2,553404 7651
-1,326361 7,402133 3472
-0,485299 5,919799 3544
3,773956 -2,208808 9061
7,388186 2,079619 441
-0,908452 6,962290 2092
7,608042 2,031964 6873
8,221035 1,309071 9396
-0,758438 7,586273 6586
7,982249 1,903855 2430
8,333961 1,593597 6949
5,305004 -2,424935 6414
8,186764 1,098173 4663
8,838338 2,990127 2424
-0,975276 6,534972 3545
7,398873 1,353849 503
3,861473 -0,699950 6836
3,698202 -2,365567 5612
4,172116 -1,696848 933
8,680514 2,421606 169
3,607102 -2,638138 8235
3,538573 -1,744574 4487
4,929645 -2,098184 912
5,068720 -1,079451 6791
7,349997 1,275037 4316
4,932013 -1,746978 308
7,775944 1,131467 3450
-1,884288 6,989120 7537
4,842034 -2,071072 4894
4,180286 -1,761238 3977
-0,208207 6,605694 6562
6,759222 1,890524 8942
7,896529 2,041755 2237
3,772064 -2,435390 9182
7,222750 1,775157 447
-1,297647 7,733451 815
7,999727 2,000183 3172
-1,383779 6,382490 1241
4,096224 -1,027531 2811
8,137171 2,636527 5735
8,373346 2,264496 4600
8,051957 1,638365 6717
8,012849 2,254646 3870
4,107767 -0,577081 1524
3,121481 -1,851581 2881
-0,901934 7,611868 217
8,305285 2,108143 4939
0,081381 6,981893 4266
4,992684 -2,454061 103
4,186721 -0,142479 9090
8,647511 2,068399 2532
4,347245 -1,692001 8420
3,649712 -2,892585 9292
-0,530835 7,339299 2354
4,443473 -0,349922 7671
3,772660 -1,278223 3435
8,307649 2,327235 4872
6,813902 1,678250 4843
7,016541 2,608238 5352
8,633842 1,510963 6323
4,601368 -1,431875 3351
4,200225 -1,805611 7576
-1,497437 7,445994 2348
4,201948 -1,627462 9714
-1,607484 6,720434 6084
5,012210 -0,424551 7416
3,916306 -1,933170 3525
0,050561 7,661358 2578
3,648889 -2,544308 9107
7,507536 2,650505 5808
2,700969 -1,826842 4260
9,092305 1,082599 12
3,312780 -0,901109 2543
7,984118 3,361560 9438
4,434940 -2,347550 5646
0,029196 6,920327 7941
7,608925 1,588751 659
-0,438507 7,074167 7305
-1,007494 6,596017 2502
8,810646 2,185520 7164
3,960819 -1,385939 9512
4,580272 -1,194741 7920
-1,007607 7,222443 5506
3,957366 -1,478720 2263
7,213631 1,966594 9793
8,219682 1,894111 7221
0,175624 7,032558 3693
3,630893 -2,612862 7157
4,144104 -0,996473 2457
-0,011568 7,068336 9220
-1,534109 7,102842 1338
7,318766 2,944026 3932
5,180978 -1,274818 4400
0,112701 7,498171 1066
8,894001 1,535533 199
7,638148 1,734193 3273
9,181429 1,797457 3975
3,840492 -1,364754 997
7,978847 1,560610 986
-2,177859 6,824681 2258
8,483582 3,252162 2328
-0,753489 5,876471 2137
8,264343 2,062619 5886
7,420967 2,106717 6903
5,424220 -2,068690 7627
7,185973 2,115533 9631
3,655048 -2,131066 6452
0,209800 6,812415 4760
4,250723 -1,536870 2267
-1,371708 8,103743 2648
-0,296436 6,499810 1321
4,411035 -1,494116 8087
7,621976 2,752821 7380
7,318883 1,362019 8524
-1,045440 6,725128 3770
4,030788 -1,674115 5608
-0,724781 6,078003 4700
4,200845 -0,690143 4932
3,244934 -1,889099 7518
4,065897 -1,930951 4780
-0,636892 8,157385 5078
0,088563 6,490048 8582
7,746232 1,655236 2442
7,799345 2,078566 2793
-0,143560 5,912127 3648
8,774275 1,251721 6516
7,941456 1,605207 2561
8,387671 1,268266 2317
7,692236 2,286209 2426
-1,260272 6,240323 9195
0,083059 6,243290 9016
8,701983 1,077121 7294
6,957048 3,084806 1910
7,413361 2,842222 5342
7,844638 2,693187 3353
4,976846 -1,501823 8932
7,901428 1,973193 9906
8,710037 0,710992 8843
3,664287 -2,134191 1371
7,804223 1,202848 5050
3,837840 -2,568883 6069
8,296036 2,765244 419
3,297493 -0,612493 247
-1,065751 7,077227 2223
7,895225 2,282913 5263
-0,273353 7,182566 5565
7,863933 2,804583 3976
-0,953504 6,820746 2834
8,825482 2,394200 5722
-0,102160 6,770562 6797
3,969240 -2,153714 1774
4,528617 -1,450502 7208
3,354699 -1,845558 8041
-0,645637 7,444918 8872
6,844410 1,298113 8745
7,470752 1,572244 5032
7,256678 2,107803 2939
8,045409 2,984464 8070
-0,648069 6,774010 8213
-0,100919 7,341406 4477
3,476608 -1,551739 7935
-1,237402 6,915183 9692
7,047792 1,052838 9288
7,288516 2,736737 5464
3,736566 -2,111757 1021
-1,296540 7,150898 2844
-0,356074 5,942967 6257
-1,398525 6,543646 2359
-1,726258 5,936681 8948
4,207885 -1,173297 3364
8,045721 2,596925 862
4,636852 -1,607317 326
0,030482 7,065647 7123
6,766123 2,292697 6624
4,231201 -1,075246 5556
-1,052797 7,384835 5596
8,423960 2,139697 2603
8,617278 2,465834 7785
4,109825 -1,671145 5311
5,076483 -0,800238 5923
-0,471908 7,087560 7113
-0,990564 7,872547 461
-0,984000 7,033378 4228
-0,241145 7,062489 2295
-1,809118 7,030364 8730
-0,868424 6,883405 2902
7,855149 2,593489 1102
5,022713 -1,415720 5529
7,485277 1,659549 4999
8,148678 2,606700 5636
4,388567 -1,018748 4160
-1,345185 6,962586 7531
8,989111 1,554182 6857
7,832901 1,704475 2369
-0,890210 6,865728 3784
0,086836 6,646962 5891
7,895234 2,695793 9100
7,175704 1,859032 1658
3,295910 -1,798521 9974
-0,298280 7,968575 2301
-0,308213 6,715310 3301
3,345525 -0,951545 8924
3,900794 -2,011453 1619
4,039829 -0,548093 6461
9,021854 2,298888 6668
0,146869 7,064741 528
5,068594 -1,562459 7962
3,898897 -1,853174 5634
7,490034 1,178239 1377
3,511771 -2,405882 1632
-0,881843 6,489177 4912
8,104358 1,906556 5215
-0,459523 7,804420 1123
-1,093465 6,536617 4334
-1,933370 5,930442 1244
-0,355384 5,949611 1732
2,970317 -1,583213 6010
-1,893168 6,728033 4143
5,034472 -1,717755 462
-0,677928 7,780023 75
-1,145422 7,703162 716
8,424407 2,595560 2475
7,676072 2,945139 2748
-0,999830 6,400688 2181
8,628069 1,590478 5326
8,059716 1,919113 5111
4,015526 -1,177255 4315
-0,762395 6,729987 5652
-0,992313 6,469854 6894
-0,374002 6,654638 3165
8,661477 0,759676 5244
4,042396 -2,448244 514
-1,272568 6,575649 7947
-1,847691 7,050635 6665
4,705457 -2,002405 826
-0,711970 7,626848 4744
7,771000 2,026769 4853
3,897048 -1,772181 92
7,608709 3,142701 2284
-1,238463 7,488633 5909
-1,242547 6,578314 5572
-0,111058 8,062609 7891
4,510127 -1,862540 2796
4,722487 -2,204621 5619
-0,512169 7,131863 3150
4,431236 -1,858543 2823
8,138559 2,927173 6195
-0,326046 7,581906 6326
-1,823182 7,469789 41
3,164291 -0,824927 4012
-0,854408 6,254933 5281
3,537415 -1,732809 3356
7,961237 3,027698 748
7,324996 1,758569 7835
7,913225 1,832038 3186
9,193215 2,419043 8171
8,422615 1,173866 4564
7,679783 1,658596 3739
-1,024388 7,774810 4316
7,614282 1,649778 7022
-1,136261 6,576608 1303
-0,834067 7,240792 7789
4,520735 -1,900927 1864
-1,143859 6,170741 4704
0,246301 6,395408 1370
-0,428884 6,671504 6454
-1,362133 6,979723 8908
-1,676572 6,050527 2007
4,762214 -2,065738 3174
3,898208 -1,260172 4851
8,154930 1,380383 8425
7,774435 1,099335 51
5,058242 -2,951748 6292
8,009039 2,163566 9707
-0,140240 8,110454 7441
8,166754 2,300194 6539
-2,117960 6,636811 5982
4,937210 -0,392357 6518
-0,258718 8,111921 59
4,371427 -2,827262 2153
3,905549 -1,684448 8248
-0,434798 6,035284 2858
4,198418 -0,539918 5894
-0,916438 7,107359 5707
7,483879 0,859723 9853
4,576516 -1,727407 6203
4,517067 -0,341791 6408
8,937870 1,473412 1890
3,926920 -1,548881 5372
-1,916156 6,618776 1577
8,622888 1,953672 3023
8,169361 1,362340 663
-1,878609 6,512006 2160
3,255433 -1,135220 7616
8,598755 2,144274 8463
-0,944388 7,268837 9135
-1,631266 7,811877 6750
4,954298 -0,912663 2373
8,187631 2,210547 4585
4,034316 -0,798424 1221
7,883109 1,325975 7674
4,113157 -2,861972 6015
4,583765 -0,527751 6487
4,676287 -1,354355 4386
4,869321 -1,971373 2128
0,124242 7,824486 2686
5,560742 -1,297358 2864
-1,828462 7,158667 5237
-1,471376 6,695754 7345
7,994910 1,626348 1321
3,573163 -1,024144 4567
-0,436805 7,503694 8938
7,935847 2,669336 2276
4,035650 -1,737148 7443
4,037421 -2,889120 4481
-2,032957 7,146426 3153
7,790536 0,947261 7402
8,238635 1,070238 3588
-1,842583 6,032210 9980
7,491201 1,617272 9554
4,910298 -1,720401 7387
9,167457 1,883775 8344
8,078670 1,585680 5245
4,654044 -2,387625 9571
8,202712 2,064947 7352
-1,323220 7,185603 8171
3,461423 -1,881752 5786
8,290212 2,086064 1894
3,420568 -2,050635 4970
9,156573 2,268440 3440
-0,828281 6,571289 8123
3,923561 -0,943375 6525
8,306955 2,026320 6169
-0,434293 6,482039 9704
0,177815 6,467399 5813
3,753534 -1,757211 6029
8,188356 1,577441 545
7,972904 2,451884 9946
7,285170 1,604682 5170
8,529921 1,602260 1838
-0,971118 5,813976 6316
8,146078 1,985440 2155
7,961599 2,157183 1890
-0,766380 5,892839 4417
4,473995 -1,852956 8179
4,110306 -0,977520 9066
3,032338 -1,770367 4151
-1,724861 5,826805 1401
5,609791 -1,621423 3578
-2,147497 7,467654 4811
-0,247842 7,446207 2374
5,019227 -2,489825 2433
0,254547 7,294980 8631
-0,294107 6,678215 1290
3,758161 -2,747359 2889
4,109281 -1,415013 4630
-0,583394 6,984923 5879
-0,819017 7,410765 2835
0,122587 6,767372 7733
7,709641 2,896067 4143
-1,024012 7,947704 550
8,442542 1,068784 3843
3,606877 -2,542335 6041
3,595668 -2,520402 711
4,162523 -1,505629 4387
-0,275022 7,145413 8991
4,498108 -1,825697 7308
3,479931 -1,654852 655
-0,367657 6,508869 8442
3,750962 -1,540548 9998
8,642406 2,124496 9174
-1,166111 7,448325 2590
7,365579 2,947710 6101
3,177692 -0,968595 1621
8,007297 1,792360 9849
3,546911 -1,716997 9396
4,417982 -0,975724 2730
3,675646 -1,497187 3513
7,409411 1,812837 2910
8,055945 2,453024 767
7,052592 2,289222 3417
5,030899 -2,925953 4095
4,160553 -1,376669 691
3,931374 -2,003236 9254
-1,563204 6,827490 6817
-2,000128 6,183646 203
8,610386 1,665572 418
-1,454945 6,912389 2981
-0,937056 7,624892 6319
-0,846414 7,165924 6411
4,875782 -1,215890 7120
9,045226 1,925219 267
3,118284 -1,090327 2572
8,308642 1,669037 2372
4,173936 -1,202508 9510
-0,365946 7,288967 4705
8,760307 2,149260 8086
-0,083910 5,868670 8134
8,458136 2,280469 2197
7,402605 1,274816 8857
4,650236 -0,564992 8939
3,950627 -0,806638 7684
4,129633 -1,842565 542
-0,904597 7,308563 9037
-1,455301 6,953074 6425
7,954224 2,985469 3321
0,031173 5,936661 5120
8,269304 1,129300 7163
-1,551877 5,602217 9594
-1,338009 6,866332 7233
8,063121 2,465271 2750
-1,687664 7,209358 1877
6,912099 1,913857 2612
5,490183 -0,972552 8273
3,644337 -1,552261 6276
-0,703835 5,929689 7317
4,030478 -2,080808 513
-1,116238 7,188777 2979
-0,797260 7,052962 1418
7,685356 1,008446 4407
3,492746 -2,448150 103
-1,540292 7,436892 590
8,129606 1,328755 9257
3,907709 -2,098703 3107
7,290965 2,749710 9644
-0,876000 6,726757 9115
7,111456 2,186106 3269
-0,806359 7,198697 332
5,250295 -0,480782 492
-0,088940 7,788292 3849
-0,724334 6,389118 4313
-0,142355 7,085524 714
4,138419 -1,699039 1272
9,264615 1,122441 6472
4,175587 -0,857974 1817
3,867151 -2,088047 5294
8,632774 1,758351 6888
4,495789 -0,676053 5194
-0,640733 6,930785 3712
3,960040 -2,364977 5875
4,519461 -1,902274 7417
-1,353431 7,236542 7747
3,912609 -2,027812 5350
3,258233 -2,430073 6323
-0,871729 6,721222 4927
8,595698 1,936752 2966
-0,192517 6,256019 505
5,077132 -1,103981 9983
4,974582 -1,336415 5885
-1,070474 8,142253 3373
-1,961196 7,419334 1942
8,489596 2,159424 3120
4,048805 -1,438487 5160
-0,216872 6,351409 6601
-0,813030 6,750743 1292
4,507722 -2,495066 8483
3,832150 -2,644959 5031
-1,951213 7,800667 1480
-1,701946 6,887715 4113
4,209045 -1,703497 8201
-0,176466 7,589722 482
7,735764 1,171955 4223
7,540390 2,031634 9161
-1,083668 7,621504 4527
4,760886 -1,987041 8680
-1,542615 7,624273 4278
4,201567 -1,147084 7343
8,501254 3,049313 8671
5,560360 -1,925712 8821
-1,088545 6,068408 9280
8,309858 1,890204 3844
-1,326406 7,527920 4474
-0,706341 6,526204 977
8,443516 0,868262 1622
7,926068 2,102312 1544
-0,733868 6,930981 3616
-1,191209 6,625367 6927
6,749188 2,808228 7441
8,642004 1,980352 6831
-0,669986 8,105312 9446
-0,372250 6,774346 3
3,536568 -1,092942 8429
4,325182 -1,101243 4362
4,121526 -1,231790 2409
-1,530376 6,914635 4276
-1,580037 6,365925 4783
8,075416 1,783056 6436
3,658282 -1,863643 6817
8,151609 2,141624 4686
7,360320 2,863501 7123
-0,942028 6,559130 5905
8,062904 2,562889 4307
3,613984 -1,505255 6775
-0,335293 7,455644 9816
3,933672 -2,107466 3665
-0,630296 6,581938 1938
3,732930 -2,071639 2278
3,621287 -2,025266 5981
-0,487960 6,146429 3172
4,467769 -1,806915 8568
4,794845 -1,486433 7535
7,960003 1,825615 8254
4,349008 -0,810431 7065
8,146532 2,382750 7790
9,169199 2,544773 9966
3,259886 -0,525260 3875
8,419779 2,879839 7987
4,118909 -2,527518 3813
-0,357334 6,692640 6755
0,094147 7,948532 3876
-1,064792 7,096759 1352
7,721963 1,651603 6506
4,488893 -0,826788 9717
4,166273 -2,087679 2196
2,900371 -0,934988 2675
4,253314 -1,292482 2440
5,078777 -2,986941 1979
4,519347 -0,790287 3013
4,568892 -1,204948 2298
4,864070 -1,192325 9702
4,766960 -1,541989 8371
-0,823671 7,112372 1026
5,063159 -1,960184 6160
8,064496 1,555764 7232
4,595602 -2,349020 9522
-1,336875 6,917784 5557
3,970087 -0,835300 318
7,946503 2,470693 4557
-1,948716 7,336519 7707
6,862311 2,207864 7844
4,157313 -1,423483 3328
-1,751643 7,387992 93
3,422364 -1,970423 4006
8,751921 2,141964 2737
8,011798 1,408762 2735
8,068572 1,764355 9844
0,239186 6,119099 6123
-1,275060 8,047188 7026
7,254381 2,730851 7548
4,219688 -0,918435 9056
7,319557 1,663377 9335
8,823776 2,459151 5861
-0,386304 7,976498 4400
5,357896 -1,731924 6357
3,848787 -2,087083 672
-1,139717 6,807422 5318
4,223164 -2,236111 3657
-0,610452 7,077203 6748
3,744521 -2,138519 8188
8,674825 2,840979 2003
4,122405 -1,258275 1709
5,200673 -1,348735 8568
-1,595387 6,805165 4140
-0,815813 7,972472 9259
3,808275 -1,984630 2801
8,437585 1,518833 9811
7,789137 2,221843 1882
7,375795 1,588917 4548
7,554914 2,112524 2226
6,857914 2,761160 137
7,315972 2,657821 9430
3,124493 -1,853004 6364
-0,476485 6,934855 5122
-0,972077 6,166689 9679
8,971701 3,138689 945
8,100660 1,872932 6834
4,292969 -2,315048 3324
3,299997 -2,457799 6001
8,432683 3,160577 4385
-1,006946 7,516646 4662
9,251032 1,743637 2457
-1,988808 6,531180 234
-0,914585 6,814783 4049
-2,132046 7,273251 5298
-1,864004 7,408851 7134
8,206872 1,528802 8217
4,716543 -1,392737 7281
-0,421338 6,536506 5878
3,825005 -1,782581 6377
4,628052 -0,460908 5908
4,196374 -2,449916 7455
-0,614238 7,085495 4832
-1,144989 7,773178 3540
4,451466 -2,055938 4522
-1,512823 7,176901 2577
7,460596 2,215334 582
8,703212 3,140863 663
-0,148488 6,194275 4239
4,493965 -2,262936 7411
7,105440 2,403043 8550
4,734551 -2,140524 8282
-1,556160 6,972225 8878
8,766156 2,001878 9345
3,488267 -0,861552 7082
4,352863 -0,972467 8366
5,049164 -0,962502 6202
7,355833 2,538792 1685
8,876338 1,897465 6486
3,821952 -0,467122 7096
8,860984 2,267614 2913
-1,306698 7,829563 6065
-1,128754 6,439585 2188
8,810672 2,590173 6852
4,746384 -0,512670 2097
4,472562 -2,733986 1172
8,877308 1,200828 4527
4,195428 -2,303294 6432
4,750268 -2,790502 9287
-0,697600 6,907152 3302
-1,302107 5,954609 5607
8,840526 2,890827 3788
3,305169 -1,744514 3665
8,517976 1,677708 7578
3,719137 -1,352972 2950
8,186582 2,284606 4570
-0,319283 6,956296 7861
8,472393 1,714206 1018
8,070525 1,131693 2019
4,536860 -1,863248 96
4,361869 -1,832496 1487
8,962220 1,447211 8063
4,289356 -1,781132 5522
3,823641 -1,994597 2617
8,745583 2,100615 5154
3,905512 -1,944594 6579
4,707486 -0,342952 6938
3,689848 -1,160255 1426
7,869300 1,911282 1154
-0,317128 6,030432 1027
8,305043 2,157678 939
3,837507 -1,167017 2185
3,548777 -1,544217 1244
7,185584 2,085365 3386
3,803280 -1,877071 5155
8,362128 2,489572 984
8,650455 2,448397 169
8,047677 1,818693 5419
-0,968494 8,005933 2090
7,864104 1,709439 1392
-1,639433 7,361771 9638
9,077183 1,493282 7235
-0,844880 6,623278 979
-1,238281 7,982968 8208
6,816768 2,409524 894
-1,288861 6,769020 3961
-0,820049 6,509082 2069
-0,534956 7,013482 9490
5,393357 -1,895520 5151
3,725101 -1,836516 7905
-1,745604 6,897302 5229
7,541794 2,509391 7337
8,119566 2,040169 2407
7,872239 2,189482 7408
3,323575 -0,345524 9007
4,021155 -2,032374 7017
4,132892 -1,000431 2080
4,356078 -2,127167 4396
-1,112426 6,631082 5180
8,120313 1,670964 1406
4,666372 -0,965678 337
5,488118 -1,163589 5988
4,740381 -1,818270 3837
4,522906 -2,851896 8923
4,474934 -1,043334 6446
9,090938 1,692860 4428
4,129695 -2,379142 5281
0,222982 6,707266 5881
4,628392 -2,465617 7512
7,567875 2,163761 5854
7,742558 1,333207 4131
4,027711 -1,161044 7398
7,484351 2,194841 6212
9,120298 2,878535 2921
-0,751916 6,300895 4658
8,874046 2,738332 7145
-0,929810 7,409412 7977
7,257124 2,611244 7785
-0,632813 7,861451 9551
0,343338 6,243415 1369
6,836335 1,293235 5954
-1,848641 6,603141 1324
0,080292 6,820559 5958
3,863872 -0,810700 5464
3,440992 -1,698312 3176
-0,461867 6,054097 8179
3,279388 -1,338726 8494
7,626691 1,700389 4738
8,292195 2,005006 5607
8,453350 1,077380 8936
8,755041 2,744330 5651
8,072987 3,136419 1440
8,366664 2,647782 2970
-1,033792 7,157232 8690
3,281282 -1,205585 8741
7,775393 2,511228 1093
4,065721 -1,511671 4197
2,872659 -1,329086 8831
8,841265 1,440320 4256
8,891960 3,058895 9400
-1,970790 6,059844 3669
4,981858 -0,274160 6237
-0,618682 6,946604 5271
4,203565 -1,117707 1465
4,335316 -1,332289 979
3,185602 -0,959700 4991
0,075004 6,452834 6395
7,881133 2,557462 5708
7,659914 3,135682 6823
8,175295 2,232076 5302
4,619852 -1,609070 6530
4,696505 -1,997293 4185
-0,626086 6,524991 8152
8,874378 3,101515 6852
7,894316 3,065938 6205
7,925665 2,616538 3795
-1,373477 7,373350 9332
7,608380 2,545959 1850
-0,347435 6,997864 3888
-1,026196 6,233210 1620
3,269566 -0,792235 5595
4,262531 -2,146861 7093
6,861645 2,810836 1970
4,981348 -2,490457 3908
-0,574133 7,252274 3520
-0,907280 6,680643 1100
-0,843261 6,797884 9895
-0,820596 6,798792 3711
8,174132 2,568369 2374
0,416090 6,578548 7315
4,137854 -2,127578 2387
8,569515 1,902645 3350
9,217050 1,716344 6985
7,552130 1,959181 1892
7,499176 1,952289 4649
-0,647397 8,108558 7455
7,565149 2,373044 2436
7,245990 2,220990 9339
8,062311 2,077116 1762
3,202505 -2,157578 7824
2,989140 -1,841883 4241
-0,466856 7,480662 9700
6,848911 3,411281 5869
4,158221 -1,299553 5793
0,205728 7,424667 1752
4,429525 -2,097292 3179
0,219320 7,244236 9869
7,871072 0,743439 612
-1,353836 5,755945 1564
7,897423 1,257146 3131
4,689913 -1,711299 8133
9,458363 2,817095 3913
3,640347 -1,776151 3396
-0,667543 5,980189 2099
4,276991 -1,848078 7920
4,324478 -1,258685 8916
4,791485 -2,423514 7447
8,026946 1,341148 3532
9,138672 2,321728 8481
6,640176 3,236216 6205
-0,550661 6,999123 2556
8,427702 2,132361 2493
5,037140 -1,028973 3986
-1,008990 6,682118 4839
3,976001 -1,876675 2068
-1,745635 7,398152 5272
5,096797 -1,266963 2250
7,556439 2,366329 9806
7,470653 1,859722 9781
5,030971 -0,729440 9952
7,548680 2,459493 1580
-1,475738 8,120814 4560
7,827292 2,710417 6917
-0,750953 6,356055 6228
8,157375 2,290743 8611
4,392295 -1,396767 4710
4,128764 -2,647820 2507
2,879632 -2,544501 4275
-1,611203 6,438128 3582
8,234906 1,886733 7479
4,655062 -0,283272 1165
7,946170 2,598027 6060
3,837944 -1,319408 2046
8,557393 2,209073 632
7,976509 2,058865 3391
4,615117 -1,571122 200
8,912100 2,199019 936
-0,907827 6,537210 2160
3,540071 -1,345511 916
3,103135 -1,431447 6503
4,756866 -0,526422 415
-2,133324 6,118954 7228
-1,343471 6,812706 3379
8,502565 1,526185 2699
7,928590 2,243940 340
6,776208 2,006013 4283
-0,738133 7,840552 199
8,294173 0,897680 1961
-0,550343 7,680078 1663
3,974326 -1,405140 1865
3,835649 -1,711941 9094
4,268017 -1,809745 3986
-0,239806 7,481810 4930
-0,620697 7,289889 241
-0,329141 7,458510 5107
4,391622 -0,314220 3433
7,984747 3,404046 1733
-1,319523 7,353323 659
-0,847780 7,131994 7460
-1,188905 6,545708 3597
-2,045829 6,767324 9775
3,399903 -1,533581 111
7,649238 1,979771 3753
4,269461 -2,656510 7335
8,143566 1,688985 4798
4,866240 -0,865227 725
3,448156 -0,666035 903
7,014486 2,078479 4105
4,084488 -1,918526 1635
8,487788 1,576346 4427
-1,181808 7,572535 4092
7,941825 1,639261 3821
5,330648 -1,461398 1256
-1,748529 7,834270 2137
-0,685868 6,621466 7147
-1,402395 7,453901 8430
-0,544639 5,604384 6516
4,718973 -1,760274 4820
7,831846 1,623935 6012
5,247239 -2,476565 3632
7,927113 1,903597 6710
3,812196 -1,611536 10
-1,041932 7,447245 7377
8,171589 2,882494 1197
8,513473 2,215274 9008
-0,118835 6,774354 4997
8,239803 1,707996 386
3,175801 -0,523173 893
4,590151 -2,678854 5296
9,128161 2,204625 4155
-1,776116 7,127743 6630
7,231031 1,996045 9688
-0,147265 6,254743 2713
5,349841 -2,589752 7812
-0,765391 7,727885 115
-1,218779 6,474554 9535
4,927197 -2,675401 766
3,472935 -1,778778 729
7,630751 2,227073 4218
7,544924 0,768470 604
7,634797 1,313036 9887
-0,111258 6,750790 1414
3,928581 -1,732912 6783
4,757152 -1,135268 3528
-1,807190 5,650668 4184
8,516610 3,256493 1474
8,038212 1,680029 1865
8,799029 2,935864 8630
8,521064 1,194139 9807
-1,536868 6,275047 1154
-1,991197 6,797068 1513
-2,005974 5,993549 606
-0,765056 6,793217 1564
4,561729 -1,966744 1491
3,039194 -2,078517 4434
8,764160 2,076852 2304
0,154210 6,798286 2078
4,299560 -1,209863 6302
-0,524816 8,025258 6398
3,571328 -2,216899 7400
-0,905606 7,382023 609
4,035882 -2,374255 6186
-0,283891 6,598714 3343
0,229556 6,930734 9217
8,184068 2,903957 1455
-0,147819 6,488535 4507
-0,706006 6,681108 1284
8,495936 1,392615 7726
5,061798 -1,813041 8249
-1,232759 7,072530 7157
-1,898338 7,069976 7985
-0,864861 6,773500 4253
-1,093958 7,689487 4850
0,185413 7,130910 421
5,459196 -2,052645 8385
7,357482 1,725180 8750
3,722324 -1,523025 5146
-1,326389 6,938405 1216
7,762842 1,799499 9584
3,884807 -1,897198 5557
-1,265321 6,490543 5040
5,374407 -2,225214 1258
7,384983 1,628222 5968
-0,956105 7,276623 1673
3,911844 -1,921775 3097
4,355271 -1,096434 2056
4,163053 -1,880673 7493
-1,432429 7,965828 4193
4,556016 -2,871007 7934
4,788781 -2,223346 3705
3,820291 -2,450329 5004
7,823463 2,204482 156
-0,380213 6,966585 3999
4,573612 -2,004192 1291
5,174480 -1,481027 7763
3,976349 -0,574753 377
9,238426 2,286398 8121
-0,278718 6,625637 4994
3,929346 -1,134205 2605
4,918468 -2,052287 7345
8,508239 2,299461 8139
-0,024231 7,446376 4517
-0,808786 6,644105 8224
7,768155 3,038708 5387
5,493066 -0,594403 1722
3,848272 -0,854006 9348
7,717907 2,554489 8557
7,956755 2,561215 322
-0,797019 7,972433 335
9,206048 1,247591 8104
0,196358 7,314805 2463
4,712769 -2,281112 8390
7,334121 2,091791 7398
-0,275126 7,840901 2799
4,775390 -1,302869 2353
5,385397 -0,295972 5723
-0,983596 6,547339 8357
7,992101 1,371819 9568
-1,475868 7,024069 2286
8,102057 1,079568 3798
4,158789 -1,412137 6513
8,102083 1,763604 2904
0,158022 5,934407 7044
3,138272 -2,013239 98
4,303924 -1,303877 4785
-1,189928 6,712319 7870
0,127259 7,470135 8897
4,271837 -0,441229 2938
6,903413 1,989674 6045
3,975060 -1,658849 1983
4,152780 -1,399322 9464
4,220429 -1,938176 3853
7,792879 2,480725 779
8,225704 1,103419 7839
0,016893 6,313683 8097
7,863373 2,707645 7245
3,508796 -1,819688 2932
4,004606 -1,305891 3405
-0,391196 7,549416 3785
7,559592 2,602583 8065
4,786842 -2,596573 3074
-0,488223 7,057204 7187
-1,038425 5,560757 1009
7,527194 3,035731 9854
3,788069 -1,303451 1789
7,688852 2,024588 3437
-0,463025 6,644943 2831
-1,146600 6,504451 9638
5,072011 -0,634716 4805
-0,886311 6,667441 795
4,152813 -0,684573 5549
-1,749712 7,153196 2403
-0,949337 6,227466 2909
3,868950 -2,166329 7217
7,559098 2,582869 1056
7,334253 2,045460 3049
7,595331 2,372474 7460
-1,804564 6,684624 3483
4,346398 -1,498941 598
3,691874 -1,800604 3289
-0,623163 7,433265 8162
7,189681 1,836749 6211
8,506383 1,271079 9102
-1,501197 6,854492 197
8,013723 1,522990 2365
8,968219 2,370428 5290
7,750649 2,736321 5102
8,521087 2,437240 6001
4,702185 -1,949795 7161
-1,031030 6,622074 3916
7,249190 1,499490 1762
8,965571 1,868796 3620
7,854687 1,199258 325
7,846682 1,901610 6072
3,637094 -2,518745 1818
-0,535101 7,052885 4359
3,280178 -2,148595 2523
8,030720 1,689059 1218
8,370084 2,589052 2636
-2,129787 7,118271 4328
8,278822 1,862664 7115
4,493222 -2,305269 7842
3,876459 -2,029892 6902
4,603603 -1,894433 6055
8,867906 2,883450 8725
-1,955263 7,590012 873
4,006269 -1,604762 284
-1,350739 6,336169 2100
3,734835 -1,838086 6195
8,033637 2,736851 7453
4,416572 -1,681969 6706
-0,858216 7,640846 1168
-0,328277 6,439275 7178
-0,659462 7,359396 8703
7,160914 1,957603 6118
8,871647 1,725293 1510
-0,708173 6,773091 2422
-0,986525 8,184960 3533
-0,357969 6,508184 2446
4,561207 -1,907516 712
-1,284239 6,573034 5273
8,085561 1,338491 7711
-1,375623 6,908136 6410
8,984273 3,324215 2837
-0,658953 7,065064 8544
-1,475352 6,436138 4084
-1,229963 7,885159 5355
8,370596 2,357283 541
9,111304 2,695068 3508
3,986251 -1,330541 3833
4,658065 -0,732713 9674
3,602669 -1,432224 5698
8,266624 2,744486 6937
-1,290084 6,084040 3602
3,472205 -0,839130 7357
-0,359346 7,668340 5564
4,620021 -0,451831 5687
7,955326 1,215952 8941
7,889496 1,791230 2492
7,330152 1,705232 265
-0,263686 6,685976 8592
-1,856514 6,945560 8355
4,927939 -0,658017 2241
8,199437 0,724138 2429
-0,688020 7,341225 6497
7,461319 2,078510 2933
7,483145 1,114941 5653
-1,216745 6,501783 3361
7,501930 2,200377 7059
4,926375 -1,202460 274
3,278898 -0,310080 2198
4,314644 -1,203502 45
4,062529 -1,965287 6572
7,528665 3,170947 159
4,396967 -2,588811 7592
8,055677 1,858480 9045
-0,986640 6,081920 442
7,734483 1,943097 9119
7,786499 1,066004 6509
7,620358 2,402042 9401
3,665680 -1,678944 7927
3,856537 -1,499222 9360
7,736784 1,563561 406
8,475682 1,954711 8969
-0,991188 5,775192 5846
4,857031 -0,792666 3002
4,548418 -1,060787 4708
7,922499 1,677532 9482
7,982327 1,792563 5418
7,742982 1,804173 2833
-0,528442 5,969588 6137
-1,063108 6,051889 2747
-0,851373 6,733365 1632
-0,653755 7,062467 3711
-0,667702 6,900931 6674
7,760732 2,201939 6607
4,115763 -1,985766 2373
4,081503 -1,285938 9531
7,821155 1,475544 9524
7,908019 2,032165 3580
6,613812 1,837901 1533
-1,473353 7,471666 9242
8,807788 2,679772 7271
-2,342168 8,171564 6577
7,772299 3,023758 9174
4,314573 -2,089598 4876
-0,479007 7,588438 2676
4,735979 -1,385141 7900
-1,099858 6,510415 2167
3,354647 -1,239160 3943
-0,750382 6,334503 1452
5,361122 -1,451295 3369
4,055932 -1,282663 5961
7,824613 1,920752 2565
3,499422 -2,798015 6567
-2,096916 6,904239 5521
7,433451 1,834573 7382
-0,991740 7,170854 4454
3,169342 -1,677587 6436
3,710550 -2,303189 832
5,205097 -0,318715 8005
8,371035 2,185282 4101
3,385088 -1,905245 4223
3,306467 -1,393349 5385
4,168864 -0,422525 4410
4,266496 -1,722542 8134
8,000356 2,144744 3830
8,048640 3,171380 5908
-1,315707 7,626463 2301
5,092796 -1,482435 2234
-1,531382 7,426925 7080
-1,624494 7,666371 890
8,247613 2,114341 323
8,398979 2,911490 1318
-0,699641 5,614820 3150
-0,078155 7,285415 1562
3,805676 -1,182788 9658
-0,511034 6,276775 9790
-0,917476 6,782963 4128
-0,702424 7,982593 3263
3,669518 -2,496175 9786
-1,138179 5,681854 6686
7,896125 2,124058 1136
-1,238899 6,430669 6627
4,252933 -1,585260 7427
4,203954 -1,638507 4133
8,955815 1,407061 8673
4,922728 -1,140754 2209
8,615337 1,063801 4534
4,223267 -1,095674 3817
-0,624579 7,510760 6797
-1,910856 7,205492 3993
7,955251 1,934757 8436
3,433140 -0,678273 4814
3,416486 -0,205066 2334
-1,266156 7,244761 2479
7,151413 0,922481 6766
3,494735 -2,228362 4449
4,039836 -2,396853 9785
3,957026 -1,810668 1680
3,433585 -1,167933 5042
-0,633288 7,728469 2637
8,915806 2,064448 5082
4,646917 -1,543687 5125
5,042958 -2,183147 6574
3,726565 -1,097636 266
5,530246 -2,147030 9496
5,081459 -2,613544 5320
8,003455 1,945038 9033
3,129649 -0,988219 413
7,598990 1,006455 3148
-0,834982 6,813193 9580
3,286402 -2,513135 568
4,221007 -2,196572 6187
3,682091 -2,147461 194
-1,595014 7,559770 3169
5,587445 -0,510380 8328
-0,631084 6,757618 6793
7,715863 1,603111 1597
3,886590 -1,598736 8866
4,207372 -1,607141 1331
4,451000 -0,499934 6444
4,679589 -1,858098 6570
4,173889 -1,561812 8362
3,851403 -2,445465 1463
4,036709 -1,872066 9249
-1,246150 7,445170 9577
-0,678804 7,876065 2054
0,201770 6,577714 76
-0,776688 7,422758 4819
3,958697 -2,931148 6603
8,369750 1,380443 5392
7,873893 1,234099 1952
6,913205 1,797854 4198
2,892507 -2,106716 126
7,451447 2,220903 3121
3,253109 -1,949417 5541
4,426541 -1,287544 2511
8,871321 1,681420 1481
8,553234 2,320749 8723
-1,202864 7,457300 9052
-2,203562 5,608295 5083
5,147758 -1,082576 3623
3,499571 -1,149335 5595
4,181612 -1,447286 5528
3,366574 -0,814416 7161
-0,680084 7,106195 1414
3,615480 -1,822087 8807
4,188839 -1,119268 2146
8,974718 2,064986 1860
8,435252 1,584192 3006
8,001799 2,314726 6958
8,915032 1,294871 3691
-1,100139 6,962898 2918
0,085931 7,799869 4454
-0,591581 7,225704 2834
7,792875 1,345116 1257
5,043151 -0,760100 1981
-1,100708 7,803745 1883
-0,541920 6,936673 8889
-0,743863 5,780449 1823
0,056690 7,645771 5744
-2,108296 6,612166 6257
7,481327 2,397442 9888
4,830935 -2,676642 9008
-0,304725 6,993200 2791
4,800803 -1,977022 7893
8,080624 2,513204 1513
-1,283002 7,202228 4545
4,513302 -0,733726 4676
7,258003 3,116894 6650
-0,726137 7,576517 209
-1,894041 7,252875 8841
5,146466 -1,421358 3347
8,765046 3,159995 4701
7,875469 2,307720 9796
-0,541875 7,116851 1406
3,942003 -1,632604 5859
5,153535 -0,796047 3411
3,273781 -1,876034 6935
7,769510 2,937823 1207
7,652210 2,154868 453
-0,986989 6,804100 4792
3,674134 -1,881376 7940
-1,519167 7,569362 5919
8,620979 2,357316 746
-0,858011 6,338666 529
2,801329 -2,231306 6397
4,151372 -2,755100 5336
3,550837 -2,566198 2219
7,908660 1,036941 677
-0,662465 7,247922 6703
7,737682 2,635136 8575
4,017950 -1,579467 9493
-0,924732 6,832771 8226
3,419261 -0,158934 1754
3,492557 -2,268699 7931
4,021876 -0,610111 3664
3,989416 -1,146168 2490
4,617899 -0,429520 5663
8,760220 2,950238 7845
5,346062 -2,695906 9321
-1,235699 6,940488 4146
4,177408 -1,871042 7164
3,151361 -1,906801 7191
-0,943908 8,084783 6669
7,747080 1,916831 7480
4,182903 -0,824812 7370
7,642360 2,239993 2743
2,909645 -2,183829 3779
8,567693 1,192384 6881
8,437735 1,547776 7876
2,773156 -2,356894 8081
8,346524 2,000551 6299
3,707451 -1,025647 5618
-0,760998 6,241825 459
4,049388 -1,602803 5353
4,864762 -0,869285 2079
8,856341 2,611466 9489
6,862585 2,277049 2831
-1,121356 7,172183 6823
7,621366 2,237494 4826
8,062784 2,692877 4832
3,380215 -2,104837 2825
4,372765 -1,337603 3027
0,379786 7,017052 3534
-0,738891 7,880789 1206
8,786059 1,567690 5632
8,152075 2,319399 8731
8,175372 2,046342 8300
2,974580 -1,270714 4448
-1,375640 6,294445 9114
-0,772754 6,924446 2096
-1,101576 7,553348 9283
-1,097315 6,511098 9570
3,368264 -2,336692 3436
7,067057 1,579301 7588
8,492211 2,117470 9356
3,445539 -2,124198 729
4,754788 -2,184363 3602
8,203689 2,078277 6724
4,856775 -1,533880 9653
8,300233 2,001040 5966
2,979790 -1,894497 3372
4,286523 -2,254100 1257
-0,437548 6,952914 5710
-1,472961 6,995349 4739
-1,418408 6,980053 3852
-1,117431 6,346719 9904
-1,471233 7,545299 2395
-1,668351 6,367107 8444
4,995134 -1,782207 5969
7,369310 1,262572 978
-0,107084 7,136531 6023
4,449079 -1,601913 9472
8,350965 2,677406 4166
4,063034 -1,634622 7376
8,736751 2,493569 850
7,603302 2,342950 5887
0,166817 6,215237 6611
9,084284 2,189495 1126
4,613060 -1,242510 7286
8,050615 1,187916 9421
8,147214 1,490152 2267
4,024281 -0,484700 9928
7,455063 1,422922 6223
7,634825 1,415242 5004
8,087957 1,923998 6243
-0,645804 6,826872 9578
8,098865 1,387625 1295
3,983928 -1,757741 4985
4,156769 -2,010526 7964
4,589430 -1,943686 7036
9,207527 1,597251 474
8,349015 2,129515 3871
8,912221 1,452151 1905
-0,699461 6,702991 6614
9,136425 2,410529 7838
-1,419056 5,679091 3752
-1,218954 6,772582 3924
6,948357 1,466902 3111
3,855446 -1,131736 7520
3,883712 -2,123385 3651
3,643814 -1,441983 5691
3,264627 -1,975318 8047
4,033265 -2,096078 1192
4,056079 -0,751482 5376
8,720608 2,251130 1018
9,210197 1,689156 4068
4,806197 -1,333329 5545
7,710825 2,222080 7793
8,476900 2,294199 2491
5,527285 -0,760069 526
8,242627 1,889802 71
4,478863 -2,015870 4428
4,403967 -2,642225 5499
4,031101 -1,886623 1675
7,217114 3,293547 927
8,241641 1,140457 9997
-1,775559 5,995067 2877
7,350702 1,787591 3488
-1,889710 8,181250 938
4,942518 -0,400506 6958
3,816407 -2,249617 1165
3,888792 -1,041888 8664
7,700114 1,742614 4034
7,247575 2,564512 6282
6,881684 2,455408 3472
0,156511 6,924653 2192
3,555187 -1,909587 6869
-0,558982 6,790764 2819
8,146013 1,557324 8720
5,181583 -1,332143 4117
-0,800505 7,344247 551
3,883436 -1,319462 9239
4,100517 -1,301222 5891
6,751647 1,374397 1308
-0,154915 7,169975 2474
4,075633 -1,827290 2498
-1,451703 6,748465 2850
-0,421844 5,914848 4441
-1,408750 6,138106 370
3,436704 -0,909157 2779
3,889028 -1,425008 3499
-0,250669 7,106680 3333
-1,336280 5,516627 8883
5,236917 -1,673529 3960
3,866761 -1,963952 2135
7,620176 1,680370 9644
7,622366 3,080416 7299
3,317920 -2,046560 2818
-1,056198 6,825357 5976
7,182230 3,160224 3700
2,957668 -1,478300 1834
8,631763 2,385189 7225
-1,350550 6,162745 2003
4,369301 -1,979165 1539
4,022086 -1,548916 8372
0,107836 6,013506 5214
3,344564 -1,912042 5283
-0,706087 5,852984 631
0,179014 6,796670 7774
3,853341 -1,322648 366
7,925229 2,788044 2061
7,425733 0,964490 1844
-0,158575 7,421793 1997
4,457968 -0,716626 4578
-1,767263 7,984268 5320
-1,448553 7,466717 1777
5,349698 -1,496389 4683
4,995707 -0,405640 9130
-1,136636 6,864465 2045
4,056600 -0,805482 3205
-1,437077 6,572429 2720
-0,939571 8,158896 2606
-1,017916 6,901809 3708
-0,921735 6,578588 9167
-0,232914 7,051209 9100
8,528901 0,894190 5112
7,824757 1,609304 5266
-0,253222 6,915091 3240
8,205296 2,894402 3900
-1,002105 7,639782 2852
7,869834 3,120544 1360
0,092227 7,314768 175
4,197339 -2,038283 7718
3,661182 -1,869451 8098
8,226625 1,957198 4064
8,882839 2,966701 9481
-1,335093 5,546348 1571
4,777549 -1,726991 650
-0,249260 7,432542 2779
-1,617001 5,767575 5133
-0,537472 6,758708 7064
-2,267139 7,766275 5416
3,347698 -1,259180 5710
4,515350 -2,081932 5607
7,463314 2,784116 909
3,878339 -2,374792 1910
-1,406373 6,535753 9928
7,645132 2,193588 3148
9,316652 2,260373 1246
9,302312 2,638227 5597
-2,210571 6,572824 670
-0,250501 6,971370 9398
7,433833 2,389914 9257
8,936094 1,060663 4530
-0,840883 5,667244 3714
-0,687121 7,108010 4474
-0,426292 7,749896 1495
-2,086424 7,987199 4806
-0,952626 7,225437 6453
7,475406 2,123016 1331
9,077933 2,466406 5507
-0,627368 6,677309 770
-1,230628 6,256411 5034
-1,563752 8,102953 2406
7,170129 2,705920 1671
3,750806 -1,740149 5955
7,384924 1,224043 4552
-0,918788 7,276736 4712
9,059098 1,071407 69
9,094860 1,940049 5533
-0,236583 6,952811 8912
0,521448 7,389583 8144
7,159889 1,032245 3578
5,092015 -2,144017 2172
5,055619 -2,539365 8893
7,753201 0,884078 4333
-2,197755 6,679489 7372
7,174440 3,392803 127
8,034492 2,015202 6168
7,597782 1,795601 8070
4,115323 -1,499554 5521
-0,395740 6,404439 4339
4,880653 -1,095757 6283
8,225934 2,920988 4643
5,128212 -2,403499 8382
6,976642 2,879988 2913
4,700110 -1,587464 7512
8,016758 1,655555 1550
-1,161434 7,384180 646
3,689183 -0,790956 3336
-2,204052 5,954689 8401
7,056637 1,842941 533
4,417183 -2,066947 1657
-1,930999 6,975769 329
9,282726 2,611268 4349
-1,508410 6,699066 2433
8,169021 2,071631 8491
8,857170 2,004207 4574
-1,901933 7,406850 6174
3,136266 -1,726786 4890
7,527704 1,119212 8651
9,055351 1,932708 5183
-2,188693 7,259037 2890
8,334493 0,727846 3871
8,512531 2,667374 4405
-0,793269 7,074738 9929
7,693884 2,017021 2732
7,769512 1,643495 1322
-0,986565 6,028057 5925
7,247372 1,231208 3391
-1,474623 6,965223 9048
-1,951948 8,151380 3645
7,698575 2,500436 7013
7,581038 1,290437 4636
8,112556 1,294036 9026
-0,858866 7,273099 9333
-0,145106 6,142889 9486
-0,899767 7,877130 6887
-0,842286 7,279669 1445
-0,974688 6,498083 5152
4,304306 -1,764261 2748
7,690528 2,349882 2094
4,114187 -1,751226 1040
8,156792 1,276325 2397
7,794880 1,653066 8598
4,302637 -0,786581 6165
8,561458 1,757488 7310
8,041828 1,270226 3492
3,814480 -0,854324 5471
3,995117 -0,302960 3925
-1,087989 7,827488 6790
-0,485514 6,642433 6556
-0,412175 6,652325 5223
3,390090 -2,746627 1530
4,022008 -0,988615 5152
-1,361457 5,956476 9816
8,709520 2,419008 4391
4,605321 -2,366747 6036
8,536272 1,723827 1549
-0,860060 7,433147 1268
4,467943 -2,105493 255
-0,127757 7,021323 9087
5,011923 -1,064291 7218
7,044964 2,005985 182
-1,052036 6,163412 5915
-1,181973 6,008688 4937
8,059788 2,014311 7271
9,218770 1,938303 1840
-0,846138 6,004729 8180
7,466010 3,006581 8048
8,387019 3,115867 3841
-2,144607 6,905988 3548
-0,908050 6,200722 3060
-0,805665 6,883406 2399
3,512045 -1,794913 7906
8,703416 1,626806 1062
8,981769 1,973317 8145
4,518943 -2,930479 2358
3,689017 -0,463240 253
-1,257123 6,195587 5063
-0,589552 5,504486 610
8,535962 1,292262 9989
8,127157 2,281094 2070
8,471906 1,805304 5957
-1,406384 6,905772 8557
0,404886 6,457061 31
8,662440 1,724625 3029
5,221772 -2,309117 4709
6,849860 2,116637 6587
-0,657401 7,576389 6165
5,039259 -1,261518 3834
-0,596251 7,610349 1217
3,556405 -2,726200 6805
4,445771 -2,002086 2231
3,214611 -2,100742 9253
4,636431 -1,689996 9054
3,901474 -1,880473 5733
5,024447 -2,045648 2850
7,997875 2,552853 5702
-0,756809 6,842863 978
8,425688 1,932508 7299
-1,137273 6,839123 5969
3,223540 -2,912712 67
-1,472192 6,114584 3435
3,532264 -1,213113 5881
4,332382 -1,969962 3498
-0,207252 7,236036 4781
3,819312 -1,225681 5141
-1,346932 5,908107 721
-0,347039 6,056788 7014
3,292590 -1,976771 913
-0,472398 5,800258 8963
8,047529 2,322087 8867
3,928467 -1,948185 7055
8,425689 2,529905 2650
-2,017697 7,696771 4275
8,073924 2,697975 9757
2,865673 -2,443802 9058
-0,811199 6,315015 201
3,424283 -1,802602 7759
0,020473 5,823907 6651
3,929508 -1,537215 7853
8,297945 2,662005 7902
4,778595 -2,827129 2636
-1,985438 7,082666 2621
-1,221495 7,386456 6180
8,188430 2,254749 3060
8,721584 2,118783 3766
-0,882649 8,179101 2896
4,582414 -2,449018 736
-0,336033 7,773467 9838
8,003948 2,604792 6777
-1,631710 5,847313 3404
3,643575 -0,909816 7497
7,387613 2,111300 4097
-0,961388 6,061875 3887
3,737858 -0,640490 5847
-0,152452 7,150255 360
-1,832549 7,209346 2104
3,210626 -1,063107 8176
4,641263 -0,966790 2363
7,949887 2,214867 371
-0,554783 5,905758 8591
4,298988 -2,206928 638
-0,549624 7,978380 7498
8,429126 1,560314 4621
-1,488905 6,926903 4341
-1,050033 6,459889 5469
3,335648 -1,626487 9279
7,158416 2,128413 3778
-0,356415 6,877996 2384
8,229145 1,269531 6544
7,629116 2,139613 299
4,583606 -1,629429 9711
-0,814344 7,219653 9814
3,828777 -1,375142 9969
4,401428 -2,179289 9949
4,234514 -1,162146 6753
-1,846022 7,687742 853
7,995096 1,741401 7684
8,311340 0,907079 2887
3,703854 -1,021305 9214
3,956110 -0,975442 9802
8,213187 1,572306 5346
4,956835 -1,017660 9313
7,358888 1,271597 8141
7,842015 2,133401 7492
8,246324 2,820836 993
8,654162 1,958353 367
8,104138 2,078972 7717
3,264362 -1,567392 8207
-0,597153 7,240662 6754
3,817032 -1,998517 5511
8,211176 2,305307 3073
8,283976 1,392222 2489
4,384599 -1,656323 8186
8,071023 1,779752 4484
3,924985 -0,805706 7127
4,099255 -2,148391 4422
4,279470 -2,501809 6416
4,567102 -2,717696 8213
3,602555 -1,146924 6913
2,729660 -1,391615 3444
4,491123 -1,786089 8643
4,151592 -2,072304 1594
8,134863 2,362221 5048
8,419648 2,013864 3890
4,335829 -1,720630 8343
4,354963 -2,710302 5559
5,427992 -2,579256 7118
-2,295111 6,826957 5184
5,432667 -2,024156 7967
7,577502 2,924435 547
7,041394 2,868683 7716
4,552971 -1,831564 207
4,147859 -1,856035 9612
2,892847 -1,995619 2146
-0,483965 6,131945 2365
-0,099100 8,160751 6832
8,147518 1,768428 3322
4,313475 -1,163078 7208
-0,517446 6,477033 9001
8,202192 1,874569 9196
7,509015 3,182269 5623
8,972534 3,107212 2324
-2,007002 6,972293 7700
8,178064 2,245381 899
4,420952 -1,401682 964
-1,013478 6,675167 8642
-0,667463 7,211725 8108
4,839002 -2,381161 2916
-0,939451 6,807248 3918
4,328117 -0,602801 4890
7,341842 2,091786 4078
-1,271487 6,949831 9539
5,321638 -0,691610 7033
-1,020455 6,075973 6189
-1,330933 7,304227 1040
3,313242 -0,396035 8390
8,315054 2,101343 9772
3,740512 -1,566201 1229
-0,568321 6,816371 3871
4,444003 -1,142045 5023
0,260646 6,404246 9758
-0,241118 6,703768 965
-1,225334 7,237403 859
7,525884 1,733517 963
3,541756 -1,535081 8245
-1,040441 8,329625 2070
-0,026192 5,944256 2925
-0,737054 7,520723 2947
-1,218753 6,505086 4885
-0,418987 7,046601 1110
-0,787631 7,498289 9182
4,209820 -2,176737 7518
8,963563 1,880823 7430
-0,952043 8,234023 4483
3,576472 -0,261681 8643
4,595946 -1,898506 4868
9,007580 1,960548 7835
3,460550 -1,387948 252
8,117199 2,672664 1733
7,731113 1,582857 1891
-1,707814 6,705929 2408
8,171815 2,694956 5404
7,756938 2,253572 5816
4,239198 -0,826937 6065
8,025450 3,002041 6904
8,706329 2,058933 4283
-1,699097 7,341761 8512
8,739156 1,995972 9152
-0,649348 7,360884 8008
3,961861 -1,457468 7650
6,843869 2,717297 4155
7,983229 2,427479 1707
0,009290 8,240607 3457
-1,348539 6,170489 5396
7,622562 2,200652 3802
8,032826 2,530403 8397
6,888866 2,052865 836
8,225034 1,299117 7019
-0,707771 6,278728 173
-1,587024 6,673827 6646
3,932740 -0,982301 8527
7,955427 1,789889 898
5,178596 -1,889752 5331
3,485523 -1,899987 7656
8,549947 1,989279 2472
8,498015 2,873046 2838
8,908633 1,215209 654
3,458882 -1,540438 6884
8,510979 1,336473 5725
5,367938 -2,102358 8706
-0,345465 7,892630 3830
-0,950833 7,181046 4721
-1,209154 6,702055 4004
-1,677886 6,556486 219
3,709854 -1,524678 1836
6,637473 1,648399 3765
3,838709 -1,950829 9932
7,984354 2,316473 2877
3,747465 -2,479065 2526
7,382248 1,772268 1872
3,219146 -1,009530 9216
-0,221526 6,507133 1919
8,747512 1,655716 26
4,684916 -2,022981 9285
4,248052 -1,748804 6027
3,478533 -1,220993 9554
4,090860 -2,544701 2217
4,140264 -1,689843 6747
-0,434487 7,468522 9078
4,138591 -2,171420 3534
4,837909 -1,454008 9542
4,419677 -1,542809 2505
-0,544303 6,781195 1691
3,585650 -1,580549 7728
8,157893 1,328761 3390
5,399688 -2,289562 1129
-0,832010 7,259903 6633
0,159900 7,004283 8600
-1,515106 7,440355 9820
-1,121083 6,809883 140
8,094621 2,485497 4516
-1,327300 7,391028 762
8,683175 2,870067 3602
-1,145938 7,061557 2278
5,328107 -0,974655 5800
-0,770059 7,806077 1513
-2,186059 8,034128 4384
7,881007 3,412315 7547
4,781041 -2,267049 4917
8,163209 2,962193 6609
4,298213 -1,232255 352
3,986582 -0,925829 7764
-0,850611 7,068507 3124
4,368063 -1,474766 5913
9,358783 1,553243 4053
7,690893 1,282469 8174
4,362676 -1,554189 6450
8,492021 2,182369 4661
-0,421592 7,754745 2266
3,701368 -0,867554 3147
7,281418 3,271307 880
-0,863579 7,118004 6146
0,102826 7,720270 9908
5,357939 -1,960833 8863
-0,752804 6,497885 1586
0,018832 7,335519 3055
3,484367 -2,891112 8192
-0,656524 6,912016 4763
3,430860 -0,755710 464
7,262254 1,753883 292
3,477941 -1,193296 8476
8,162862 0,980395 1387
-1,508693 6,052304 8863
4,316147 -1,311899 5737
3,668698 -1,610917 1673
7,361055 1,966122 9198
7,196891 2,312999 6053
3,981926 -1,301187 4043
4,136022 -1,305663 2952
7,883656 2,410365 3878
-0,294201 7,230252 3313
3,843021 -0,959363 1766
4,011006 -2,086214 5759
4,299279 -1,052138 2656
-1,307557 6,835560 5978
-0,347044 8,257669 4827
3,056091 -1,242160 3436
4,679140 -2,259879 4319
-1,250053 5,957721 8327
3,744176 -1,223659 9571
8,168469 1,955306 1465
0,136343 6,157770 9688
3,849496 -0,608799 6432
0,319105 7,493201 8098
8,652544 2,040558 7788
7,880286 2,206248 8589
-0,765954 7,206901 352
8,850979 2,165454 6883
-1,668213 6,645349 4147
9,352153 2,013351 1743
8,701916 2,509551 5185
9,301619 1,141759 4694
7,976963 2,372817 9471
-0,554000 6,165728 722
3,866903 -2,063277 6889
0,155450 7,176579 1556
8,409122 2,792484 499
7,275476 2,034095 7439
7,260227 2,126834 6941
4,030289 -1,561795 1154
8,176892 2,081956 2389
7,327528 3,091634 500
4,165574 -2,247424 2221
-0,894074 5,926051 5306
4,314935 -1,108938 5205
3,852599 -1,192776 6275
-1,376768 5,847274 8008
-0,853957 6,829145 4606
-0,951996 7,745302 808
8,197566 3,323815 8312
7,287648 1,998418 286
-1,220797 7,221763 6390
3,490553 -2,055565 3707
8,286917 2,762508 9697
8,850934 1,650029 6309
3,564187 -2,378456 8340
3,615741 -1,623926 3823
3,920844 -2,217861 3054
3,895162 -2,727498 6301
-1,178320 5,994938 4732
8,259847 1,630777 1155
-0,103063 6,736636 1238
7,958333 2,459027 3019
-0,707080 6,816918 4862
7,622333 1,720091 3785
4,469741 -2,930875 4415
-0,117691 7,156980 192
7,050964 2,234916 7088
7,835214 1,789520 6537
4,164147 -2,623517 4557
8,632031 2,530570 2188
7,817539 1,555791 166
7,916364 1,252188 4801
4,106708 -1,641942 8081
7,054001 2,006828 9221
8,137878 3,059492 2337
3,533693 -1,584710 6481
-0,408889 7,321088 2943
7,048806 1,090631 3742
-1,659633 6,066340 7439
4,744736 -1,730377 2466
8,917130 2,927593 2997
4,206396 -1,445413 3224
3,098248 -2,999324 9700
6,860290 0,765043 1598
3,460603 -2,243675 8623
-1,458129 8,155724 4014
8,584506 2,450629 3298
3,857992 -2,853509 1711
7,141365 1,981127 6449
-0,316791 7,318708 4764
8,376689 2,342619 3690
-1,517598 7,686763 2076
-1,500853 6,719300 6808
7,607570 1,394743 4659
4,627488 -1,535853 7882
-1,104742 6,833564 6541
7,647882 2,680602 8963
-1,313476 6,130831 5000
-1,151929 7,553677 597
-0,882904 7,459189 8008
5,219763 -0,732649 8755
4,044829 -1,632769 6908
-1,661752 6,179854 2009
7,603024 1,706113 1223
-0,804369 5,646587 9422
6,965616 2,233015 5769
8,062651 2,012218 4996
-0,587275 7,463291 1003
-1,876206 6,441561 9936
4,198370 -1,182662 4529
8,761619 2,072825 1565
9,095433 1,814890 1494
8,053025 2,440135 4432
-0,390662 6,307821 6920
-1,259488 6,887944 5032
4,694089 -1,375151 9706
-0,227834 6,613636 2976
7,648427 2,219695 2187
4,152905 -1,102331 1730
4,744389 -1,731591 446
8,330921 2,056459 3069
3,669500 -1,490524 8098
-1,142956 6,750198 2627
8,577133 2,009069 463
2,969257 -1,726319 1653
4,246532 -2,671637 8714
9,031028 1,494735 2077
-2,073133 8,209485 4838
-2,128692 6,018440 7970
8,210037 1,285354 3524
-1,188102 6,155968 7699
7,830615 2,456592 2843
4,103377 -2,721825 8562
7,758745 1,302136 8593
0,192290 6,052913 3121
4,271195 -1,593250 480
0,156636 6,801570 1204
7,744893 2,440207 6792
8,001298 2,140676 5787
3,772069 -2,037149 1522
7,601628 1,740745 7787
8,700522 0,796687 4075
7,870615 1,781580 9991
-0,936898 8,161318 686
4,010510 -0,830219 4674
3,205569 -3,073335 8811
8,191736 2,523825 3184
4,153628 -2,834786 3186
3,629410 -0,841666 6465
0,149144 6,758146 5884
7,846535 1,607067 8110
4,591128 -1,721405 9757
-1,456824 6,217441 6006
7,685399 3,223775 7887
8,248248 2,498961 8169
4,910252 -0,776105 3965
3,961804 -0,964851 7264
4,067729 -1,949581 221
4,584173 -2,465208 2286
-0,638087 7,120834 9205
7,803081 2,256568 7591
8,281982 1,550376 432
8,480666 1,320560 1997
-1,393973 6,392021 7158
-1,659437 6,209162 1784
-1,099207 5,798630 434
4,048667 -1,553602 5441
-0,911644 6,504154 6393
3,297889 -2,736045 4915
4,602550 -1,117531 212
4,581100 -2,296260 1857
3,702617 -1,808916 875
5,205603 -2,624898 9790
5,390155 -0,918198 1450
8,519893 1,222345 7900
-1,045228 7,118618 7840
8,837350 2,179580 1545
8,521900 2,499160 9766
7,816547 2,833094 542
8,183442 2,597901 3420
4,176550 -2,892071 2759
9,150106 0,928981 7577
-2,135216 6,264357 7928
-0,911961 6,980635 8782
4,949674 -1,263404 7241
4,466092 -2,803844 1501
-1,328629 6,282899 1559
3,921950 -2,837413 6326
-0,553177 6,743580 7549
5,095874 -2,754236 4452
-0,974565 7,460429 5836
3,819051 -1,426025 523
-1,712970 6,546615 6206
-0,708497 5,515441 8070
0,241239 7,446684 4357
-0,292593 7,063017 163
-0,504767 5,807736 2563
3,383729 -1,084501 4231
7,978384 2,133112 4562
-1,738364 6,752131 7555
8,173089 2,770718 4815
3,757027 -1,137254 4980
-1,064711 8,326657 9105
4,069760 -1,798733 4379
3,264094 -1,784441 163
-0,274920 7,857649 158
3,850964 -2,093805 6405
4,180710 -2,626104 7583
2,723191 -2,324700 1600
4,169254 -1,517645 7700
7,384038 2,687098 3965
-1,003923 7,021198 5218
8,598759 0,862512 5815
9,335288 2,435726 6148
-1,062787 5,844723 6816
8,068748 3,011749 8858
-1,182910 7,341993 1260
7,883499 1,047221 7884
4,030521 -1,660773 9693
3,789562 -1,102387 9579
4,494296 -1,523127 9571
-1,804593 7,331793 9794
3,603114 -1,436404 7581
3,012697 -1,749711 3739
-0,599811 6,909356 1154
-0,454723 6,961092 931
4,323249 -1,639125 8363
8,229855 2,435254 4373
7,150215 1,602739 185
3,970711 -1,134854 9076
8,086064 3,322911 428
4,440413 -1,831305 5780
7,988899 2,168289 3090
8,545118 1,645333 5057
7,695476 1,446912 7403
4,446393 -2,994702 4494
0,049817 7,245671 9940
-0,224418 5,955730 8621
8,098469 1,417161 9866
4,588044 -1,289915 4906
5,519304 -2,394711 3589
-0,976468 6,810373 4779
6,752805 2,418811 6355
4,320650 -1,240331 3965
-0,496453 6,522201 1657
7,385181 2,528245 3982
7,830308 0,908689 2667
-0,280273 7,826800 9191
8,437414 1,487097 6427
-1,431713 8,090560 2269
-0,664301 7,072820 1159
4,477876 -2,325329 5332
4,988000 -2,260198 9732
4,519507 -0,597660 4131
-1,999595 7,090137 3740
7,451120 2,132509 3313
4,634938 -1,326330 4502
8,461304 1,240512 3382
-0,762404 6,864463 8837
-1,313921 5,819113 5535
7,974256 2,137661 8868
4,039021 -0,314911 4753
0,071336 6,488721 9011
4,540215 -2,252876 3761
8,292459 1,833785 8932
-1,901766 7,416465 3827
8,554066 2,404393 1157
8,530244 2,810805 7205
7,730034 2,115761 5671
4,043470 -2,192213 3497
0,003522 7,333106 1336
-0,312131 6,951504 9116
3,265948 -0,668346 7545
9,070598 1,287127 8856
3,350174 -1,283936 824
2,717137 -0,802526 6227
3,806007 -0,574751 5057
4,183333 -2,500789 5124
-2,038294 6,885468 9532
8,749031 3,249090 3389
3,726293 -1,553132 7930
4,021610 -2,719815 6864
-0,910994 6,594246 7194
4,807382 -2,256266 7491
5,102557 -1,877785 4454
-0,900647 6,281676 5654
8,135188 1,190267 6742
-0,050711 6,999587 8605
3,013393 -0,607935 7951
7,795251 2,162386 355
8,000175 2,365515 6974
3,441948 -2,568418 4589
0,292751 6,652223 593
-1,112668 7,447068 5531
8,999146 2,650674 5970
8,553359 1,408828 2187
0,071069 7,825497 5702
7,957766 2,056082 8142
-0,810194 6,875870 4930
-1,605951 6,343580 7823
7,633741 2,023971 9436
8,425085 2,319197 4231
-0,751568 7,115197 2647
-0,876387 7,729185 5924
-1,075196 7,342016 3454
-1,201588 6,468175 5485
-1,035750 6,820813 7483
3,405336 -2,872382 8476
-0,920550 7,319115 4501
7,623896 3,012922 1640
3,971982 -1,083010 8587
3,434652 -1,497593 8526
4,041378 -2,916861 9910
8,227305 2,970320 9491
8,070300 2,289968 1865
0,256898 7,988269 9560
7,784868 2,297212 9493
-0,051696 6,425786 3016
-0,156158 6,834968 2487
-1,567011 7,549761 8858
8,074028 2,116912 8793
0,172856 5,729923 9823
-2,041211 7,838754 4199
-1,313400 5,865898 9198
0,493998 6,781364 9768
8,375418 1,526740 4375
4,427423 -1,449236 3578
8,426465 3,290474 4884
5,100744 -2,224280 8603
2,872774 -0,554165 5862
3,192791 -1,658021 5507
7,840302 2,278336 4830
-1,087202 6,971476 5529
3,113819 -1,187120 6582
3,602379 -0,584832 1690
8,654820 1,451248 200
0,129868 7,132813 4399
8,086753 2,392364 3090
4,589656 -2,003321 6433
-1,277988 5,538779 3564
7,036473 2,567128 7744
-0,284824 7,620924 6746
9,288111 2,443554 8056
7,540081 0,906420 5692
4,061241 -1,729139 4532
-1,611844 6,889986 8214
3,434709 -2,379582 8840
-0,553928 6,891764 1733
7,966632 2,762162 8548
3,321091 -2,002790 958
5,022131 -2,173405 6240
4,018393 -1,731774 7234
0,188119 7,277978 2624
-1,190008 5,850158 9035
4,845956 -1,937285 504
7,892960 3,306165 3887
8,965412 2,065442 3096
-0,619861 6,905208 1880
7,812270 2,987798 8229
-0,479572 5,965009 1835
7,611157 2,345824 152
2,705131 -1,420127 7489
-1,984083 7,603457 8327
-1,294830 7,169167 5701
3,423165 -1,595661 8441
8,321318 2,608951 1000
4,558672 -1,557838 6263
8,333289 2,082737 5633
5,123858 -0,705718 5566
8,175371 1,619139 4964
9,029345 1,631263 312
7,794850 2,292707 3016
4,574486 -0,780192 6970
4,021143 -1,709506 1165
4,706142 -2,499453 9125
3,609401 -0,576881 4391
7,582393 1,312964 5261
-1,243601 6,096212 7701
4,468300 -1,434652 1127
4,026066 -1,575068 8750
8,853461 0,910134 3590
8,834327 1,953321 1080
-1,713165 7,274068 3354
2,958242 -2,553708 7887
7,181612 1,960009 1470
3,310978 -2,115175 8062
3,332257 -2,575348 3619
7,917861 1,130208 4990
-0,693552 7,039877 9757
3,304132 -1,003376 2621
6,780188 1,769445 7484
8,033806 2,119085 6724
0,249097 6,890830 8870
3,674112 -0,799932 583
3,719236 -1,749599 5692
8,567166 3,007721 7321
4,261001 -2,008169 8711
8,365400 1,528695 4952
7,941413 1,708225 1735
7,923341 1,621111 7811
8,134034 1,453179 653
3,948223 -1,579455 8551
4,282003 -1,991301 9390
8,506728 3,257543 7179
-1,275094 7,023208 4387
-0,675890 6,208775 7922
-0,511354 6,393225 5283
4,727059 -0,208865 8319
7,563472 1,309846 1620
3,509167 -1,009711 8811
-1,978451 6,505200 5473
-0,884684 6,837290 3312
8,488659 1,753108 7785
4,055924 -1,449603 8006
4,703197 -2,101108 8380
0,164871 6,980447 6937
8,985597 1,560934 2217
2,909470 -2,443441 9612
8,052536 2,110556 1327
4,843728 -1,468503 7191
2,771932 -1,273089 9959
3,908188 -0,383957 7112
3,609018 -2,284010 5551
7,905861 1,517029 5491
4,791882 -1,592709 5987
-1,019174 6,922765 6448
-1,280172 6,494231 1781
4,095560 -2,101351 5609
3,042845 -2,277326 1159
-0,841999 6,524499 6366
4,758748 -1,639220 6157
4,954020 -1,230189 4625
-1,062097 7,068635 7185
5,198985 -1,122996 8581
6,758356 1,287316 5064
3,055855 -2,401673 245
-1,544478 7,299725 3425
8,774352 1,481062 4972
-0,663174 6,974579 947
0,014734 5,732798 2954
4,850094 -0,933215 103
-1,661334 6,941504 7371
-1,255159 6,763950 1827
4,051002 -2,126942 3909
6,657785 1,462586 8841
7,872548 1,665037 9344
-1,655328 6,471303 9546
5,562915 -2,327768 3040
3,098927 -2,660240 1886
8,855363 2,347387 1577
-0,647935 7,155816 6611
-0,185994 5,961427 6788
3,428829 -2,251066 1442
7,802118 2,071919 8309
4,847086 -1,479058 3997
8,418069 2,499720 6675
-0,398121 7,257542 1815
-0,658578 7,502478 1657
-0,435466 6,752180 7397
4,583165 -2,171217 2847
7,676261 2,472878 5282
-1,062941 6,993655 5529
-1,591837 7,442698 8361
5,080042 -2,380988 9504
4,799021 -1,006383 4479
8,870313 2,834592 3699
-1,608110 6,929080 6022
3,878150 -2,325775 6737
4,843756 -1,723600 9121
8,088148 2,677847 1784
8,454307 3,091302 112
9,495871 2,037801 8776
-0,196860 6,580190 4787
3,842558 -1,624980 4765
7,485790 2,217164 367
-0,866187 6,548552 9760
7,334180 2,171541 4272
-0,934633 5,514721 8609
7,833165 2,998826 1365
-0,121591 8,088509 2757
8,336720 2,186339 8515
3,944815 -0,561623 2440
8,150314 1,861479 4863
-1,161768 7,505944 555
7,001962 1,830703 3932
7,449823 3,042452 4690
4,434577 -2,345320 1642
-1,694451 7,314624 6972
5,234018 -2,101641 8566
4,086649 -1,268262 7310
-2,026261 7,424084 786
4,275052 -0,790739 2975
-0,735927 6,365207 4197
4,041433 -1,414203 8856
8,177578 2,093587 9154
-0,573943 7,571101 8706
3,174543 -1,681797 2386
7,189458 3,130560 4777
-1,845389 6,841714 7123
-1,538749 6,763756 6023
8,498546 0,804216 147
4,706583 -1,744766 6406
8,129768 2,534021 7524
-1,153579 6,768595 3338
-1,316025 6,569165 8481
6,768762 2,114281 5057
7,976614 1,969676 4208
-0,509771 6,650402 8755
4,371854 -1,639324 1400
3,429581 -1,676307 7991
3,865142 -2,919952 1482
3,105248 -0,841846 8499
3,258112 -2,290050 4354
7,329346 1,830917 9764
-0,745873 5,941124 9599
4,291903 -2,136608 7136
-1,243008 7,113370 7808
3,709248 -1,445043 9679
-1,479424 7,474331 2740
7,161293 3,141561 4068
3,780719 -1,828127 80
-0,694297 7,183983 1052
3,879682 -1,422005 2480
5,121767 -1,914832 1128
3,808453 -2,515616 5405
3,163430 -0,932353 4505
-0,879371 6,782959 8347
7,436322 1,669051 9126
-1,576016 7,240588 1180
8,196205 1,910309 2310
3,201544 -1,638198 9282
8,214582 1,994208 2249
4,659255 -0,744828 217
4,332302 -1,367857 2693
3,625332 -1,214789 1647
-0,969900 7,082292 7335
6,984067 1,997378 7597
5,064026 -0,986129 8131
-0,850594 7,359584 6467
-1,575132 7,887604 7716
8,100668 2,009108 6074
-0,821460 6,927956 1950
8,757725 2,165876 5454
8,545460 2,441690 8460
4,582617 -1,206047 1503
-1,137086 7,560936 8521
5,273069 -2,445190 5994
4,201380 -1,512255 9595
7,488779 2,011124 7081
4,782765 -1,730233 9512
-0,690705 6,059718 5349
-0,624829 8,046303 874
9,020264 2,353580 3653
-0,545932 6,786732 932
-1,260556 7,235964 3113
-1,382396 8,165124 9310
4,555646 -1,522470 7276
-0,279582 7,804332 203
4,950799 -0,288745 5714
8,298725 1,672505 9245
5,283074 -0,865572 2868
5,039805 -1,993703 6892
-0,723993 7,083454 1357
-0,907031 6,125626 483
8,227378 1,358062 5086
5,462711 -0,898095 8942
3,187016 -1,518642 1570
7,169117 3,089759 9320
-0,692938 7,398696 1087
8,392371 2,420959 8099
4,394932 -1,133776 5546
7,712637 1,871973 9088
6,809336 0,850453 7687
8,583855 1,427159 2306
-1,171839 7,054916 7160
4,798976 -2,218738 2059
4,684991 -1,942091 2349
8,790907 1,503008 7357
0,359341 5,894426 9065
-1,701070 8,016375 4931
4,831820 -1,161784 9103
8,200091 2,074809 1450
7,784924 3,030377 7137
-1,876977 7,770656 3205
-0,761283 6,170176 3114
7,305280 2,145545 7437
-1,408650 7,240920 4731
3,343154 -0,287289 5482
-0,513476 6,360517 4015
2,881082 -2,412834 7367
7,935036 1,931655 7591
4,194761 -1,496452 5777
8,574024 1,246810 1080
8,265293 2,194660 3286
4,020686 -1,172215 1822
-1,660143 6,776496 3674
-1,170478 6,991739 9474
3,645554 -1,705444 9600
-0,849647 7,184916 4076
4,388290 -1,450013 3767
0,174263 6,082933 4742
3,753370 -0,566897 3373
-0,618826 7,121310 7335
7,622500 2,374983 7400
3,452243 -1,735756 4379
5,185934 -2,068215 3390
8,068116 2,343898 552
0,544454 6,380480 9394
-0,589110 7,146043 9743
7,322702 2,131426 9281
-1,655404 5,512310 2742
7,895752 2,285284 6591
4,270669 -1,556107 9795
0,144906 6,603652 4378
8,644816 2,215747 3369
-1,813322 6,190305 530
8,753940 3,359892 3151
7,552403 1,061740 6805
4,797039 -1,441712 112
8,092108 1,187742 2048
-1,010211 6,389020 1765
4,946048 -2,214055 3574
0,195109 7,227267 842
3,465643 -1,371442 4629
-0,538403 7,111470 6186
-0,585437 7,186072 4598
-0,897557 5,660309 7355
-0,873766 6,974924 5345
4,258980 -0,717524 2061
8,389502 0,811193 3761
7,988344 1,216601 7953
3,459734 -2,072119 1141
7,698977 3,024959 8961
7,505471 3,236884 6587
3,916095 -2,837645 8895
3,922789 -1,673668 3609
-0,983837 6,407835 2735
-1,350241 6,924293 2937
-0,947362 7,015077 8241
8,275022 1,970296 3870
4,434219 -1,512431 3754
-0,788010 5,884532 1797
-1,124483 6,748513 682
4,605639 -0,946911 5962
0,136915 6,833515 9903
7,096136 1,235091 8112
-0,998211 6,971974 4469
7,747876 2,151524 9867
8,002112 2,016490 9934
-0,960327 6,108129 3507
-1,861191 6,538500 8105
-0,742148 7,674710 8684
5,238981 -2,910723 8390
3,883699 -1,111191 6933
-0,368653 6,306091 3020
4,566297 -2,529986 3882
-1,505555 7,020673 4873
3,394672 -2,470778 3395
-0,415157 6,929460 2714
-1,252591 6,464929 2858
7,988933 2,515989 1344
4,443797 -2,004659 4689
9,226604 2,849831 3387
4,119130 -1,049649 4736
8,016728 1,983577 8198
3,647916 -2,215620 992
-0,971601 7,522180 8259
-0,601351 7,604627 6600
-0,787479 7,444171 8044
7,439091 2,179553 8432
-1,110998 6,586371 5695
3,389268 -0,884896 1118
-0,156011 6,917981 6473
4,478465 -1,405179 8571
4,035540 -2,106826 3082
6,920675 2,060559 4949
8,216237 2,551399 7489
3,596646 -1,323522 3956
7,217334 1,730762 322
7,412103 1,190782 472
3,504980 -1,900572 136
-0,664380 7,059835 3941
-0,171281 6,207063 2853
4,348540 -1,554010 2784
8,789909 3,371264 2225
3,164302 -2,305050 2902
4,811664 -2,278032 6154
0,370166 7,829455 201
4,416656 -0,709922 2874
3,730500 -2,158387 1024
8,269329 1,740881 8611
3,204627 -0,982547 9212
4,249113 -1,619802 5019
-2,076877 7,799011 964
8,017234 2,493481 8799
8,839452 0,693898 7489
4,743808 -2,131504 8996
4,490153 -1,520844 1967
8,189418 2,941430 4404
4,896438 -1,375424 3024
7,549530 2,394267 177
7,462207 2,414399 4452
2,880561 -1,588243 6740
4,575125 -2,609048 6334
8,205393 1,282278 1101
4,414502 -2,562034 2088
-2,290018 8,028948 9577
8,222870 2,311453 8044
3,896369 -1,877231 7064
-1,543700 6,878361 5404
9,007513 1,825795 3104
2,941679 -1,693938 9150
9,163874 2,886391 6629
4,179893 -2,064745 574
3,025595 -1,705034 3071
8,475283 2,930377 668
7,871524 2,144822 6685
8,999666 0,816984 6487
-1,169973 7,773253 2215
4,177453 -0,373403 5382
4,013151 -1,631611 9849
7,824487 2,054753 6189
4,687156 -1,161714 8124
-0,966276 6,543502 8941
-1,745927 7,305410 1466
8,111163 1,710294 138
-0,551069 7,017708 1576
4,358093 -1,252537 1183
3,536384 -1,544548 4888
7,125753 3,466386 906
9,023676 2,640129 520
7,315378 0,825702 8891
3,485611 -2,140399 1862
3,769264 -1,456505 2771
8,236024 1,578658 333
-0,450231 7,456399 4494
-1,243858 7,074174 158
3,348422 -1,085875 3873
8,654959 1,006179 3382
3,963404 -1,071115 3883
-0,097172 7,481202 741
-0,743845 7,183811 2730
7,274536 2,150167 1148
0,049805 7,444324 6885
4,189984 -2,043760 8812
-1,785633 6,754917 2619
8,692498 1,193186 6986
5,138346 -2,965710 5493
4,438921 -2,258728 9377
5,051356 -0,796657 5217
-0,293898 6,315935 3923
-1,905494 6,349823 9113
3,530996 -1,915545 2367
-1,174602 7,068947 3235
5,464871 -1,529097 8941
8,112294 1,559264 4102
-0,523129 6,861802 1897
3,602780 -0,742871 9388
8,692541 2,354173 5192
-0,610773 6,632310 1919
-1,342410 6,693891 6915
-1,575576 6,999639 5849
4,640343 -1,827154 609
4,034633 -1,844375 3181
4,256519 -1,131232 1392
8,349558 3,073518 169
4,362833 -1,827747 2692
7,558270 1,803189 7508
-0,556929 6,603838 8932
4,770705 -2,671681 5425
3,481852 -0,675481 9107
3,995785 -1,808103 7354
9,072107 2,052481 4452
4,351655 -1,815164 1819
-1,606661 6,411334 1388
-0,453762 6,237767 3517
-1,177213 6,553835 9442
-1,359521 8,097278 3852
3,384374 -1,282573 5509
8,306056 1,856892 5072
8,849726 1,438817 7186
7,889928 2,925348 1464
7,746642 2,476001 9434
8,055702 2,435668 6459
5,583409 -1,891356 4787
4,869671 -2,097376 5652
4,738400 -1,724330 6757
8,384409 2,388821 9733
-1,138415 7,114905 8481
3,938740 -2,454895 8352
-0,684966 7,961707 912
4,363887 -1,462983 3662
-1,131315 6,395107 4066
0,186672 8,023393 4057
8,118689 2,290969 5116
0,072135 7,068773 1444
-1,896697 7,116081 6030
-0,443559 6,422387 6927
-0,234273 7,342479 9265
4,604854 -1,534803 9594
0,372503 7,595416 4358
3,153256 -1,496910 7789
8,305587 1,904514 7636
0,107540 7,498741 9960
-0,312517 6,376652 9358
-1,040317 7,014344 2448
-0,368773 8,219981 9049
4,713971 -1,002598 230
3,489105 -2,011045 3727
-0,020709 7,703403 3064
8,050132 1,818407 4897
8,452189 3,076991 1657
-0,808761 6,464894 5590
-0,975628 6,912989 7787
5,222403 -1,844846 666
-0,333877 6,915414 9893
-1,003055 7,681794 2645
-1,715991 6,646215 4485
8,176460 3,091978 3822
4,880663 -2,004722 7880
-0,683817 6,054002 2755
-2,076910 6,913953 3546
-0,761567 7,304997 9803
-1,053277 7,103374 5312
0,421032 7,258791 2285
7,931253 2,147238 2213
4,532988 -1,581761 2344
8,233148 2,692241 5322
8,237938 1,136343 4471
-1,479217 6,703005 1620
3,071180 -1,548180 8017
8,556799 1,792263 3962
-1,952474 7,509001 7355
4,145888 -2,110950 6774
4,236514 -0,982339 6547
3,698601 -1,052119 5973
-1,099252 7,537960 9223
8,741504 0,698223 2335
4,473124 -1,766162 5585
3,787679 -2,100835 4723
4,403622 -1,371144 7947
4,442332 -1,514039 2506
7,554290 2,997045 3040
6,993932 2,724417 8766
4,224501 -2,888184 4180
8,282223 0,864427 1348
4,555958 -1,119840 6566
3,739750 -1,330162 650
5,062838 -1,976960 9603
-0,885406 6,872423 3103
7,827561 3,202923 1300
0,252556 6,784550 3061
4,320930 -1,034657 2164
8,118835 1,085495 994
-1,605462 7,845689 2440
7,869716 1,029570 6044
4,345091 -2,303432 9358
6,762769 2,162966 3222
3,155823 -1,823018 6945
8,295939 1,179996 6662
4,978616 -1,149252 8582
4,764339 -1,416947 3539
4,825479 -2,272029 9237
4,267652 -1,775155 5801
7,489286 1,237506 33
7,352451 1,870905 8936
8,330662 2,540161 1218
4,932718 -1,168820 1879
3,867815 -1,434317 4031
5,182778 -1,978594 3082
4,589055 -1,129168 5856
-0,731419 8,214954 9936
3,936298 -1,964598 207
8,775432 2,314540 671
-0,873152 7,836348 2896
8,335705 1,160486 5720
4,027952 -0,959688 4673
5,197291 -1,260561 428
8,050677 1,847846 8147
7,405404 2,365655 6054
7,471252 0,708307 5454
4,682863 -1,048270 8951
-1,195934 7,199688 5908
0,334716 5,871861 7083
7,949527 2,125866 678
0,220724 6,313520 5663
8,230800 1,135395 8096
-0,689372 6,909525 5891
-1,858268 7,104425 7099
8,873325 0,777312 4939
-0,405054 7,384085 6595
7,370415 2,422092 6679
4,113822 -2,819761 3639
3,583978 -1,775573 7476
9,140730 3,028961 4211
3,427477 -2,562693 9915
0,028116 6,914371 7517
8,121990 1,361079 5323
8,363563 2,272796 627
-1,499258 7,261834 337
-1,774391 6,433395 2773
4,551617 -1,391470 7725
-0,423339 7,053943 8522
8,760485 1,718867 5323
8,874831 2,717188 5871
8,021242 2,865527 3726
-1,658695 6,623101 7424
-0,837149 7,750110 8950
-1,149294 6,158138 824
3,597303 -2,242591 2624
7,194854 1,537782 280
8,090385 1,736809 2573
5,464455 -1,359743 4358
-1,610939 6,451824 9478
7,494528 2,001601 6793
-0,978414 5,799409 8909
3,597147 -2,653952 5500
4,632525 -2,893246 8657
3,426829 -2,448049 5913
4,052886 -1,883966 2338
7,113563 3,313445 8313
8,095133 2,937587 1215
-1,183853 5,912891 6144
4,765252 -0,421437 7821
-0,300041 6,631046 3101
7,888751 2,101742 4810
4,642442 -2,142122 8270
-1,291024 7,491888 3598
4,853417 -2,288061 2645
7,374482 2,173975 1186
8,437439 1,647808 8163
4,591748 -2,007794 7647
3,755380 -1,726059 5459
0,001377 6,753227 4247
8,503811 1,316874 5638
8,228921 2,370767 2962
8,138288 1,905842 5840
3,671745 -1,134140 3972
8,057543 2,149801 9677
8,779009 2,663085 4371
-0,810657 6,299514 9872
4,533916 -2,909168 326
-1,477524 6,516037 2539
7,859886 2,399393 8541
4,086650 -2,826345 6221
-0,568035 6,450804 1191
4,286617 -1,456791 5554
4,610142 -0,718127 1944
3,601202 -1,061338 5357
8,703564 2,254554 1276
4,553189 -1,591224 2185
8,272943 2,041796 6584
4,278334 -1,504660 1003
-0,947137 7,464083 2843
7,754441 3,363553 5564
8,431949 2,944837 7958
7,119649 2,864226 5781
8,086939 1,854478 7632
-1,748314 6,677790 6660
-0,325836 7,144523 236
4,729069 -2,267676 4227
8,232462 2,070124 9820
8,836776 1,519526 4232
8,493313 0,908255 7960
-0,498397 6,169968 9359
-0,424844 6,979969 4165
-0,989102 6,590089 8704
3,857846 -0,615359 4252
-0,754258 7,277129 2740
4,855596 -2,283734 4780
-0,739806 5,976369 6218
-0,787687 6,892190 6572
4,535156 -1,463549 8703
8,746642 1,368404 1255
8,198502 2,039630 2913
-1,345951 7,225370 1784
4,521166 -1,616694 555
4,165868 -2,012981 1525
3,569698 -1,087140 2247
-1,153361 7,177816 6866
4,858877 -1,595295 3156
8,313967 1,019357 2761
3,973532 -0,601524 395
4,289930 -0,825084 7414
-0,008557 7,633678 3306
-0,432463 7,324836 7706
8,262261 0,808369 389
3,900577 -0,525038 2004
-0,851182 7,288865 9225
3,016211 -1,511238 1516
-0,032715 7,098421 4076
2,683430 -2,531919 3670
6,620471 2,162130 8244
3,704084 -2,109106 5680
4,495763 -1,012582 5089
7,957639 1,042373 9912
4,217855 -1,457134 5447
4,676621 -1,536798 5086
7,932889 1,789637 981
7,504564 2,464630 5412
8,143319 1,693870 3423
7,850411 1,153699 6232
8,898026 1,875500 5
-0,522702 7,938157 9423
8,213658 2,569716 2907
8,042619 2,330423 7839
-1,361393 7,891787 1262
5,152812 -2,343689 6941
7,324681 2,896397 2028
3,525611 -0,675478 6296
4,263387 -1,032949 1226
-1,197300 6,350086 2543
3,895957 -2,054785 1045
-0,916141 7,282450 2278
4,326194 -1,313591 2988
-0,635909 7,130223 4642
4,364429 -0,704852 2537
-1,907188 7,780029 2776
8,209017 2,625181 7985
-1,616230 7,737365 1989
4,940895 -2,319634 2625
8,004148 3,221811 2589
-1,748989 6,682265 2225
7,684357 1,559465 7758
3,223109 -2,902551 3877
7,637759 2,828854 2912
-1,133624 6,113109 6893
3,871259 -1,855549 7613
8,615129 2,858236 3385
3,615197 -1,904547 3625
4,572214 -1,586188 84
4,887401 -2,510857 7041
4,171939 -1,399660 9339
4,034594 -1,324900 1770
3,203856 -1,928110 5302
-1,462011 6,381185 5978
-1,031299 8,089681 9384
-1,261003 5,915338 6705
-0,712223 6,885526 3749
3,706921 -0,403619 6652
9,252956 2,288485 1377
8,622728 1,719728 3412
-1,163463 7,976788 4494
4,739404 -1,809639 9855
4,223389 -2,042422 9562
2,981370 -0,889469 2424
8,764164 2,504189 6758
-0,737523 8,024855 905
-1,631245 7,658217 3822
7,757692 1,182896 7626
3,420095 -0,817096 5949
3,407042 -0,619886 9086
-1,993877 7,028201 1725
8,629724 1,964755 4141
3,983247 -2,727088 1304
-1,172757 6,685457 5182
3,026278 -0,603929 2126
-0,442153 7,236507 3877
5,008076 -1,832663 4547
3,730641 -1,710657 8203
7,561200 2,162342 2438
4,694608 -2,645910 4385
9,347868 2,161936 5910
8,399278 1,185428 9797
5,323355 -0,363174 4204
-0,903992 6,610073 8254
6,933989 1,676693 5056
-1,785626 7,647751 1328
-0,130618 6,735569 3178
-1,042469 6,863592 211
4,023839 -1,760675 4725
3,250730 -0,720702 4742
8,698886 2,454034 9384
-0,870898 6,792158 5000
3,511691 -1,719843 763
8,127985 2,817499 3957
4,188911 -1,654839 4059
7,386652 2,035656 370
-1,016057 6,286692 905
8,080511 1,800534 9559
5,024137 -1,761795 5882
7,146933 2,500374 2180
4,359257 -1,631552 614
8,131205 2,713801 5543
-1,701360 6,446808 1783
-0,722704 5,610002 9969
8,400330 1,272988 8530
2,856404 -0,942031 8290
8,064790 1,729908 4278
7,975376 3,369062 6351
-1,329627 7,373578 6905
0,069887 6,447207 6343
4,025808 -1,288917 831
7,054056 1,864780 2074
-0,854921 7,356553 660
-0,830388 7,113468 2030
8,700149 1,888165 9034
7,981500 2,609463 2223
3,945018 -2,099997 8867
9,391360 1,542104 4014
4,403814 -1,388041 6542
3,983281 -0,815337 5671
-0,552741 6,621644 4243
8,806428 2,030475 4133
-0,021004 7,223310 414
-1,723196 7,092375 6568
3,435226 -1,145322 461
7,245843 2,793187 1279
3,240103 -1,354780 777
4,114379 -1,398457 9202
3,247734 -2,928676 2485
3,008406 -2,465788 7299
8,468008 1,540549 5694
3,755064 -2,428364 5103
4,686662 -2,066255 1873
8,769147 2,206079 3147
-0,888691 7,625922 8641
4,571811 -2,356145 3471
2,780473 -1,654419 5519
4,182954 -1,533865 4025
-1,265755 7,413147 9847
8,389827 2,066526 2819
-1,858726 7,275098 5733
-2,069062 7,603819 5204
-1,667264 7,574999 9946
8,821348 2,098598 354
-0,858060 6,787343 6222
3,457507 -0,934865 3700
4,393908 -1,403222 2245
9,329142 1,650141 42
3,890194 -2,150284 7288
4,229556 -2,404287 2501
3,339045 -2,508746 1249
8,359620 1,803677 7820
4,014017 -1,493730 7169
8,499279 1,313401 1609
-1,104429 6,431709 525
7,071063 2,460526 282
4,709090 -1,809190 255
3,194666 -2,182863 6017
-1,435878 6,344871 8187
-1,093031 6,838919 8295
7,820303 1,723937 8317
8,734701 2,669267 7999
-1,637836 6,798047 1318
7,684115 2,412968 954
-0,942364 7,036403 8813
3,989749 -1,357398 5280
7,308200 1,698112 5347
0,433140 5,864780 671
-1,639845 7,491105 5042
-1,011850 6,322185 3153
3,818953 -2,171295 3757
-1,201993 6,954043 9478
-0,305469 7,213656 9608
-0,896258 6,602766 3694
9,213439 2,761709 2867
5,160997 -1,363344 1683
3,879479 -0,615760 9082
3,233113 -1,654641 8888
6,882880 1,563676 8820
-0,447130 8,123242 4451
4,004782 -1,576491 2728
3,861024 -0,956584 1598
4,280999 -2,535332 9812
4,628702 -1,867920 4949
8,653691 1,246325 9326
0,274783 6,826351 7785
6,752422 1,451034 7035
3,613999 -2,426276 3697
8,270556 2,083215 8834
8,815558 2,620326 974
7,392980 1,482683 2662
-0,541386 7,273975 4840
-0,413394 6,750089 51
0,367214 6,771060 3182
3,020092 -1,063246 1375
0,095919 6,318126 5566
8,746216 2,050327 1244
4,055865 -1,299742 3421
-1,614674 6,749558 8865
5,407732 -1,287694 1058
5,560520 -1,808379 1220
6,977074 1,807289 6440
4,518905 -2,239863 6863
3,582803 -1,342833 1409
4,473544 -1,048723 3283
7,596323 1,919476 3611
8,203665 2,167483 8947
6,967597 1,320256 4643
3,748405 -0,710099 5897
4,017061 -2,259565 6338
7,675384 0,816280 7601
8,122384 2,583204 7009
3,666465 -1,305189 3474
4,052200 -1,753426 7756
-0,547414 6,581714 7314
-0,889864 7,764503 267
8,766273 3,379056 4026
4,457178 -0,980472 6956
7,759782 0,673256 966
7,516446 3,256888 5919
7,898693 3,176368 6632
8,172530 0,682582 8402
8,941820 1,130333 9160
7,824767 1,434819 1186
0,403495 6,669517 7487
-0,925280 6,059013 7658
-0,616057 6,402981 411
3,705922 -2,412434 9558
4,029661 -2,349353 8444
-0,912389 6,137679 140
2,758017 -0,828460 7182
-1,114980 5,695198 8432
-0,949609 6,871460 8995
8,747201 2,648942 4457
8,245962 2,756916 8347
-0,995568 7,402504 8846
-1,196896 6,790636 3519
7,425121 2,280517 736
3,791784 -3,109233 7123
3,762572 -1,078179 9855
-1,468681 7,220203 462
4,212511 -0,508548 381
4,621017 -2,132300 6923
4,124737 -1,913671 3430
-0,262561 8,224594 426
-2,013981 7,260170 1821
4,041155 -2,037211 8219
4,222965 -1,115815 3279
4,133147 -0,836301 9940
8,467464 1,483934 7010
5,281867 -1,941402 9007
7,649114 2,197566 2133
7,292866 2,216021 3069
7,136435 1,799473 9810
7,235252 2,361612 7761
3,886164 -0,317270 9073
7,568655 2,174064 1298
-1,233000 6,186845 8962
9,001093 1,419534 3807
7,731646 2,518153 9894
7,413909 2,271707 364
-0,107396 7,851255 3881
3,718417 -1,528262 9413
4,363205 -1,678099 765
-0,866826 6,642527 2141
4,112813 -1,614578 7439
-0,096972 8,041662 5676
7,768503 2,598596 4690
4,210888 -2,937753 6141
7,879109 2,159037 1282
-0,932823 5,971913 7995
4,851732 -1,244225 8157
-0,360346 7,006940 8516
-0,857840 5,949791 1998
7,959211 1,764903 9123
7,474125 2,475585 6164
-0,902686 8,130994 9157
8,961865 1,351804 9199
7,599097 2,105134 1562
-1,294507 7,744328 6780
0,018605 5,769656 8394
8,273879 1,480459 7259
-0,452172 6,281703 1109
-1,028840 7,174748 6522
8,743216 2,848991 3930
-0,507805 5,954473 8429
3,523169 -2,273080 4715
3,272841 -0,929945 9682
4,174361 -0,325454 1743
4,357916 -2,260954 7151
4,319271 -0,942590 9641
8,391181 2,453722 6300
-1,082759 7,745489 6471
7,697421 1,403866 4454
-1,585808 6,394412 3400
-0,104275 7,866952 3629
5,003861 -2,594451 7463
9,150991 1,315880 129
-0,318669 7,708478 5453
3,947335 -0,585689 7715
-0,451622 7,292657 6483
-0,291466 7,532106 869
4,281043 -1,981032 6952
4,848490 -2,131885 2513
-1,427859 7,216581 8693
4,182635 -1,673608 5917
3,677307 -1,561759 1402
8,125708 1,621303 3376
5,266032 -0,558251 3359
-1,295383 6,560474 4286
-0,945792 6,687418 3775
5,259105 -0,999365 1641
-2,079339 7,110073 695
4,146019 -1,071814 9163
-0,814116 6,502970 2567
8,962780 2,231044 1903
8,088986 1,288650 7403
-0,897602 6,816995 3112
9,143561 2,138634 6135
8,350728 1,275422 5827
-0,673829 6,796328 6600
-0,440863 6,947828 6708
8,187723 2,102122 4359
4,812165 -2,005237 5345
-0,229777 7,768159 1980
-1,962005 7,535908 4364
-0,387198 7,352169 2482
-0,584225 5,685213 916
9,107487 1,056209 6373
5,345342 -2,307128 8007
3,639520 -2,145654 8739
-1,204491 6,386373 712
4,820066 -1,692003 8226
8,361664 2,537718 8765
8,193419 2,703405 8461
8,731192 1,893454 5514
-1,423297 7,707331 7840
-1,060605 6,516954 6882
8,379904 0,954174 5711
-0,415501 6,422415 9195
8,373343 1,811415 7929
8,801972 2,653236 8404
3,166308 -1,587373 1451
7,924023 3,046714 3835
-1,299091 6,058910 409
5,146319 -1,375724 2881
8,216152 2,044956 6537
7,216982 3,446252 5439
0,057903 7,342905 8201
-1,380334 6,115552 1781
7,594005 1,628125 1459
8,031697 1,624931 7187
-1,393912 6,779117 6106
3,788788 -2,353915 7075
-1,004708 6,990006 1876
8,442355 2,936197 8178
7,232195 1,760425 516
-1,042195 7,318073 9499
8,755912 3,165955 7239
-2,153936 6,657746 2309
6,961669 2,640090 9141
-0,613985 5,909629 9436
-1,920448 6,713837 4112
5,515633 -1,792740 1927
-1,355604 6,236714 7821
5,390938 -2,111850 398
9,000408 1,924733 3447
7,545130 2,827485 9101
4,135769 -2,294360 2245
3,859715 -1,535803 628
-2,239470 7,773354 3337
8,764430 0,795673 9005
8,057847 2,031628 9968
8,399435 3,258900 9208
4,264867 -2,016325 302
4,196502 -2,381182 4882
-0,784467 6,406867 910
4,376020 -1,463194 7776
-1,807671 6,081964 5928
4,230266 -0,576772 5172
5,490149 -0,879065 5016
3,147558 -1,209338 978
9,168007 2,708929 262
-0,210006 6,828259 3450
-0,976336 6,979838 1913
-0,525445 6,634820 8243
-1,898179 6,315703 6365
7,968705 3,341956 6870
-1,301753 7,972429 6508
4,004479 -1,422832 4721
-0,368571 7,645671 2894
-0,668143 6,576169 7001
4,652203 -1,243644 1344
3,395009 -1,557992 1844
8,379522 1,706820 9434
4,274799 -1,053019 2526
3,491211 -1,755976 6567
4,334753 -1,349219 5286
0,275712 7,397988 6026
4,160673 -0,780503 9611
-0,702822 8,258453 24
9,003819 2,023333 3865
5,301840 -3,021704 4844
9,063103 0,734795 220
4,980652 -1,205439 3472
9,389825 0,812178 4102
8,285983 2,596394 2457
8,916020 3,091968 7277
3,240411 -1,424551 5099
4,463997 -2,305001 7434
2,903219 -1,893966 9966
-0,439796 5,838911 423
4,376294 -1,900786 9093
7,755462 1,991006 1164
5,180000 -2,719591 6890
-0,373479 6,169239 9524
-0,231976 7,386107 6555
-2,144666 7,001529 671
3,334023 -2,734267 7023
4,572491 -0,575575 4758
4,077895 -0,922467 2229
7,310088 0,940555 6400
-1,271415 7,183961 3802
4,958799 -1,742666 3959
8,601732 2,302516 4619
3,758631 -1,796554 6847
3,309655 -1,410330 7401
8,294231 2,169407 916
2,863641 -1,497078 6196
8,093167 1,493940 8501
-1,729530 7,407905 4352
-0,998243 7,186992 2419
7,571553 2,841213 5232
-0,393251 7,036634 3013
8,742637 2,836779 8502
3,746789 -0,878750 4377
-2,182470 7,222292 6441
7,383446 1,564800 7420
4,985412 -1,383390 5790
4,068690 -0,992157 1851
9,137731 3,003200 7702
4,258849 -1,526116 8461
4,404789 -1,786830 155
-1,639741 6,569839 423
8,834911 1,052121 8844
-1,072826 6,495955 6046
3,174037 -1,495922 1680
-1,786376 6,352559 812
-1,840374 7,362873 2565
-1,234866 6,185909 6746
-0,434759 5,879844 8983
8,213832 1,761027 5370
-1,258206 6,783237 992
3,877833 -2,416014 311
4,374075 -1,795539 2218
4,592029 -1,552651 1783
7,249686 2,075860 5653
-1,370303 6,367920 9591
-0,204588 6,178277 4727
7,494159 1,014860 4764
7,990248 2,261048 7039
7,309231 0,798266 2919
7,543617 2,138915 9045
-1,679429 7,899763 6955
-2,037327 7,555418 94
-1,266943 6,908375 4467
-0,630843 7,618816 7192
7,970057 1,362341 6668
7,651574 2,229545 1284
8,004502 1,777642 5038
4,617910 -1,632901 4152
8,307399 2,844918 5524
7,787956 1,312516 2695
4,279877 -2,348560 3596
7,095817 1,525374 2703
-1,608292 6,856076 4797
5,357541 -2,633730 2015
-1,444155 6,353539 5736
-0,836132 6,501987 9800
4,244305 -2,925321 9834
-0,917338 6,504639 365
-2,075224 5,775945 6538
8,445932 2,008539 6116
-0,966374 7,910790 2391
7,067616 2,678515 4271
7,913694 1,292832 4719
8,430002 1,868549 5305
4,419025 -1,277404 940
4,278021 -0,770807 9732
3,257908 -1,363633 8161
-1,569011 6,993410 5538
8,520357 2,688420 1387
7,743416 2,406231 3966
-1,607617 6,735709 7568
8,246936 2,868661 4184
-1,265406 7,550693 5222
-0,383652 7,597104 4235
8,221875 1,848718 5601
-1,237914 7,112958 9202
3,771938 -1,468298 7825
7,370644 1,456625 2873
8,171868 1,114317 1433
6,978853 2,496030 4779
-0,772006 7,559655 4325
8,768570 2,358275 2793
7,990377 1,925360 3278
7,880279 2,498701 8258
-2,119335 6,551819 353
8,217559 2,343064 2286
7,245073 3,375004 9443
3,579671 -0,692653 5353
0,134678 7,363666 1974
4,076422 -1,720499 915
-0,039763 6,402234 1485
3,017917 -0,789703 223
7,419245 1,551541 8219
4,674175 -1,434973 8173
7,505015 2,059870 9957
-1,118959 6,375531 8948
7,931395 1,774964 1026
-1,319719 7,561387 677
9,090497 1,100140 3265
-0,848436 7,972222 7654
-0,963904 6,909688 251
4,534464 -1,674715 1392
-1,770124 7,328064 9134
-1,266225 6,888671 3494
4,741548 -1,272172 5350
4,846838 -0,427044 4399
-1,304943 6,590952 9347
-1,065828 6,633217 4967
-1,621719 6,191239 2880
4,523404 -2,196433 9677
-0,114590 7,744316 4815
-1,385297 6,289161 138
-0,967769 6,792129 8651
4,309913 -1,840793 5132
7,801941 2,745274 3858
4,157846 -0,993040 9034
-0,406199 7,223807 4311
8,364339 2,658637 7336
4,720852 -2,352703 9506
-0,740751 7,492052 6593
-0,816434 6,257746 1340
7,775979 2,829607 3817
8,116695 2,373984 4647
8,011997 2,147395 632
-1,354339 6,875732 7552
4,311577 -0,816034 8657
5,095677 -1,996057 446
-2,212872 6,263204 1756
-0,292872 7,849087 1430
4,114445 -0,435901 2455
2,839193 -1,979519 667
7,274900 1,347955 1076
-0,177726 7,893425 2345
3,681370 -2,193239 2722
5,012006 -1,378010 316
3,706265 -1,698516 4800
-0,356991 5,901948 4493
9,501053 1,450615 5585
8,560496 2,263324 1771
0,199564 6,689433 1035
-0,880014 7,409672 8411
8,129220 2,225720 5186
4,308750 -0,929508 9920
6,853506 1,846725 7746
7,996121 3,360225 7199
-0,710397 6,806108 6447
-0,915975 6,621547 7539
-1,728886 6,569541 4887
-1,540450 6,752226 3952
4,866687 -0,859398 4504
9,452470 3,289745 3795
3,888237 -2,171412 7930
8,721846 1,460174 6156
-1,648175 7,611707 1860
4,530650 -1,860190 6591
-1,498185 6,465329 8406
7,202256 2,059675 4805
-1,295223 7,564259 8131
8,295313 2,057176 9259
7,153498 2,649133 4597
-1,514781 5,614137 3437
8,553272 2,917364 2641
6,817805 1,351918 5821
-0,833518 6,813360 9143
7,309498 2,333709 9530
-1,491611 7,074972 2049
7,033557 2,698675 5860
3,285190 -2,142913 1701
4,830664 -1,249137 6151
8,271031 3,090393 672
5,079249 -1,011736 5650
7,974590 2,197954 9535
3,474450 -2,161414 6366
7,491678 2,965597 4057
-0,861461 7,873324 9452
-1,487035 6,009486 2965
-2,233281 7,123031 4246
7,837213 3,080930 7152
4,809971 -2,160991 5355
5,165824 -1,476151 7688
4,156028 -2,240595 2748
4,949750 -0,965635 9344
-0,570583 8,078811 7513
7,017692 1,835959 2759
8,377302 1,905175 4562
-1,856020 5,916714 1580
4,756146 -2,722534 733
8,415764 1,499310 5637
3,833569 -1,408776 3817
-0,422075 7,086791 1688
5,057106 -1,286999 5269
4,569061 -2,204177 395
-1,276510 8,261928 5986
3,695432 -1,581305 6519
3,635010 -1,883328 4720
8,110451 1,843584 942
4,248580 -1,951854 9311
9,483372 1,253787 9016
4,371657 -1,502955 8597
7,196764 2,575406 74
-1,883167 5,972465 2991
7,487428 1,289760 4237
-1,031294 6,011180 5812
4,080738 -1,638643 7826
-1,273750 6,210722 4921
-0,307966 5,802630 1372
-1,911009 6,471915 3700
7,126029 1,702107 7969
8,874046 2,971495 1166
8,157587 1,098162 492
7,852638 1,960757 5345
4,338537 -1,208904 9934
9,231051 2,199971 1212
8,416843 1,644470 3451
7,838712 0,891020 5756
5,453483 -1,708201 5868
3,791503 -1,297677 8677
7,605359 2,658272 4849
-1,106464 6,735999 4158
7,755751 2,496349 878
9,067028 1,770197 4696
0,001798 6,215973 47
7,491559 1,883293 2796
7,825829 2,060036 6433
4,705649 -1,637108 4770
8,081416 2,742827 8305
-1,050328 7,680450 6240
4,875328 -0,658283 6917
8,054813 2,686259 6975
-0,323541 6,764023 9118
5,056759 -2,042498 7853
-1,832594 6,602005 5500
7,562208 2,420859 9504
8,224261 1,298079 3598
8,855764 1,757560 8034
3,800559 -1,999427 1676
4,016094 -0,868820 2234
5,116914 -1,210211 9661
-1,205182 7,818489 7798
7,803845 1,340464 4492
5,307309 -0,913161 6616
4,301260 -1,742189 6069
8,590568 1,259002 9603
4,919982 -1,475497 556
8,862516 2,255335 2050
-0,272173 6,373420 890
-1,699598 7,303034 8853
-0,459715 6,281159 7367
4,812414 -0,538986 8722
-0,340019 7,342718 2603
-1,484705 7,202872 8051
-0,714484 6,142738 2536
-1,557889 7,550738 6725
-0,019085 6,414512 9286
3,418841 -1,108063 7048
5,314266 -1,428121 4127
3,363182 -0,864387 7146
7,998724 2,442056 8071
6,948030 1,859644 4915
-2,021777 7,748812 3975
8,526123 2,354655 2888
7,854777 1,708261 2230
-0,835913 6,712834 3738
4,312547 -0,523236 9051
7,340987 1,845260 3858
-0,404541 6,945558 3042
4,003999 -2,661385 2124
7,682257 1,770288 4804
7,144140 2,495657 4316
-1,692796 7,309307 6040
7,339343 2,831889 8305
3,226860 -1,535404 9119
-1,341105 7,076940 4230
3,405885 -1,951854 7384
-0,918798 7,271522 3841
3,796342 -1,670818 6725
3,268132 -1,873090 6830
-1,353618 7,279951 2990
5,349823 -2,452469 5806
8,191548 1,410810 1214
4,510891 -1,182693 1484
3,299732 -2,364547 6342
-0,282985 5,985631 6905
7,652440 2,556654 395
-0,576853 6,770072 7410
8,288884 1,278884 2919
6,788280 2,203698 2307
7,959820 2,041837 5365
4,222124 -0,963958 7468
8,686241 1,959553 7150
-0,662438 7,333097 7754
-1,052104 6,658360 480
4,385188 -1,271192 9300
3,824780 -2,311823 7199
4,239478 -1,027367 3708
8,072327 1,258876 4440
4,738771 -1,623084 5291
-0,846258 8,010874 4784
8,171053 1,875820 8113
-0,818323 8,306283 1190
4,777052 -1,451475 824
4,280716 -2,028411 5845
8,456041 2,107129 7574
-0,392861 7,259578 5730
7,551854 1,802265 7633
-0,339793 6,226161 8934
8,625974 2,344268 3285
-1,606641 7,963652 7189
5,424737 -2,279515 5916
-1,135895 6,154566 4315
3,695070 -1,895658 1193
4,234735 -2,465406 2267
5,015666 -0,595770 5602
4,014596 -1,436786 3676
4,046531 -1,825533 1805
8,346113 2,712606 660
5,028485 -2,782015 2857
3,848998 -2,631831 4538
4,541071 -1,288308 4681
4,199595 -1,171104 3859
-0,964076 6,655923 6833
-1,083615 7,230815 3145
3,935657 -1,110649 6054
-0,587693 6,863830 1494
5,052826 -0,859048 2779
7,950704 3,096923 9990
-0,760251 6,147827 9114
-1,143074 7,184480 1954
4,357245 -2,009346 8292
4,218671 -0,720300 4125
4,256034 -1,307209 2806
-0,475183 6,358532 9083
-0,638222 6,904687 6224
8,224947 1,787849 1030
-0,465298 5,693153 776
4,539350 -0,795884 7896
3,439738 -2,591610 3094
-0,368781 7,380492 8412
-1,629606 6,745370 9084
7,909544 2,732708 1680
4,415120 -1,869114 6787
-0,512080 6,286380 7882
-0,522151 7,678092 6967
4,525822 -2,183880 2923
8,013095 0,899786 4438
4,315737 -1,765780 7597
4,010607 -0,809834 6156
2,954456 -2,079644 605
3,655451 -2,035680 9632
4,132973 -2,108691 5314
-0,602612 7,226395 995
7,732915 2,793987 1234
4,264191 -1,969999 7613
7,405916 1,284274 4583
4,026097 -1,825858 4458
7,831116 3,165762 2462
7,754344 2,455070 5458
7,728162 2,343971 125
7,769800 2,168634 4060
-0,167826 7,727172 2160
3,780718 -1,531543 8798
4,238707 -0,889793 3177
-0,057895 7,101071 4342
3,964582 -2,536539 9060
7,518136 1,313218 5264
3,276739 -0,603294 6457
-1,285038 7,998539 6057
8,467317 2,100189 6368
4,205415 -1,951591 673
7,478144 2,298118 3790
7,401988 2,697426 1382
7,894705 2,535756 5407
4,235974 -1,056324 8947
4,738898 -2,280845 5736
-0,834155 6,747959 7730
4,206911 -1,985143 4108
-1,423265 6,406505 3067
-0,022645 6,142956 9474
8,056086 2,646778 4498
8,849293 3,024392 3138
-0,609644 6,425310 3034
4,246288 -0,515323 3863
0,002986 6,975105 8907
3,590219 -1,120856 6427
4,922770 -1,302179 5618
-0,398349 6,929843 9289
0,133752 6,326929 6630
-1,314186 7,890009 2913
-0,785704 7,766060 9151
7,867927 1,963554 2552
3,796126 -0,944652 9853
7,926818 2,704418 9660
4,358050 -1,859741 1356
8,356637 2,121057 5522
7,868895 1,445328 6511
-1,418854 7,264537 7436
8,519997 3,218256 4627
-0,303865 6,048790 5549
3,294940 -1,805504 7930
-0,375365 7,330744 945
8,958481 2,425610 8918
6,951639 3,050272 7661
4,251325 -1,015279 8177
7,810685 2,868924 2455
-0,797426 6,155709 7244
-0,821244 7,170996 3843
3,218369 -0,812111 2379
-0,478045 7,702432 8524
3,908227 -2,545024 864
-1,288730 6,456651 8470
8,998028 0,841599 7021
-0,182525 6,827466 8366
8,140306 1,656228 4101
7,790090 2,438683 5116
4,188417 -2,589378 6411
7,752237 3,170056 8933
7,725336 1,530733 2783
3,759545 -1,519897 2727
4,136565 -2,689621 9765
-0,508842 7,231003 312
8,377168 3,342673 2236
5,084785 -0,594546 1043
8,128160 1,836284 5291
4,434304 -1,989146 8945
8,360970 1,287627 3414
3,522802 -1,472296 7984
8,898712 1,994969 3160
5,373503 -1,438425 9990
7,426061 1,985294 1665
8,436737 2,929574 629
7,181186 2,229683 9203
4,142906 -0,833119 6057
3,985880 -1,270658 5185
8,632122 1,035240 7540
-1,355255 7,160629 5042
-1,135739 6,419653 7435
8,050289 1,304398 5848
4,310966 -0,282599 2199
4,402153 -0,942476 6119
7,650994 2,268736 2098
8,379026 2,028172 2128
3,029914 -1,235495 6344
5,046379 -0,455559 3219
7,037536 1,837297 6073
8,474258 2,198882 846
-0,707414 6,732702 5430
4,537322 -1,033512 8981
3,909929 -1,461328 9221
-0,962403 6,677798 2875
8,269162 2,691190 2558
8,383710 2,679169 4731
7,625069 0,817292 8885
-2,096398 6,656649 842
7,176281 3,342528 3768
0,329274 6,967978 598
9,175265 1,716535 4906
4,867427 -2,223906 9340
8,578572 2,260688 2138
-1,920997 7,067184 9579
-1,684929 6,330548 9746
8,093713 2,006161 1734
7,631980 1,678972 1184
-1,258911 7,054525 9617
8,057752 1,575954 3750
8,300212 3,130980 624
4,272381 -1,432863 4426
0,137250 7,137859 6483
3,756412 -1,041265 5090
0,349251 6,817899 614
-0,829590 6,769989 235
7,556196 2,260664 1495
3,654960 -1,285656 3339
-0,830351 6,075479 8270
2,981374 -1,189685 1720
4,812499 -2,121776 5991
3,296140 -1,884101 501
3,892533 -2,104683 5325
8,600780 1,741133 9435
4,009727 -1,415913 5947
5,138652 -1,839483 7897
-0,933894 6,813386 6898
3,452193 -1,374823 4986
8,118985 2,848635 2434
8,736694 2,859296 5629
3,786233 -2,430401 2829
-1,623931 6,740642 1835
3,457761 -1,827719 5523
4,311625 -1,459667 5092
-1,725449 7,639840 98
-0,354250 6,705777 4647
8,513983 2,159032 2455
9,103455 1,340701 4673
-1,025658 6,864452 6953
4,830997 -2,239537 6874
8,217948 0,977697 6300
4,335385 -1,182407 1626
4,741626 -1,878519 7488
-0,544641 7,913653 129
9,142549 2,433881 423
-0,991377 7,260130 2593
-2,057789 6,089801 5117
4,819258 -1,912183 7449
4,422142 -2,221682 9020
6,888935 2,540225 3173
-0,773149 7,457531 2334
-0,953254 6,472007 9362
8,446897 2,307368 817
4,759265 -2,813407 3309
4,896564 -0,653588 7749
-1,803519 6,358798 3879
7,688881 2,286621 670
7,699159 2,478419 9531
6,902329 2,081430 7724
8,856800 2,073476 8093
-0,864085 7,028600 4660
0,096940 8,029572 203
7,435065 3,041249 9843
7,540439 2,163256 7794
7,811411 1,814676 8741
-1,748904 7,099342 7049
4,751557 -0,881985 276
4,990178 -2,089645 3481
-0,630934 6,948192 1742
7,705338 2,080934 7463
-0,960076 7,415355 8740
4,818390 -1,777749 7124
4,061000 -1,888291 4075
-0,353231 7,837760 9573
-1,358742 6,232160 620
-2,125483 7,337306 8133
8,843991 2,968568 5719
3,829381 -2,145090 5627
7,812737 2,136635 3018
8,807606 2,348801 8492
7,597239 1,615754 4944
7,111417 2,491430 7577
8,023992 1,371205 6882
7,247178 1,906257 8146
3,666518 -1,981974 2272
4,550648 -1,646138 3114
4,795856 -1,751593 2309
7,713330 1,266525 5930
-0,849625 7,118151 229
4,276311 -2,366764 8930
-1,472373 6,030884 5701
4,261962 -1,729598 3216
0,181264 6,675987 761
4,135422 -1,375959 779
4,312025 -0,997391 1885
3,642076 -1,165243 8048
8,971267 1,288196 2677
-1,534256 7,523510 9332
-1,224557 7,609756 1904
7,148257 2,629563 8732
4,040036 -1,411538 8246
9,183497 2,462256 468
8,315197 1,978889 875
7,915279 1,066863 9806
-0,885320 7,037055 8815
8,939099 3,399128 9686
7,183904 2,245522 8299
-1,236798 6,996183 1425
-0,856808 6,313902 6511
8,705169 2,475961 7082
4,430372 -2,088527 4304
-0,201763 7,034315 6327
-1,134552 6,322411 2369
4,643787 -2,360309 667
6,716995 2,008927 6560
-0,734457 7,232706 6977
7,090321 2,666403 7078
3,498204 -0,792075 34
-0,579981 6,744884 7405
4,501743 -0,987963 5957
8,388715 2,207864 842
7,579985 2,702110 1251
3,487362 -1,297592 2891
4,374571 -1,244814 5282
0,017929 7,875618 2176
7,289680 2,755145 3923
-1,279368 7,705593 316
8,052868 1,571469 9706
8,144601 1,337274 4489
3,652973 -1,724061 3918
3,866941 -1,903760 7437
7,999044 1,009438 984
6,758157 1,697186 4288
-0,355786 6,736935 68
5,025233 -1,499624 8341
6,747909 1,431218 9292
3,247362 -0,431872 4612
-0,733180 7,727991 5757
-0,428133 7,341068 5370
8,349912 2,277795 4856
-1,955413 7,648255 5584
-0,866713 6,726517 8663
0,105415 6,843189 2940
4,603802 -1,052177 667
7,150812 1,697230 5327
7,820225 1,981409 9289
3,441964 -0,534365 3491
4,689944 -1,114953 2935
7,983540 1,858718 3975
8,571557 1,774677 4113
4,232001 -1,253199 2454
4,003104 -1,635801 4515
4,153394 -0,543787 6366
3,922153 -2,612733 9689
-1,226768 6,224742 4422
3,888082 -0,867644 7678
3,330455 -2,355497 3383
-1,902841 7,879190 7416
-1,310922 5,864445 4018
-2,200044 6,527837 3864
7,913697 2,589248 7353
7,177523 1,863464 8528
7,289016 1,760385 7061
7,459559 2,422343 3187
8,136169 2,591444 4329
7,648102 2,200133 8166
-0,739588 7,144203 3665
3,669620 -1,259520 3323
5,089838 -0,941496 1325
8,429051 2,401851 6888
3,770241 -1,118025 5772
-0,274719 6,689540 3807
7,026537 2,429450 9073
9,341172 0,805870 6889
3,960783 -1,691520 1444
2,854052 -1,559427 5555
-1,092531 7,029151 1572
0,083630 5,965542 6440
0,064249 7,249342 4252
-0,735180 7,214909 8531
3,656217 -2,243954 959
7,537350 1,649064 4658
3,621368 -1,022453 7892
-0,478119 7,954034 9430
-1,582444 8,237111 762
4,581826 -1,478806 5853
3,992429 -1,493802 7466
3,161791 -1,326083 6765
3,384272 -1,682461 8559
3,569206 -1,265498 775
9,304077 2,074628 9371
3,920976 -2,204900 8621
2,829759 -1,125015 3719
4,284590 -2,718660 5527
3,748481 -2,194798 6928
-1,767315 7,585213 157
2,975101 -1,458921 5084
4,518417 -2,296015 3262
7,475664 2,030259 5824
8,668462 1,602807 4092
-0,010031 6,015527 8443
4,777414 -2,132157 4468
7,046854 1,477510 5572
-0,554818 7,216138 4050
5,301853 -1,576609 2421
4,536688 -1,531329 7232
-0,793169 6,944555 6736
-0,955594 6,152140 7981
4,808488 -1,189389 3341
3,178163 -2,562222 5512
-0,609777 7,142223 9397
3,539621 -2,884880 5566
8,865072 0,916635 4157
-1,699731 5,747023 9863
7,981356 1,389510 7422
-0,168987 6,931954 2709
-0,879508 7,963296 7400
3,412680 -1,931268 9925
6,945456 2,895753 1189
3,452398 -1,205256 8907
8,071779 1,610059 1233
5,006540 -1,693298 9373
7,653408 1,336709 908
8,036537 1,812335 697
7,913674 3,021056 8559
8,067892 2,439487 580
3,764282 -2,147499 1861
8,192466 3,316451 6462
-1,478124 6,164954 5371
4,046990 -2,319557 3022
0,194967 6,124347 6861
4,213283 -1,789048 5495
7,665127 1,995383 8352
7,562461 3,421343 4932
-0,844956 6,732143 3427
3,375092 -1,821510 8579
8,723556 2,222607 8492
8,361308 1,534557 6412
8,998627 2,615698 8258
0,277390 7,022238 7353
7,589962 1,625108 1116
-0,824670 7,202484 87
-1,230998 7,673360 6019
4,341573 -2,170377 4395
4,368742 -0,884207 6946
-1,614487 6,543088 6736
4,342973 -1,535518 2216
3,616002 -2,433313 354
4,266414 -0,798069 6858
-0,673493 7,307711 5615
3,789427 -1,675353 7917
4,367927 -2,611854 9342
-1,914640 6,884172 5049
4,558559 -2,066405 8074
8,287084 2,392592 118
4,533864 -0,953055 6423
-0,222638 6,839076 6531
-0,052402 7,125430 308
8,325729 1,907503 2117
-0,636333 7,809061 2858
8,800721 2,046149 5547
3,746624 -1,692647 8834
3,759517 -2,903541 1459
5,169990 -0,846069 2498
-1,021066 6,380945 8992
3,965025 -0,698263 6852
4,140475 -1,708707 8104
7,445602 1,082645 6632
7,483537 1,038068 1674
-0,635711 6,569930 4479
-0,149442 6,084163 5538
3,149774 -1,888962 7351
-0,626814 6,200409 9005
4,538187 -0,909371 6627
4,067447 -2,189660 9235
4,805845 -1,798737 7523
3,259822 -1,776637 9902
3,776380 -1,803181 3814
8,498526 2,070849 3743
4,524601 -1,499271 4100
8,548495 1,945965 9178
3,153361 -2,403301 9768
7,565452 0,953548 2875
-1,288623 6,458783 4582
5,227211 -0,872013 5583
-2,208750 7,321299 1454
3,160618 -1,246098 4544
5,160808 -1,797964 5724
4,139016 -2,785436 5776
4,381905 -1,011384 2567
8,254801 1,315182 4284
-0,939142 7,474216 7064
7,219908 2,493886 1843
7,327323 1,827045 1818
4,755626 -2,065025 8586
8,097204 1,406865 2997
8,289460 2,249363 3332
8,367209 1,962774 1695
7,425042 2,684948 3621
4,396137 -1,722385 3642
4,573768 -0,402970 4784
-0,806114 6,414273 2081
7,150838 1,296943 5150
8,228066 0,953430 6644
7,778940 0,892917 5636
8,102850 1,994240 6017
4,193985 -2,032100 5379
-1,117016 7,290026 5882
-0,862615 8,022425 3187
9,222969 2,755773 5276
3,910820 -1,422485 4489
-1,022789 6,458683 6907
8,846429 3,393954 3520
3,906957 -1,002289 5546
-1,077617 6,398017 9924
-1,248079 6,855519 9888
-0,592930 6,312380 4207
3,677080 -1,931716 9380
-1,561587 6,497210 1065
-0,850347 6,893768 1202
7,184765 0,976158 583
0,096767 6,920935 3000
-0,775723 6,960533 966
7,097606 3,049342 5304
4,104315 -1,395264 3697
-1,115953 6,255696 2996
4,831812 -0,970176 6181
7,345022 1,662269 5307
-1,189370 7,440410 1979
7,372691 2,316104 1805
4,117794 -1,773238 2918
-0,159858 7,742265 8565
-1,542959 7,340267 5392
-2,108065 7,995139 6773
-1,144507 6,831498 7341
-1,293351 6,580424 5893
7,684443 1,675841 729
8,192212 2,444211 9883
-2,069078 7,460216 5092
8,931441 1,421327 4765
4,961052 -0,968521 8221
-1,917736 6,347986 5803
-1,210081 7,552056 1995
6,770701 1,553121 789
5,147721 -2,130524 4992
6,940486 1,642083 5117
6,913638 0,997476 3271
-0,928558 7,339816 3139
3,705143 -1,154181 8432
7,740275 1,975646 13
3,158508 -1,540894 8661
8,004431 1,593077 2156
8,697752 3,525762 3406
7,945663 1,426627 1637
-0,710050 6,169448 3495
8,117579 1,534329 3510
-0,331061 5,659854 6461
3,550464 -1,889330 6056
6,848982 1,959588 2789
-0,565812 7,278404 226
-1,046591 7,129761 9031
8,055610 1,918347 1626
4,245768 -2,502757 9205
-1,111714 6,250553 4111
-0,497513 7,494508 4037
-0,437513 7,029217 9456
5,377720 -2,332013 8057
7,433559 0,848753 1510
9,410038 2,300505 2978
-0,799488 6,846083 4232
8,180917 1,488840 9868
0,212053 7,570484 2481
7,463256 2,149712 6350
3,347877 -0,854745 9142
4,109717 -0,785594 728
-0,836521 7,514920 9048
8,364207 2,072797 9235
-1,611738 7,114098 3838
-1,291605 6,222789 5758
6,879428 0,862044 5993
7,551361 2,192934 1890
3,275014 -2,168990 1837
7,806894 2,750353 3870
7,840566 2,049820 7451
-2,063570 6,453475 9138
9,043428 1,812254 2124
3,986595 -1,501761 3588
-0,276380 7,182383 3089
8,515011 1,105495 6570
8,727828 2,952826 655
3,070086 -1,005621 5239
3,360075 -2,445059 538
8,508057 1,929459 8545
-1,606177 6,795040 9582
-0,739378 6,877322 3180
8,890198 1,536275 8144
-1,529065 6,572548 419
-0,732626 6,465095 629
-0,062969 6,798218 9039
7,006653 1,745156 946
-0,463060 7,738023 6130
-0,743831 6,908104 6770
-0,444002 7,323097 5581
4,327256 -1,556868 4927
-0,021739 6,742358 2475
4,652875 -1,787798 3236
3,918360 -0,538109 9825
3,265950 -1,433325 2056
4,645873 -1,455215 8612
7,144921 2,762447 2689
8,335411 1,302575 8066
6,881623 3,383748 4287
8,449309 2,302588 7836
-0,346174 7,280860 2179
9,260752 1,868876 952
-2,182293 6,599661 6130
3,442984 -1,715013 9501
0,307015 7,219433 4849
-0,435331 6,368055 1322
8,086573 1,344010 6868
-0,581861 7,387994 1665
-1,758278 6,562733 5905
7,143976 0,837205 3798
4,503347 -1,516245 2168
7,157996 1,985093 5565
4,650760 -2,110368 2976
7,810439 2,566561 8200
-2,271158 6,699988 7765
-1,432899 7,139883 3498
3,412566 -1,399041 258
-1,437044 6,096413 1691
8,512987 2,512889 213
8,227236 2,833786 8106
8,089827 1,711856 6173
7,013873 2,325004 6347
-0,809731 7,124693 351
4,543889 -2,264576 8649
-1,234567 6,750567 193
-1,903115 6,181564 7793
-1,752396 6,454180 2776
8,612251 2,647698 5783
-1,448130 6,204469 1445
-0,319195 7,187456 3516
4,480068 -1,953924 8170
-1,513105 6,892135 9068
4,224756 -2,871906 6729
6,890872 3,118912 8013
4,098908 -2,187637 4313
3,269557 -0,928531 79
-0,399483 7,956924 9557
4,856907 -2,178863 8114
7,581692 1,317641 8934
4,710201 -2,505424 7664
4,345359 -1,604032 5184
-0,979946 7,076374 7226
8,248864 2,378263 9917
7,670251 2,153103 710
5,146656 -2,812120 5915
4,303764 -0,719990 391
0,105072 6,977244 7305
7,870345 1,732969 2941
5,138079 -1,849032 7170
4,326987 -2,357631 4748
7,170051 2,773824 6701
-1,509625 6,813989 5617
-1,051179 6,008042 6742
-0,721179 5,850740 7441
4,149114 -0,235953 4107
3,953586 -0,218882 5029
8,339109 1,984660 9028
7,691201 1,584277 9825
0,056333 7,249144 7160
-0,929919 6,770446 3711
-1,868954 7,642768 8931
7,190203 2,218985 4186
4,782653 -1,084235 4260
8,131329 2,733561 4113
-1,835298 5,853682 4193
-0,203947 6,885395 5209
7,626897 1,842428 9719
-0,906444 6,857488 7416
4,645686 -1,498536 5811
-0,487421 6,513092 7148
8,035253 1,749351 8831
7,834709 1,109946 2491
5,423872 -1,649718 2836
4,455709 -1,636801 3239
0,113742 6,300472 3871
7,246158 2,616191 4221
-0,951911 7,924721 7038
-1,221781 6,480388 8482
7,034647 2,406119 935
7,264993 0,750178 6480
-0,878022 7,456025 1841
7,485316 1,254491 6083
9,038535 2,114162 3090
7,749632 1,988852 1810
8,717918 1,873358 9702
-0,508345 7,294066 9783
8,618292 2,737427 674
8,001952 3,307302 1367
7,614602 1,366730 4514
-1,939029 6,666992 216
7,631256 2,222388 9237
-2,360067 6,162992 6241
6,837638 1,884700 1066
3,712113 -0,843158 9005
8,446387 1,709856 2027
8,102868 2,038906 8111
4,437262 -1,444709 3539
-1,749367 7,757303 4361
0,316934 6,201043 660
5,170537 -1,836341 2692
-0,058668 6,399623 1577
2,829545 -1,373501 5513
8,023790 1,612940 8856
4,266441 -0,541232 1301
-0,779963 6,765382 5754
4,708169 -2,071362 3746
-1,770162 8,108473 3525
7,679753 2,243706 3126
7,921447 1,422616 1922
4,511247 -2,140303 8124
3,995564 -0,550458 8580
-1,628625 6,719951 4256
-1,118182 6,814742 235
0,271759 6,391916 4345
4,222768 -0,235820 781
-0,580674 6,839071 3460
7,997854 2,007336 4260
8,387985 1,923356 2205
7,327255 3,027462 9815
7,709666 1,032020 9668
-1,554010 7,443932 4524
-0,548583 5,759257 8890
-0,825734 6,891818 5322
-0,400732 8,114567 690
-2,067074 7,214406 8622
3,224511 -1,711307 1669
6,697608 2,113163 4537
-0,960402 6,281916 9972
8,693959 1,849404 2166
7,120669 1,320930 329
6,993325 2,384847 6581
4,639949 -2,112112 9577
8,724185 1,897345 3169
6,982622 0,736202 2999
7,914408 1,645017 4507
-1,770914 6,572653 1020
8,872235 2,171553 8449
-0,653451 7,869079 3343
7,704180 1,481822 8956
7,937894 2,050983 5638
3,056068 -1,477544 5906
8,959911 1,006999 8789
6,855912 1,864390 2091
-0,401418 7,343216 7701
8,302828 2,913705 9681
-2,059459 6,373649 7475
8,887326 1,768460 1049
7,829779 1,774892 890
3,898339 -1,367463 7306
4,213957 -0,585549 2966
4,915568 -2,242724 362
8,687843 2,155846 764
4,263189 -1,876216 4708
3,050896 -2,563310 9613
3,210281 -0,596468 5302
4,839727 -0,430321 3860
7,467527 1,501464 5241
7,777467 2,216742 3883
3,548243 -1,839212 1547
5,040712 -1,736355 6182
4,217654 -1,753097 905
8,683724 2,141825 5789
3,803083 -1,463784 2994
-0,621266 7,485447 1987
-0,491797 6,190369 2367
7,332465 1,789718 1660
-0,628538 6,814581 9158
-0,393371 6,903667 5170
-1,217722 6,786033 1467
7,630753 2,987699 9731
8,361399 1,774826 3753
7,445380 1,463086 5215
3,212765 -1,838576 8908
4,817460 -0,990198 878
3,238276 -2,749195 7294
-1,776001 6,936007 2195
7,240033 1,592293 3173
-0,522530 7,409606 9964
-0,629264 5,695334 7956
7,980110 2,102857 9193
4,036984 -1,241464 2194
8,336946 2,029255 8696
8,266254 1,509497 9545
3,306163 -2,308613 4623
3,154676 -1,660813 310
-0,960780 6,326881 4225
3,691503 -1,116459 4861
-0,907740 7,723615 8251
4,096299 -2,553824 265
-1,851478 7,318077 5927
5,485928 -2,317255 3697
8,880714 2,188248 5188
8,523581 2,470031 7212
3,506312 -1,176471 6959
7,431499 1,752735 7582
8,598781 1,543248 2526
-1,609652 6,252681 96
7,303762 1,917215 9694
-0,211961 6,092269 5192
-1,301281 6,097663 5186
0,182940 6,367111 6983
-1,162561 6,035447 2424
4,119592 -1,507895 7838
8,356568 2,730562 2463
7,116677 1,653220 7918
-1,658812 7,114504 6834
-2,015985 7,196599 3815
-1,105768 8,037620 7778
-0,407869 6,787344 7220
7,826440 1,243976 9561
-0,464054 6,151567 5808
3,881597 -1,424226 4517
-2,059535 7,648248 9551
-0,611029 6,572518 3598
7,835745 3,378383 6614
-1,309131 7,765994 5349
4,176993 -1,576822 8016
6,952819 1,937539 7600
7,933821 1,646915 9990
-0,853087 6,933092 7730
8,982523 1,177706 1949
4,671955 -1,827187 38
4,486019 -2,364962 1132
-0,825640 7,108435 907
8,596529 1,768804 5346
5,162367 -2,114547 6207
-1,998957 6,681498 7259
4,257475 -0,735513 8691
-1,213271 6,482789 8990
-0,144364 7,351774 6533
8,635840 2,064644 594
6,850678 1,361018 5713
3,619777 -0,903071 7692
3,119486 -1,629530 6210
4,260729 -1,527654 7642
7,476969 2,542431 5974
-0,115100 6,694467 9080
4,550284 -2,005199 7949
4,080140 -1,725190 343
8,314883 2,584316 2144
5,179850 -1,320611 6791
-0,519894 5,763333 7578
7,818035 1,458134 6335
3,910969 -1,547394 2972
6,857805 1,947684 4582
8,911942 2,957903 1470
8,971661 2,279790 1006
-0,519288 6,687470 5917
3,537709 -1,216855 207
3,330171 -1,585227 1669
4,452977 -1,408407 883
-1,199844 5,497682 9915
8,931084 2,425620 9996
-0,407897 7,391603 5608
5,047138 -0,789502 3679
4,424710 -1,780007 64
5,163056 -1,114115 5240
-0,036488 7,244267 3982
5,245020 -1,381156 2
4,081796 -0,759269 2149
8,376282 1,439427 4406
8,196586 2,389870 732
7,503893 1,589102 4194
7,221341 2,802423 7176
-0,349444 6,438010 8743
-0,975896 6,006586 8690
4,033867 -2,218755 1093
-0,467102 6,830291 7161
6,730195 1,633454 7129
8,460235 1,834868 2510
4,476630 -2,818834 6049
4,043481 -0,512589 6481
4,683095 -1,489891 7160
5,106992 -2,564100 6306
7,153521 1,129099 1865
4,598410 -1,657319 6953
7,508021 0,917725 654
8,718732 2,619257 1056
4,725726 -1,796773 9709
-0,373650 6,313427 6627
3,588096 -1,786253 480
4,605162 -1,742699 5230
-0,733181 6,534719 6089
6,908032 2,568728 2069
-0,198723 6,642533 9737
4,478935 -1,654573 2200
-1,022010 7,316600 579
8,562489 2,919015 3221
6,939496 2,203679 4736
3,539315 -1,579002 7569
8,218849 2,182001 4328
8,248624 2,895830 9494
-1,775851 7,328808 368
3,649442 -2,310420 9380
4,416815 -2,197865 9482
3,816641 -2,036003 9773
9,377382 2,225422 2985
5,045715 -2,438760 152
3,435840 -1,604765 3328
7,786916 2,123105 2714
8,563631 1,506660 1526
8,573067 0,904712 8158
9,006936 0,893191 2777
3,627356 -1,991348 9857
5,154080 -1,868110 4046
3,835370 -1,814704 5522
-0,330531 6,760295 1410
-1,340451 6,615287 6494
3,683666 -1,035243 9994
-0,788380 6,203231 9000
7,589584 1,162763 71
4,806144 -0,977832 7553
-1,352456 6,781734 6087
7,879772 2,944799 1169
4,068419 -2,407303 6664
4,473784 -2,614303 9641
-0,695994 6,219092 7172
4,632703 -1,810817 3110
-1,082090 7,620019 991
3,776979 -1,740399 7082
5,558380 -2,467314 1202
3,583641 -1,735970 2149
8,044811 3,088423 1542
-0,503412 5,747287 3839
5,298696 -1,775098 9314
8,458210 2,921399 1939
-0,763303 6,268077 4091
3,621700 -2,128639 2847
-0,901252 6,012377 3220
3,944081 -1,823681 8144
4,722987 -2,076560 1796
8,826399 3,014902 3694
8,658883 2,665159 7171
6,975115 2,323390 5483
3,288387 -1,400209 8891
8,760845 2,472793 755
7,514831 2,194363 2767
4,265791 -1,437805 8349
8,233338 2,279171 7077
-2,105248 7,117796 8540
3,085414 -1,460047 1409
4,810610 -0,697305 5321
8,145865 1,904905 6810
7,021789 1,791520 1349
3,295714 -1,624461 8518
7,723670 2,517027 7475
-1,762670 7,449781 9752
4,051217 -1,756097 1499
8,761519 2,458528 2038
-0,387102 8,295399 6434
-1,323147 6,630467 2201
6,924769 1,976553 5690
-1,273794 7,010333 1316
-0,524287 7,366554 8721
7,864994 2,472180 746
-0,928269 6,231032 7975
8,142870 2,026261 5594
7,790745 2,190859 8158
7,417573 1,262743 6708
-0,912849 6,852486 9644
8,076763 0,846426 9892
0,171492 7,458800 8910
7,589259 2,743488 4786
3,018089 -0,231715 9032
-0,656702 7,359438 1851
-0,189420 6,704290 2284
0,000351 7,897141 1066
-0,791575 7,702007 271
7,788338 1,950139 4191
8,638890 2,568871 7623
8,974690 2,373489 9508
7,922371 2,166870 4745
7,661513 1,581164 6950
5,235476 -2,109195 4490
8,001936 2,435972 1851
8,186040 2,244237 6913
-0,805940 6,964601 3742
-0,399678 5,951793 7518
3,337548 -1,863405 9258
-1,959853 7,329395 5682
3,282389 -1,799756 7984
7,766782 2,438661 927
-0,139942 7,436773 4232
8,487317 1,001164 760
8,888470 2,046344 8828
2,972142 -1,508558 4957
7,501312 3,030547 4617
-1,172500 6,585638 2488
7,650230 2,119592 7070
7,208412 3,114449 4462
0,179061 7,189592 5128
3,440347 -1,372605 840
-0,540243 7,296098 6682
-2,149425 6,931945 2339
8,956852 2,300479 9998
-0,764871 7,101380 1564
-0,979920 5,682470 5644
-0,315063 8,202887 2891
-0,628592 6,650969 923
-1,043079 7,271482 2047
7,658380 2,554054 7073
-0,485057 7,044867 2749
5,007982 -1,272781 5478
3,912516 -1,320255 5507
4,180264 -1,124268 2212
-1,026629 6,017551 9241
-1,403990 7,535818 3757
4,206658 -0,739718 8057
3,167745 -1,550561 4546
5,316052 -1,939291 2872
8,769016 1,374056 9716
-1,796631 7,544524 921
8,534821 2,541450 8786
8,743285 2,816983 6882
4,316108 -1,149215 2462
4,751508 -2,195941 9101
7,982524 3,063325 7969
4,730937 -1,441565 9263
-1,098793 7,914051 9454
8,073616 2,708380 1552
7,264724 2,297458 1731
8,447802 2,180965 7532
-0,325059 7,837855 7198
8,079264 2,062278 6734
4,461637 -1,884344 6607
8,306714 1,571423 6238
-1,517260 6,138883 6749
-0,549324 7,013190 2104
4,747668 -0,932379 2793
8,655665 2,397872 3945
3,759131 -1,203189 8743
8,199482 2,077584 5268
-2,023378 7,623087 7804
4,674097 -1,831798 9172
8,413951 2,437785 6014
-1,522364 6,734941 4994
6,987267 1,581161 7673
8,292750 2,533743 2916
4,632831 -2,631697 9781
-0,701560 6,441761 1568
-0,343442 7,551166 5009
4,274208 -1,691089 6489
4,665988 -1,954223 9108
-1,829419 5,779035 5362
8,247964 2,319085 347
-1,551339 7,649969 604
3,275103 -1,849659 9425
3,558410 -1,451942 7560
8,311427 3,158181 8403
7,750296 1,908574 8038
-1,617358 6,212416 2341
2,975784 -0,258039 2773
-0,716703 5,846310 7706
7,508591 1,106266 2935
4,170788 -1,819463 2235
2,748200 -1,373306 1927
3,497958 -2,288247 5509
-0,045467 6,704812 201
-1,175330 5,634297 431
8,281793 1,668921 9090
-0,898117 7,539532 6375
8,799925 1,125511 6654
5,148694 -1,996694 5949
-1,003380 6,121052 268
-0,693363 7,552916 9214
4,657897 -1,288067 6698
-0,406883 6,388933 9158
-1,045726 7,156293 2521
-1,091392 7,435601 9556
4,005668 -1,613786 6495
4,390049 -0,773931 9272
3,902438 -0,721747 3727
4,854328 -2,875206 7075
3,529076 -1,244398 4522
7,742142 1,341285 7237
8,326920 2,287766 3969
0,199941 5,487952 2136
-0,907550 6,943094 6984
7,000238 1,838443 2673
3,491299 -2,548920 9854
7,837235 2,083253 2998
4,662322 -2,637914 3085
-0,834087 6,611910 4388
3,426848 -1,976309 1307
4,243581 -2,859554 7898
-0,400115 6,947342 5285
9,166078 2,524738 6360
3,884512 -1,112215 4613
4,485977 -2,296274 8141
3,053492 -0,887141 1557
3,976112 -2,195768 9706
7,840615 2,840181 2304
-1,366383 6,746874 244
4,577615 -1,192656 1109
7,051973 1,816890 3550
4,260112 -2,194676 1254
-0,725556 6,082708 963
-0,574436 6,990668 1512
-0,236645 6,265546 6705
6,996054 2,368398 2597
-0,421578 6,069008 1303
-0,310994 7,098817 1340
3,747305 -0,702861 7392
3,929663 -1,416684 6451
-1,339115 6,775186 2302
8,164837 1,270773 192
4,780691 -1,155132 7202
6,893926 2,789804 1179
8,520629 2,507591 5380
0,046998 6,668204 4629
4,157306 -1,639802 5309
-0,925401 7,647627 6520
-2,141591 7,014559 4966
7,845523 3,437000 4427
-0,065207 5,935433 6138
-0,959862 7,289463 604
-1,071924 6,865085 7032
-0,113944 7,028530 8117
8,523726 3,018936 418
7,908774 1,435855 342
-0,233647 7,893403 4245
8,025353 2,006336 1254
8,221893 3,097558 8336
3,844318 -1,651254 7371
-1,810196 8,013225 6240
7,292042 0,745535 7451
-0,249279 5,854483 7535
7,606011 2,952281 5864
3,735281 -1,067099 569
-1,092970 5,726769 5887
7,715039 2,236264 4246
-1,472033 7,005623 6776
4,279016 -1,474668 5237
4,939837 -2,200008 2397
-0,576401 7,072831 7541
2,805835 -1,443078 9812
-0,772720 6,084240 988
-2,186056 8,009447 1396
8,226979 2,447461 1730
8,185548 1,770429 3295
-0,973033 6,862655 7542
7,267065 2,446420 154
4,115096 -0,889747 7301
-0,720857 7,013919 2658
7,057737 2,137131 606
7,829132 2,964754 5109
-1,422186 8,013834 8736
4,277523 -0,511733 6633
-0,399678 6,925189 621
7,146860 1,593585 9147
-0,805473 7,031980 4169
4,526319 -1,682824 6304
3,585618 -2,593626 5501
8,747040 2,182981 4698
-1,468655 6,014717 4358
8,739135 1,623702 5015
4,723035 -2,151675 4900
4,196964 -1,876467 3637
4,605704 -1,820518 1839
7,810747 2,504747 3112
8,126581 1,419218 4800
7,568574 3,154919 7224
-0,630477 6,382374 2593
-0,957085 7,279829 4913
3,378534 -1,566695 8957
-1,092624 6,820995 4771
-1,028587 7,158509 3539
8,518782 1,605236 29
5,016525 -1,956457 1628
-1,309811 7,673951 9201
8,799305 3,357593 3578
8,243573 2,444217 5473
-1,310949 5,861403 9883
-0,337232 6,242750 6521
4,474319 -1,530108 7981
-0,814739 7,237670 9192
-1,266836 6,878405 2288
3,456439 -1,197738 1451
4,622980 -1,785290 811
6,998941 1,741340 276
-1,698766 6,440052 2412
4,987848 -1,799984 2453
2,906416 -1,711399 8171
4,504429 -2,109107 3799
8,123327 1,571401 6436
3,231201 -1,026603 499
-1,791653 7,458462 4065
-1,028079 7,161474 9169
7,060401 1,977896 5418
8,040510 3,010486 600
-0,369597 5,996696 7081
4,837320 -2,445474 8189
4,663721 -2,233833 4046
-0,738618 7,055969 8995
3,903108 -1,547501 2390
7,824906 3,253227 128
-1,097780 7,738430 2016
3,228724 -1,586860 8222
7,295941 2,663856 5503
3,984482 -2,696365 9222
7,995694 1,573109 7749
-1,455548 7,007914 802
8,900203 2,322822 7475
2,928842 -1,138676 461
4,197567 -1,910652 3511
4,070799 -1,016231 3971
7,952527 2,137942 3657
7,683651 2,343768 657
7,540194 2,736089 3110
4,027908 -1,526735 4015
8,113524 2,770684 6925
8,251823 1,970167 4664
-0,362027 7,510705 694
-1,240476 6,055413 7008
-1,384520 6,862806 5216
4,295871 -1,661674 7376
8,077663 3,203874 4626
-0,964580 7,176866 9059
8,203305 3,158463 2439
-1,355457 7,391940 8485
4,231567 -1,188270 6443
8,028640 2,474674 7655
3,237691 -1,207688 3729
7,821182 1,891529 2396
3,552600 -0,943252 6242
8,783771 2,154565 5229
-1,558255 7,335139 2213
8,321571 2,450489 6935
8,740367 3,223325 9653
0,072487 6,692886 2394
-0,915313 6,003601 4895
-0,073936 6,810958 6806
4,413041 -1,168906 7742
-0,377139 5,653786 1775
5,237892 -1,762128 3167
-0,821759 6,414586 9166
4,472283 -2,309507 2113
-1,245698 7,483990 1563
-1,273245 6,428740 9725
-0,547258 7,864156 3135
-2,099933 7,087622 8374
8,954645 1,549029 2877
-1,461437 6,809062 405
8,753277 2,468427 5098
7,915581 3,180710 5905
-1,908571 5,995060 1138
-0,574274 8,082086 6442
7,828883 2,332574 9940
-1,440020 6,902101 194
-0,656371 5,763422 6008
8,735662 2,979149 9460
8,380989 2,543275 1219
4,571654 -1,949650 4634
-1,370023 7,952047 7855
3,755875 -1,899829 1860
4,540844 -0,648031 1833
4,352573 -1,514972 3192
-1,233635 6,272900 8283
-0,598701 7,423309 5512
8,449698 2,061022 4935
-0,992531 6,711020 9044
4,140494 -2,068573 7294
4,365839 -2,525028 7790
8,679037 2,371874 7973
-0,282489 6,787411 4963
3,810766 -1,982727 971
9,018646 1,358398 9159
3,908708 -0,794656 4348
-1,274866 7,525999 9756
8,607359 2,153345 7113
9,153343 2,738117 7998
-0,152312 7,394055 8729
-0,584163 7,194364 6547
-0,724158 7,339489 7389
7,905337 1,287594 1888
7,522586 1,902742 9419
8,235612 1,340646 1346
3,421100 -2,416890 9809
-1,002481 6,253828 9358
8,990589 3,008588 9356
7,768763 2,696741 190
-0,175693 6,460292 7985
4,056921 -1,497518 6588
3,184021 -1,080210 5635
8,639752 0,811799 6927
8,449145 1,748517 8829
-0,978261 7,223614 3386
7,324242 3,177996 7924
7,060426 2,637723 9607
4,148199 -1,856114 9748
3,711349 -2,043423 5034
7,776421 2,160397 9850
4,099402 -1,961841 2023
3,632806 -1,809768 6181
4,537938 -1,926634 6188
8,027459 2,354767 2706
3,194901 -0,713273 4854
7,548112 2,467763 2080
4,230007 -1,737917 9859
8,920249 2,272315 8694
7,162641 1,047950 8371
-1,398190 7,262825 9681
8,476612 1,755874 6475
4,349159 -2,074907 5313
4,344993 -2,477263 5026
8,055450 1,839700 2602
-1,077918 6,905865 5658
3,697051 -1,887410 9550
3,688957 -1,812160 5463
5,279581 -2,052236 7930
-1,150827 6,698397 2080
3,925002 -0,558120 8085
8,329908 1,696041 2656
3,920096 -2,670519 8911
-1,578133 6,409342 4567
-0,858690 6,145093 72
3,796753 -1,656753 5426
4,174851 -2,136604 5368
-0,541193 7,503394 7231
7,352145 2,117312 3998
-0,755472 7,246596 9186
-0,479808 6,102194 3751
9,424143 2,158678 807
5,425892 -2,747670 4368
7,960732 1,619497 3373
-1,402026 6,461421 2551
8,167801 2,396874 7441
4,664432 -1,247583 6913
-0,638344 7,293148 3728
6,762526 3,433024 5161
5,118391 -1,119773 7349
-1,165218 6,766679 5964
4,609571 -2,128172 266
-0,152568 5,973477 9723
-2,154489 8,061113 6702
4,160441 -1,751766 4186
4,823062 -0,460371 4197
0,026731 7,110613 2420
8,089068 1,508300 7748
7,590271 1,322233 5580
3,075502 -1,572119 7199
3,934342 -2,042588 9632
8,879372 1,637904 9838
5,257973 -2,132070 1617
3,849116 -2,610692 282
5,323629 -2,794534 1046
-0,528647 6,924955 7841
3,014954 -1,532692 9513
-1,324697 7,207537 2755
5,324766 -2,461315 3645
7,860866 2,340456 105
3,979649 -1,583033 4297
-0,270511 7,340249 9781
8,945170 1,887121 8243
5,266607 -1,946156 2230
8,939270 1,522136 9016
7,750731 2,351744 6516
4,233077 -1,168778 3131
4,196895 -1,673661 6436
8,363548 2,413283 9666
-1,210629 6,843403 8934
-0,782039 6,265736 1920
3,838937 -1,608027 4959
4,437085 -1,503165 647
-0,167581 6,843727 6661
9,261421 2,862840 6236
8,752493 0,829044 7005
-0,730843 7,073376 6395
4,822953 -2,058233 4134
-1,320406 6,821350 921
8,049622 1,504126 2328
-0,751183 6,644350 338
7,530540 2,115360 8561
-0,391541 6,559203 1347
-0,763261 6,950882 313
7,228158 1,885557 6028
5,290621 -1,632793 1535
-1,039985 6,628640 234
-0,429154 7,156488 6284
4,322904 -2,692661 7215
7,411150 2,915418 8020
9,107440 2,049629 7536
-0,779439 7,781303 5956
3,703701 -1,775267 2988
5,038906 -1,413731 7481
5,539203 -2,212927 4970
-1,682294 7,717135 9526
4,945443 -0,809524 2884
-0,634620 8,075427 1653
4,426625 -1,216515 9430
-2,059133 6,975762 841
7,742180 1,457300 3717
7,614306 2,265062 5105
-1,333658 7,314748 9956
4,510121 -0,429709 3790
8,597622 1,290829 2174
6,723671 2,740516 2030
-0,898818 7,145961 463
7,786771 3,135165 4454
7,677685 2,568133 7933
8,247207 2,143734 1581
3,326813 -1,116739 7294
-0,893298 6,695878 9579
-0,462993 7,378006 2486
7,548434 0,938627 4773
3,456362 -0,777003 7606
5,017848 -1,511999 6488
7,967859 2,350194 17
5,114946 -2,528685 8665
7,234390 3,225375 5694
-1,870901 7,477085 7521
-0,983666 6,893171 2228
4,926922 -2,788865 6944
0,068736 7,586407 7082
3,897221 -1,203700 3454
-0,988608 6,815567 6610
8,482685 2,498748 8475
-0,607795 7,205544 8970
-0,662563 7,057308 7399
-0,097179 5,967049 1936
7,886501 1,941394 7227
8,159654 2,609969 2771
5,148074 -0,484316 3584
-0,082349 7,068206 985
8,251310 2,064826 1331
4,526676 -1,689247 8166
5,144798 -1,554244 4325
4,046788 -2,087771 7947
-0,810949 7,298194 7948
-1,383042 6,622454 7801
-0,519084 6,949205 5632
3,489655 -1,964435 5313
-0,282702 8,309894 4944
6,786234 2,927686 9237
-1,416135 6,099807 5358
7,422451 1,565396 1802
3,915360 -1,252720 2581
-0,200774 6,149429 3699
7,599321 1,876580 5748
3,584719 -1,562203 3509
7,923287 1,354101 6903
-0,596438 5,883520 8665
8,756457 1,540926 6490
-1,857783 7,240051 4531
-1,095510 6,487455 2373
4,571452 -2,071022 9888
3,692242 -2,153401 6214
-2,057598 6,213575 8857
3,636750 -2,498056 8717
8,034761 1,617874 4112
7,410173 2,657708 4994
3,922629 -0,334087 452
0,338304 8,240259 5819
8,512708 2,639937 5103
7,596339 1,530634 8160
9,345171 2,141045 5680
-0,830704 7,049433 2842
-0,402091 6,185173 2243
8,100856 2,734643 7283
4,257396 -0,722893 6150
8,305408 2,670273 6018
-0,298138 7,675850 1841
7,072157 2,525943 688
-0,913408 7,452372 3944
8,481690 1,157529 8503
-1,875094 6,401743 4606
-1,082363 7,819840 5983
-0,768186 6,687112 7746
-0,364751 7,226013 8846
-0,589163 6,482022 4934
3,980765 -2,535032 535
8,737515 1,717891 9952
8,992950 1,959822 8490
-0,800705 6,721655 9771
-0,813571 7,075039 1536
7,135812 2,588667 4580
4,175901 -1,882215 4707
8,625103 1,810381 5693
6,852821 2,288673 9012
3,618495 -0,276932 7193
4,752560 -1,201816 8925
7,542542 2,478316 5946
-1,089079 7,238185 5164
7,628073 1,146882 278
8,461239 1,399549 5804
4,043262 -1,451360 6480
0,210632 6,017879 4991
3,844142 -1,010449 1269
7,693542 3,281703 7663
-1,490966 6,972157 6863
3,847353 -2,466544 3931
-2,033868 6,720205 8040
4,669468 -2,787482 2592
-0,262566 7,399552 6772
-0,991371 6,222035 4726
4,881095 -1,285594 7509
-0,714284 6,787439 2917
-0,364391 6,995688 9103
5,064499 -1,377155 7675
8,153287 2,558356 9958
5,627091 -1,624182 2294
7,615422 2,718671 7676
-1,568014 7,182250 6423
-1,415115 6,677484 8757
-1,154604 6,818039 637
7,829066 2,595711 6443
-1,295218 7,077744 3696
7,821217 2,186278 1064
-0,928347 6,624002 1816
-0,443320 5,986858 5006
-1,335869 6,331058 158
8,701964 1,564126 4907
-0,523149 6,905775 4552
8,189607 1,163869 5276
4,844530 -0,672496 8876
8,438501 2,961093 8951
4,513940 -1,142869 2534
7,308875 0,781656 2304
0,240672 6,811275 8279
8,590917 2,813773 9863
8,685090 2,091059 7368
4,766440 -2,979259 5172
-1,210027 7,084706 2075
4,201285 -2,150903 7584
-1,069442 7,220687 7202
8,497320 2,046812 1647
-1,575441 7,842660 1635
4,382977 -2,047610 7768
8,179952 2,161482 587
-1,380192 6,832900 9124
-1,096275 7,022530 4172
-1,095138 6,621555 7562
7,342702 2,574308 6501
7,276355 2,197723 2953
8,929870 2,767755 3117
-1,867174 7,060192 8572
7,447182 2,042911 9791
7,026231 0,654091 3064
3,878354 -1,488606 1880
-0,392635 6,583397 7414
7,752895 2,602932 4241
7,885927 2,067143 6620
0,144035 7,678314 3658
8,026909 1,046755 4394
4,437699 -1,483301 99
8,221363 2,083275 4601
-0,808591 6,800057 6067
8,796188 1,276054 5906
3,575084 -1,729676 2249
-0,540796 7,288115 9905
-0,536056 6,819359 1972
4,766216 -0,611508 9138
-0,989685 6,444558 9720
-1,495053 6,419659 7933
8,741847 3,223818 614
4,499128 -2,180735 2078
7,133718 1,132749 3078
3,968166 -0,740243 9253
9,047197 2,134329 145
-2,164110 6,625699 7480
8,342343 2,426990 3166
7,449721 1,204693 7878
4,068498 -2,797706 2043
4,443044 -2,261195 448
8,711562 2,065981 1990
-1,918237 6,659207 7656
-1,282418 7,076824 665
-0,116668 6,032876 5143
-2,050238 7,203175 7707
5,172050 -1,441655 9020
3,003796 -0,933926 4848
7,941650 1,923434 5118
5,084880 -1,234292 2362
-0,889141 6,597693 2525
4,174437 -1,509282 8687
3,792026 -1,191823 646
8,546921 1,237618 7483
5,008047 -1,818403 726
7,232279 3,064398 8157
4,294326 -1,923814 9600
7,315232 2,224724 900
3,672823 -2,155954 1881
8,047734 2,322946 954
-1,954990 6,876348 9231
8,907784 1,417385 4447
8,100221 1,297696 2619
8,199193 1,190343 753
8,538707 1,139061 1742
4,711080 -1,854898 5819
8,085239 2,192298 8903
-1,821970 6,523312 113
-0,134380 7,511436 4375
4,368593 -2,782223 7393
8,063339 2,400327 1029
7,161312 3,252267 109
-0,977134 7,282104 9418
8,336030 2,875569 8504
5,110780 -0,386691 2699
4,529464 -1,324956 167
-0,610430 5,938517 9657
8,098659 2,036469 1007
-0,512794 6,503740 7307
7,285366 2,022865 9811
-1,701236 5,930771 444
3,754755 -0,712091 9474
8,582195 1,348086 375
-0,059367 6,088561 4636
8,602129 1,742135 2894
4,205593 -2,487504 2389
-1,119546 6,247133 8563
8,001660 1,229909 9548
7,514001 1,609780 6571
-0,835952 6,473019 9560
8,765167 1,971115 95
4,673027 -1,409804 7322
3,452399 -1,540127 7972
8,478862 1,968391 6723
5,195166 -2,513786 8833
3,853100 -1,937055 6142
0,066516 7,290579 6061
-1,722439 6,576740 9249
7,503911 2,150504 9771
6,970444 2,009359 880
7,528833 3,039134 2011
7,309847 1,965051 9656
7,826629 1,043128 4175
-1,503405 6,809329 9542
4,509131 -2,757113 6473
3,197922 -1,712670 7915
-0,491284 6,723754 6837
-0,832691 7,921833 8345
-1,613441 7,591118 2324
-0,622370 5,812225 5981
3,764254 -1,677117 3683
4,142885 -1,883103 2183
4,186523 -2,876468 4912
7,659971 1,484439 4949
4,550273 -2,308754 3768
4,524925 -1,561049 7265
8,945244 1,700705 2255
4,969354 -1,123695 5532
4,018552 -1,400341 2108
-0,269359 6,478018 3011
-0,696251 6,307270 2815
4,217039 -2,275967 1248
3,298705 -1,346344 2233
-1,018886 6,321347 2371
-0,815625 7,152712 7210
7,784163 2,772824 2087
-0,834007 6,466841 2569
3,955790 -1,243985 9892
3,708223 -1,715573 4424
5,276814 -1,136138 9617
4,630257 -0,650313 2848
5,115671 -2,404220 7357
-0,231597 7,703005 5008
4,052429 -1,412320 8241
6,898053 2,086048 120
7,891080 1,931815 1763
-0,313353 6,554075 9878
4,499610 -2,099135 541
8,125558 1,904844 4690
4,242793 -0,794718 9116
-2,005785 6,302122 4621
-1,656557 7,864886 7747
3,693959 -1,503148 7141
4,131190 -0,630360 453
-1,199208 7,262663 9372
-0,649072 5,912207 909
8,721067 1,905392 4435
9,102208 2,379333 4060
8,228623 2,698185 6917
0,246974 7,600729 6278
6,911758 1,275151 9139
4,502399 -2,678641 8779
8,341849 2,008334 8785
8,587861 2,311049 7028
8,505669 2,013401 5999
-1,680295 6,567780 2386
4,303485 -1,330116 7927
4,455499 -2,642034 388
-0,587342 5,833542 3344
7,982983 0,967878 3511
-1,581013 6,527186 5736
-0,253866 7,612657 9897
8,249786 1,994821 9102
3,339874 -2,675517 6474
4,113776 -2,619597 4248
7,590486 2,232083 5694
8,664772 1,989620 5825
8,636456 1,147209 9524
3,446948 -2,790035 3448
8,328546 2,607464 2317
-0,764106 7,260470 3232
-0,046363 7,563948 5950
-1,325996 6,767465 8374
8,077903 1,675965 6472
8,367675 2,434528 7138
4,132318 -2,010425 9699
-0,371316 6,381674 9831
4,604739 -2,237145 7966
9,516711 1,826433 1729
-2,140401 7,421981 2966
-0,428610 6,444000 7373
8,128148 2,556989 8431
4,771502 -2,563506 8948
8,381762 1,133558 1392
-1,215343 7,572775 7930
4,934354 -1,305809 7256
-1,573561 6,315908 2304
-1,369748 6,903426 4874
8,536685 3,039687 2225
3,709843 -1,547221 1042
7,565890 1,104770 4774
-0,873554 6,572664 9134
-0,783573 7,843759 5307
-1,512234 8,163399 1965
7,514093 3,002459 3988
-0,707049 7,471114 2847
4,288315 -2,725948 5142
8,693501 2,301977 1021
8,800210 1,813482 7523
0,065000 7,546688 545
-1,312800 6,995782 2070
0,182401 7,036337 6320
4,516458 -1,146907 7909
6,820777 2,701573 9116
3,946511 -1,663990 9558
-1,290481 7,617815 6432
-0,322405 6,736966 3798
8,768082 3,211153 5082
-0,437943 7,673239 7220
8,233059 2,227131 9378
7,833631 2,096252 6594
7,672972 1,821832 5164
-1,544069 6,171348 2740
7,927842 1,861789 7873
3,078290 -1,573945 9730
6,778837 2,725564 8173
-1,622467 6,357423 3797
-0,400679 7,256785 423
-1,872467 5,668201 1431
-0,264639 7,837286 5164
7,812750 2,442249 8824
7,868944 1,667899 946
9,006149 2,895022 8684
-0,697639 6,350809 1420
4,057748 -0,791119 7109
-0,192496 6,995493 6256
-0,332750 6,652148 6824
8,206543 2,388384 7917
4,055606 -0,901750 8089
7,885051 3,223017 7449
7,233623 2,577020 3660
7,234025 2,208588 8074
3,607749 -2,490582 5764
2,771922 -1,377868 4420
8,170374 2,259324 3961
0,207417 8,262209 7860
-0,824807 5,746706 1592
6,881396 2,438177 2272
4,720973 -1,129031 3784
0,036502 7,210562 9561
-1,705819 7,289160 7643
4,452154 -1,697635 1175
7,590442 3,169954 2608
4,496709 -2,297560 9268
-1,100051 7,018196 8535
-0,967216 7,244025 8245
3,564383 -0,961395 7517
4,345039 -1,909014 654
9,018630 2,750626 7382
8,783596 2,646610 6860
-1,168262 6,539109 966
4,722448 -2,447351 9141
-0,628219 7,465084 3135
8,256795 1,961567 1208
8,367819 3,311923 9775
8,632504 1,924606 4229
6,893512 2,057650 6274
4,445284 -2,396381 9830
-0,309041 6,686883 4686
8,243552 1,508187 968
7,943586 2,621251 1931
8,257615 2,982630 6656
-1,808027 7,734184 4968
4,634647 -1,941081 7443
7,891069 1,895639 5147
4,542638 -2,316985 803
8,391647 1,527471 531
3,951249 -3,057803 180
4,753876 -2,439963 3801
7,788560 2,411845 9371
8,805173 2,156840 8078
-0,194628 6,201340 5553
3,666988 -2,206986 8354
-0,846420 6,939964 1668
4,434874 -0,798224 6667
8,192806 1,907190 7833
7,425103 1,799149 3529
8,247664 3,107262 815
6,973954 2,144531 4034
0,250142 6,525279 3202
0,273809 7,638190 2463
4,770263 -1,694369 4679
-0,674809 7,154975 976
7,334933 2,261490 7447
-0,809955 6,121972 8371
8,390153 2,066953 1380
-1,466804 6,487486 4094
-1,077408 7,463000 3051
7,880472 2,312526 3429
-1,570571 6,064701 5636
7,903427 2,267641 7985
2,915152 -2,855796 1211
4,358757 -2,234020 8602
8,540730 2,705997 1900
-1,764803 5,827266 3122
8,467121 1,461314 6523
4,228834 -1,012933 539
8,630907 1,551303 4953
4,966807 -2,293215 6075
-0,510894 6,420318 1615
3,436869 -1,662929 9801
4,313371 -1,497928 6127
4,967283 -2,069476 7305
-1,969782 6,738621 4351
0,020544 6,605263 2615
8,110068 2,239661 7654
-1,352475 6,861299 9360
4,789797 -0,778587 6788
3,120629 -2,152913 9530
0,204653 6,861193 8946
-0,488431 6,846879 1325
-0,447672 7,875938 5452
-0,971691 6,457880 7359
4,491779 -2,274246 2813
-0,078214 6,914644 8028
-0,759730 5,508696 2848
5,143470 -1,358165 2113
3,625732 -1,586377 98
-1,391720 6,027396 6736
8,415611 1,616033 9247
7,664849 2,836827 4539
-0,729901 6,852492 7449
7,955376 1,352138 6237
4,470385 -2,116339 5808
3,788916 -2,216098 7382
3,663008 -2,165982 3817
-0,757851 6,630928 4496
7,904687 2,812702 8098
0,261644 7,411726 3052
5,084471 -2,602158 4774
-0,151346 6,484607 508
-1,086658 7,418500 6315
9,293319 2,571735 8773
4,572508 -1,879572 7989
8,522934 3,168452 4758
4,632985 -1,708729 6581
3,062096 -1,167577 9434
2,813590 -0,868748 647
-1,849110 6,369737 1626
0,153881 6,410123 3171
7,224549 1,708181 3663
3,656973 -1,751324 7116
-0,648088 6,712369 9329
7,822141 1,430834 569
4,464030 -1,473112 7496
4,505155 -1,708856 4625
-0,413718 6,303927 2414
-1,835738 7,408855 4517
5,184301 -1,953445 3624
5,275077 -1,060953 9937
-1,721354 7,795013 369
8,954475 1,211232 1917
4,391519 -1,016604 6111
7,646619 2,063072 2022
-1,251348 7,159048 3208
5,078432 -0,986529 5720
9,071561 1,161279 7319
4,203875 -0,940516 6949
7,377777 1,399706 6736
4,087524 -1,650610 8366
4,830278 -1,799692 9044
4,471123 -1,753355 2650
3,468422 -0,960219 9523
8,263885 2,962072 951
7,426607 2,081039 9664
7,842254 2,392408 708
3,977137 -0,940729 1784
-0,729634 6,946349 5013
2,827006 -1,557941 3262
7,309328 2,930123 1751
7,981448 1,301688 6181
7,854970 1,938496 2169
9,081196 2,118612 7741
7,376642 2,473030 3635
8,267444 1,251601 2203
-0,385722 6,953075 3686
4,215505 -2,058004 9438
4,027048 -1,510060 429
3,993059 -1,207153 6113
8,912274 1,508918 4292
7,816791 2,246375 130
4,740867 -1,712982 5958
3,346702 -1,993326 342
4,030876 -2,064584 6391
-0,554512 6,678086 3547
8,515355 1,928815 9917
8,813915 2,275141 2059
-1,313189 6,458312 2969
3,978216 -0,779612 4695
4,139000 -2,136447 2061
-0,920551 7,204430 8620
-1,043127 7,053663 1693
3,694829 -1,497258 6390
0,014266 6,496011 4532
5,512490 -0,870926 8046
-1,044494 7,772214 6833
0,000006 6,900936 9711
4,543283 -1,386403 2155
4,880017 -2,516683 7500
4,528214 -0,696007 7346
4,134271 -1,807143 547
3,806862 -1,454813 5246
5,066885 -1,518924 6813
4,166151 -1,862293 1296
4,765595 -0,793843 6531
-1,032084 7,946097 1201
8,365908 2,902492 4220
8,077287 2,493311 7693
4,336995 -1,483399 2755
7,917819 2,265927 3066
7,856402 3,383463 8509
3,329398 -0,908433 8598
5,264850 -0,600282 6996
4,520696 -1,201731 8619
-2,306663 7,454509 496
-0,992398 6,934226 7718
8,089197 0,824082 7989
8,427482 2,064998 6322
9,083771 2,588408 5870
-0,303955 6,014475 982
4,736903 -2,051699 8119
-1,977329 8,115745 8686
7,127531 2,091162 7212
8,352402 1,314442 4478
-0,234753 6,966601 2757
8,404004 1,552824 5641
5,028496 -1,018385 8337
4,268622 -1,649048 9832
-1,075646 5,976641 2956
3,390117 -1,837881 9953
5,563464 -0,805753 7783
5,438172 -0,888204 1887
0,351812 7,870673 9640
-0,111015 6,559754 9598
3,209690 -0,482088 5298
5,277389 -2,157575 4848
7,093555 2,070569 9671
8,485136 2,486823 9151
7,739396 1,983915 1577
9,140927 1,973657 8290
9,153994 1,685841 3317
8,283666 1,536328 6239
7,804971 1,644818 2812
7,736461 2,126642 5328
7,708433 2,981537 1756
7,549865 2,540529 382
-1,899827 7,033747 5066
3,664865 -1,690987 5214
0,189119 6,311070 6705
3,656497 -1,340503 4407
9,228425 1,992965 8136
7,490938 3,015916 5308
5,108568 -1,245854 6508
8,792012 2,138439 6672
3,384622 -1,929613 5648
4,247582 -1,425668 1806
7,741197 1,914603 2473
4,221321 -2,023090 4031
4,569240 -1,346544 9696
6,888999 2,358083 1008
-1,265298 7,013558 6802
-0,525505 7,019780 9174
3,632623 -0,490274 6948
7,768454 2,150234 3803
-1,931499 6,268180 6087
4,886905 -2,707956 5396
4,274269 -1,371455 544
7,291297 2,656216 2998
-0,844031 7,041489 7179
-0,411109 6,827042 1110
4,277549 -2,289496 758
-2,227820 5,874801 1251
7,547174 2,883589 7551
3,969288 -1,368062 3566
3,727530 -1,449405 3460
-1,033199 6,124070 1708
-0,585994 6,319648 1579
3,000796 -0,507977 9151
4,458374 -2,932701 1267
-1,087387 6,334149 9648
-0,952790 7,782119 7187
8,599685 1,883723 3713
4,132445 -2,351831 4513
-0,136953 6,489214 6230
4,799218 -1,559556 629
7,885158 3,094375 2027
7,940600 2,288706 1373
-0,813195 8,164538 3253
